플랫폼,스트리머,포인트,최고 시청자 순위,평균 시청자 순위,뷰어십 순위,방송시간,최고시청자,평균시청자,뷰어십
SOOP,봉준,1,1,1,1,16.8,49722,25507.589285714286,428527.5
SOOP,김민교.,2,2,2,2,17.2,23215,15130.377906976744,260242.5
SOOP,이상호,3,3,3,3,16.5,19249,10602.448484848484,174940.4
SOOP,owesports,5.8,7,7,4,19.2,6745,4779.364583333333,91763.8
SOOP,항상#킴성태,6.4,4,5,9,7.8,9185,5966.333333333333,46537.4
치지직,아오쿠모 린,11.6,8,8,17,6.3,5927,4689.079365079365,29541.2
SOOP,남순,11.8,9,10,15,9.4,5222,3872.5425531914893,36401.9
SOOP,저라뎃,13.4,13,13,14,16.5,3791,2348.169696969697,38744.8
SOOP,이지상:),13.6,16,21,5,43.8,3044,1563.8013698630136,68494.5
SOOP,깨박이깨박이,13.8,11,22,7,32.5,4676,1556.753846153846,50594.5
치지직,아카네 리제,14,10,9,21,5.2,4755,4041.480769230769,21015.7
SOOP,하리미★ミ,15.2,6,6,29,2.9,6874,5442.724137931034,15783.9
치지직,소우릎,17.8,25,24,8,36.7,2329,1308.7711171662124,48031.9
SOOP,타요*,19.4,5,4,42,1.3,7232,7012.461538461538,9116.2
치지직,실프,20.2,29,30,6,56.2,1789,971.0480427046264,54572.9
SOOP,오아,20.4,28,25,12,35.2,2148,1242.2244318181818,43726.3
치지직,다주,20.6,21,19,22,10.1,2744,1910.90099009901,19300.1
치지직,울프,22.4,20,23,23,12.5,2778,1519.472,18993.4
치지직,룩삼,22.4,22,17,28,8,2517,1983.7375,15869.9
치지직,강지,23,19,16,32,6.9,2888,2117.623188405797,14611.6
SOOP,악어∀,24.8,12,29,27,15.2,4429,1044.6907894736842,15879.3
SOOP,임아니,27.6,30,43,11,60.3,1683,755.1077943615257,45533
SOOP,피넛ㅁ,28,14,14,49,3.7,3413,2206.5135135135133,8164.1
SOOP,수피,28.6,37,28,25,16.5,1465,1047.878787878788,17290
치지직,서넹,29,35,45,10,61.9,1530,740.4281098546041,45832.5
치지직,러너,29.8,17,18,48,4.3,2899,1942.5116279069769,8352.8
SOOP,깐숙,30.2,39,32,24,18.4,1406,953.9565217391304,17552.8
SOOP,강만식,30.8,26,51,13,66.1,2316,659.6686838124054,43604.1
치지직,마뫄,31.2,42,31,26,16.8,1255,970.3392857142857,16301.7
SOOP,감블러,31.6,44,39,18,34.4,1204,778.7093023255813,26787.6
SOOP,일루전_,33.4,23,53,19,42.3,2374,632.4822695035461,26754
SOOP,비챤,33.4,15,11,65,2,3117,2830.35,5660.7
SOOP,도현ツ,34.4,40,50,16,44.3,1401,674.431151241535,29877.3
치지직,빅헤드,34.6,33,27,43,8.5,1548,1057.6823529411765,8990.3
치지직,하나코 나나,35.6,18,12,68,2,2897,2661.7,5323.4
치지직,플레임,37.6,34,33,44,9.7,1545,924.1546391752578,8964.3
치지직,꼴랑이,37.8,27,20,61,3.6,2269,1718.5277777777778,6186.7
치지직,치킨쿤,38.6,43,41,34,17.8,1243,770.2303370786517,13710.1
SOOP,안녕수야,39,31,47,35,18,1602,688.3277777777778,12389.9
치지직,너불,39.2,38,40,39,13,1418,774.0230769230769,10062.3
치지직,유즈하 리코,41.2,24,15,76,1.9,2369,2170.0526315789475,4123.1
SOOP,쪼낙,44,32,64,30,31.1,1586,497.0032154340836,15456.8
SOOP,키마,46,36,34,63,6.6,1502,906.2575757575758,5981.3
SOOP,EscA_에스카,50,54,67,31,32.6,999,467.96625766871165,15255.7
SOOP,˚다누리,50.6,45,52,52,11.3,1171,658.3982300884956,7439.9
치지직,0영듀0,51.6,48,36,69,6,1090,879.6,5277.6
SOOP,중력∀,51.8,67,60,36,23.1,806,533.030303030303,12313
치지직,이샤 ISHA,54,46,35,77,4.5,1137,902.4666666666667,4061.1
SOOP,나는상윤,55,69,63,40,20.1,732,500.48258706467664,10059.7
치지직,채현찌,56.6,41,46,75,5.8,1274,727.5344827586207,4219.7
SOOP,“클로이”,57.6,60,76,38,30.1,895,363.0830564784053,10928.8
SOOP,양도끼,57.8,59,42,73,6,898,757.6333333333333,4545.8
SOOP,조디악악악,59.6,82,88,20,80.7,596,311.5724907063197,25143.9
SOOP,천양,62.2,55,49,79,5.4,980,683.2592592592592,3689.6
SOOP,나나문,62.4,72,70,50,18.3,663,417.08743169398906,7632.7
SOOP,데스해머쵸로,62.6,51,59,72,8.6,1051,546.9069767441861,4703.4
SOOP,스맵임,63.4,49,44,90,3.7,1087,753.3243243243244,2787.3
SOOP,뽀린걸,63.4,75,80,41,26.2,649,357.87404580152673,9376.3
SOOP,학살~,64.4,52,98,37,42.1,1049,278.8456057007126,11739.4
SOOP,김된모!,66.2,79,75,51,20.6,615,363.373786407767,7485.5
치지직,담유이,66.4,62,81,54,20,886,354.33,7086.6
씨미,Hebi,67,47,26,118,1.5,1130,1089.2,1633.8
SOOP,태영♥,67.6,64,54,83,5.1,860,616.3921568627451,3143.6
치지직,디디디용,68.6,53,57,88,5.1,1031,570.2156862745098,2908.1
SOOP,[JS]박퍼니,69.8,63,38,105,2.4,866,780,1872
SOOP,아이치,70.6,65,66,78,7.7,857,482.6623376623377,3716.5
치지직,멋사,71,57,58,91,5,913,551.72,2758.6
치지직,이선생,71.6,102,95,33,49.5,450,288,14256
치지직,임나은,71.6,84,84,53,21.7,584,335.98617511520735,7290.9
SOOP,김진솔,74.8,50,117,45,45,1072,194.77555555555554,8764.9
치지직,선데이1,75.2,70,106,47,34.7,726,243.0893371757925,8435.2
치지직,shu1,75.6,78,79,71,13.6,618,358.93382352941177,4881.5
치지직,인간젤리,76.4,68,56,101,3.5,763,574.6857142857143,2011.4
SOOP,바밍_,78.6,97,102,46,33.5,466,261.13432835820896,8748
SOOP,하루묭.,78.8,66,100,64,21.6,818,266.9166666666667,5765.4
SOOP,연초록♪,79.8,71,68,96,5.6,692,436.2142857142857,2442.8
SOOP,지붕위소희,81,77,69,95,5.8,635,429.4310344827586,2490.7
치지직,박홍시1,81.2,76,65,100,4.2,645,495.07142857142856,2079.3
치지직,핑맨,85,61,48,134,1.9,888,685.1578947368421,1301.8
SOOP,견자희,85.6,80,82,92,8,608,341.0625,2728.5
치지직,쪼낙,85.8,103,93,70,17.5,449,296.01714285714286,5180.3
SOOP,디임,87.6,94,78,94,7.1,478,360.6619718309859,2560.7
SOOP,애교용,87.8,101,110,59,26.5,451,234.19622641509434,6206.2
SOOP,한남맛종욱,88.6,93,119,56,36.2,483,186.48618784530387,6750.8
SOOP,앵지,89.4,105,104,67,21.9,434,245.8310502283105,5383.7
치지직,바이올렛잇고,89.8,99,77,98,6.1,462,361.8360655737705,2207.2
SOOP,상어녀,90.4,96,112,66,24.9,467,222.51807228915663,5540.7
SOOP,빅토리~!,90.4,86,97,86,10.6,551,279.50943396226415,2962.8
SOOP,뮤즈_MUSE,90.6,81,126,60,36.9,598,167.8048780487805,6192
치지직,설백,92.2,89,83,103,5.7,544,338.7894736842105,1931.1
치지직,볼가지 bug,95,129,118,55,36.4,286,190.50274725274724,6934.3
SOOP,쿠우♪,95.4,85,86,110,5.4,582,326.27777777777777,1761.9
치지직,주루,96,94,136,57,42.3,478,155.83924349881798,6592
치지직,RIOORI 리우리,96.8,90,72,125,3.5,540,411.2857142857143,1439.5
SOOP,파니_,97,107,131,58,40.6,413,161.93103448275863,6574.4
치지직,윤산삼,99,121,125,62,35.7,324,172.05042016806723,6142.2
치지직,에땁01,99,113,111,80,15.8,371,231.41772151898735,3656.4
SOOP,러아♡,100,56,37,185,0.9,924,808.3333333333334,727.5
치지직,짜누1,102.2,91,123,87,16.4,536,179.53048780487805,2944.3
치지직,양아지,102.8,74,55,165,1.4,651,611.0714285714286,855.5
치지직,Stalk3r,103,87,62,152,2,549,505.05,1010.1
SOOP,마이곰이_,103,83,61,155,1.9,586,518.0526315789474,984.3
SOOP,모카:b,105.8,111,128,81,21.5,381,162.3953488372093,3491.5
SOOP,진성준짱,106.6,115,135,74,28.6,354,156.33916083916083,4471.3
치지직,Akaros83,108,120,103,107,7.1,326,254.5211267605634,1807.1
치지직,눈꽃,108.4,112,113,102,8.9,373,218.96629213483146,1948.8
치지직,김똘복,109.2,88,71,158,2.3,548,412.4782608695652,948.7
SOOP,우리밍_,111.6,106,107,119,6.7,421,242.9402985074627,1627.7
SOOP,또해영♥,112.8,92,73,163,2.2,495,391.90909090909093,862.2
치지직,ㅇ연이ㅇ,113.2,108,101,128,5.3,399,264.1320754716981,1399.9
SOOP,냥냥두둥,113.2,58,108,146,4.5,899,239.04444444444445,1075.7
SOOP,빙밍_,116.6,121,120,111,9.3,324,186.30107526881721,1732.6
SOOP,수힛,117.8,109,141,99,14.9,396,140.6510067114094,2095.7
치지직,꽃핀,118,100,89,156,3.1,458,310.19354838709677,961.6
SOOP,유시에,119.2,134,134,97,15,262,157.76,2366.4
치지직,삐부,122.4,104,74,180,1.9,435,389.7368421052632,740.5
치지직,냐 미 Nyami,122.8,126,132,112,10.6,311,161.1320754716981,1708
치지직,용봉탕,126,148,157,84,29.3,190,104.32423208191126,3056.7
SOOP,빵지니♥,126.4,136,121,127,7.8,260,181.25641025641025,1413.8
SOOP,민서율♡,128.4,118,96,166,3,350,284.73333333333335,854.2
치지직,초롱 CH0R0NG,129.8,117,91,175,2.6,352,298.96153846153845,777.3
치지직,일루전입니다,131,151,159,93,25.2,187,103.0436507936508,2596.7
SOOP,토끼예나,131.4,121,133,135,8,324,159.175,1273.4
SOOP,으냉이,132.8,110,94,183,2.5,391,292.8,732
SOOP,키이세,135,119,109,169,3.5,327,235.97142857142856,825.9
SOOP,히댕,136,152,149,115,14.6,180,112.86301369863014,1647.8
SOOP,라로시_,137.6,140,143,131,9.6,242,138.75,1332
SOOP,떵규_,138,162,151,113,15.3,160,109.34640522875817,1673
치지직,김덕만 KDM,138.4,130,137,144,7,276,155.4142857142857,1087.9
치지직,펠리칸인디용,138.8,144,169,106,20,199,91.99,1839.8
SOOP,김레인♥,141,143,199,82,46.2,210,71.28138528138528,3293.2
치지직,나무늘보OW,141.6,168,181,89,34.7,148,83.2420749279539,2888.5
SOOP,우태,143.6,98,122,188,3.9,465,180.94871794871796,705.7
SOOP,쥐돌이쥐돌이,148.6,133,163,142,12.1,265,95.47107438016529,1155.2
SOOP,홍현성.,149.2,160,178,115,19.5,163,84.50256410256411,1647.8
SOOP,임밍지,149.6,150,175,124,16.8,189,86.02380952380952,1445.2
치지직,권세이,149.8,173,180,108,21.4,139,83.8785046728972,1795
치지직,치코쟝,150.2,121,147,168,6.9,324,121.10144927536231,835.6
치지직,내가미라지,150.6,159,150,147,9.4,165,110.54255319148936,1039.1
치지직,아이치,151.8,153,155,148,9.9,179,104.74747474747475,1037
치지직,삐라입니다,152.2,185,174,114,19.4,124,86.17525773195877,1671.8
SOOP,♡소유나♡,155.6,142,140,178,5.2,218,145.90384615384616,758.7
치지직,유후의피아노래,159,145,124,201,3.3,195,179.5151515151515,592.4
SOOP,도맑음,159.8,135,142,190,5,261,139.3,696.5
SOOP,마다옴_,159.8,145,129,198,3.9,195,162.28205128205127,632.9
SOOP,김규태,161.4,125,192,149,13.6,313,75.7720588235294,1030.5
치지직,새 담,161.8,183,173,140,13.5,127,87.6962962962963,1183.9
SOOP,새라새라♥,162.2,157,156,171,7.8,168,104.33333333333333,813.8
치지직,사야플,163,185,198,117,22.8,124,71.7280701754386,1635.4
SOOP,꿀탱탱,163.8,171,164,160,9.6,145,94.64583333333333,908.6
SOOP,수찬,164.2,115,87,266,1.1,354,326.09090909090907,358.7
치지직,텐플라스텐 텐텐,164.2,165,148,180,6.5,153,113.92307692307692,740.5
SOOP,사과몽,165,207,224,85,52.8,103,57.50568181818182,3036.3
치지직,쿨 쿨 이,165.2,192,194,123,21,120,74.56666666666666,1565.9
SOOP,김세노,165.4,137,130,215,3.4,256,162.23529411764707,551.6
SOOP,문모모,165.6,132,105,243,1.8,266,244,439.2
치지직,치요우,166.6,179,188,139,15.3,130,78.07843137254902,1194.6
치지직,뱅,169.6,148,127,223,3.1,190,163.06451612903226,505.5
치지직,디엠이무니다,171.2,184,210,126,22.1,126,64.27601809954751,1420.5
SOOP,걸뽀★,171.8,157,146,205,4.6,168,124.19565217391305,571.3
SOOP,aidragon,172.8,200,187,145,13.6,108,79.38970588235294,1079.7
치지직,근모닝,175.2,200,234,104,37,108,51.924324324324324,1921.2
SOOP,김웰로,176.2,199,221,120,27.2,109,59.20220588235294,1610.3
치지직,김동학,177.6,168,158,202,5.7,148,103.84210526315789,591.9
SOOP,김해피2,177.8,73,90,318,0.9,656,306.77777777777777,276.1
치지직,와팬,180,176,176,186,8.5,135,84.90588235294118,721.7
SOOP,개리∀,180.6,155,231,143,20.5,175,54.858536585365854,1124.6
SOOP,오리-3-,184.2,163,162,217,5.7,155,96.14035087719299,548
치지직,김정민 해변킴,185.6,180,217,157,15.9,129,60.36477987421384,959.8
SOOP,oPuTo,187,237,211,138,18.7,81,64.06417112299465,1198
SOOP,히요코,191.2,194,190,191,8.8,114,77.27272727272727,680
치지직,네이키드 naked,191.8,229,212,153,15.8,85,62.93037974683544,994.3
치지직,Proud,192.6,167,160,238,4.6,150,100.3913043478261,461.8
치지직,꽃빈,192.8,128,116,302,1.5,291,197.73333333333332,296.6
SOOP,태민98,193.6,182,200,193,9.4,128,71.07446808510639,668.1
SOOP,구보라,196.2,175,195,208,7.6,137,74.26315789473684,564.4
SOOP,리타∀,198.2,189,189,212,7.2,122,77.75,559.8
SOOP,트할_,199.4,193,171,231,5.3,116,89.41509433962264,473.9
SOOP,오리꿍_,203.8,213,208,195,9.8,99,65.11224489795919,638.1
치지직,Kaiser카이저,204.4,196,246,167,18.5,112,45.32972972972973,838.6
치지직,루 다,204.8,138,115,328,1.3,252,206.76923076923077,268.8
치지직,헤이 heyy,205.8,247,269,122,39.9,73,39.68671679197995,1583.5
SOOP,캬앙,208.2,205,183,235,5.8,104,80.34482758620689,466
SOOP,김대휘,209,223,238,173,16.3,91,48.70552147239264,793.9
치지직,청묘,210.4,114,85,384,0.6,367,335.8333333333333,201.5
SOOP,하이요,210.8,202,193,233,6.3,105,74.98412698412699,472.4
SOOP,진호.,213.2,224,280,141,33,89,35.57272727272727,1173.9
치지직,rus1,214,172,312,137,41.3,142,30.11138014527845,1243.6
SOOP,옥맨,214.2,165,153,300,2.8,153,106.60714285714286,298.5
치지직,야켓,216.6,255,285,129,39.7,69,34.9647355163728,1388.1
치지직,멜랴,217.4,215,204,232,6.9,98,68.55072463768116,473
치지직,텝텝,219.4,205,191,255,5.3,104,76.47169811320755,405.3
SOOP,안산저격수,220,178,184,277,4.1,131,80.04878048780488,328.2
치지직,제이큐브 JCUBE,220,220,278,162,24.3,93,36.13168724279836,878
SOOP,서나앙,220.6,185,152,307,2.7,124,106.96296296296296,288.8
SOOP,모요,221.2,210,177,271,4.1,101,84.53658536585365,346.6
SOOP,채현준,221.6,208,202,248,6,102,70.3,421.8
치지직,애플3203,221.8,173,179,289,3.7,139,83.89189189189189,310.4
SOOP,깅예솔,224.2,161,139,341,1.7,162,149,253.3
치지직,중괄호,225,211,201,256,5.6,100,70.58928571428571,395.3
치지직,알파이입니다,225.6,224,239,213,11.6,89,47.96551724137931,556.4
SOOP,달묘_,227.2,232,233,219,10.1,84,52.86138613861386,533.9
SOOP,강덕구,227.4,127,92,413,0.6,307,297.8333333333333,178.7
치지직,하예솜,228,312,305,109,56.9,48,31.423550087873462,1788
치지직,콩콩,228,180,255,225,11.1,129,43.63963963963964,484.4
SOOP,쪼이.,230.6,227,237,226,9.7,88,49.824742268041234,483.3
치지직,유우스즈 무무,230.8,198,168,310,3.1,110,92.29032258064517,286.1
치지직,게구리,233.8,189,186,304,3.7,122,79.56756756756756,294.4
SOOP,이유란ㅇ,234.6,141,114,402,0.9,227,207.22222222222223,186.5
SOOP,임하밍,235.2,208,197,287,4.3,102,73,313.9
SOOP,큐티섹시♪,236.8,170,304,203,18.4,147,31.565217391304348,580.8
치지직,체크메이트입니다,238.6,185,223,281,5.6,124,57.660714285714285,322.9
치지직,감수,240.2,297,292,160,27.8,54,32.68345323741007,908.6
SOOP,다키_,240.8,262,225,246,7.6,65,56.85526315789474,432.1
SOOP,한아밍,242,286,273,189,18.5,57,37.8972972972973,701.1
SOOP,채윤아,242.4,300,320,136,43.2,53,29.314814814814813,1266.4
치지직,쿠미네,243,191,154,358,2.2,121,105.45454545454545,232
SOOP,나옹이빵,243.4,293,303,159,29.3,55,31.600682593856654,925.9
치지직,나나링 Nanaring,243.8,221,205,294,4.5,92,68.13333333333334,306.6
SOOP,김옥독,244.2,297,332,130,51.3,54,26.475633528265107,1358.2
SOOP,한세긴,245.4,241,203,290,4.5,78,68.82222222222222,309.7
SOOP,도화εз,246.6,327,302,151,32,45,31.65625,1013
치지직,판누,249,271,315,172,26.7,61,29.876404494382022,797.7
SOOP,뿌리.,249.6,218,232,283,5.9,94,53.76271186440678,317.2
SOOP,온네님,249.8,259,227,268,6.3,67,56.301587301587304,354.7
치지직,슈이입니다,249.8,243,299,204,17.9,75,32.212290502793294,576.6
SOOP,딴딴2당,251,217,260,259,9.1,95,42.43956043956044,386.2
SOOP,호미밍,251.2,306,276,199,16.8,49,36.392857142857146,611.4
치지직,쏭이,252,286,293,194,20.1,57,32.666666666666664,656.6
치지직,마우쥐,252,202,166,363,2.4,105,93.95833333333333,225.5
SOOP,세레나,254.6,197,216,322,4.5,111,60.4,271.8
치지직,머라냥 I Meolanyang,259.8,211,335,209,21.5,100,26.24186046511628,564.2
치지직,한스토리,260,156,161,411,1.8,172,100.11111111111111,180.2
SOOP,성하늘,261.4,237,353,182,29.7,81,24.744107744107744,734.9
치지직,Sley,261.6,248,258,272,8.1,72,42.617283950617285,345.2
SOOP,김야미♥,262.6,271,347,174,31.5,61,25.098412698412698,790.6
SOOP,반히._.,262.8,360,345,132,52.8,37,25.202651515151516,1330.7
SOOP,아이코_,263.8,271,300,224,15.6,61,32.08974358974359,500.6
SOOP,연치민,265.2,224,286,265,10.4,89,34.50961538461539,358.9
SOOP,오녀리,265.4,293,283,234,13.4,55,35.11940298507463,470.6
치지직,레비얀 Leviyan,266,218,214,342,4.1,94,61.048780487804876,250.3
SOOP,뀨삐,266.2,239,295,251,12.9,80,32.565891472868216,420.1
치지직,Mer1t,266.2,229,219,332,4.4,85,60.18181818181818,264.8
SOOP,정다닝.,267,259,281,257,11,67,35.36363636363637,389
치지직,쿠마루,269.8,221,182,382,2.5,92,81.12,202.8
SOOP,요요에요∀,271,257,248,301,6.6,68,45.121212121212125,297.8
SOOP,김군,273,265,244,306,6.4,63,45.578125,291.7
SOOP,owesportsjp,273.2,282,346,196,25.3,58,25.102766798418973,635.1
치지직,아론페이지,277.8,229,209,371,3.4,85,64.29411764705883,218.6
SOOP,클라비스,280.4,240,196,385,2.7,79,73.48148148148148,198.4
치지직,립LIP,280.6,145,138,491,0.9,195,154.55555555555554,139.1
SOOP,꿀혜,280.8,278,270,293,7.8,59,39.42307692307692,307.5
치지직,마지텐시0,281.8,271,322,247,15,61,28.76,431.4
치지직,이복만,284.6,349,361,176,32.8,39,23.41768292682927,768.1
SOOP,찰리씨,284.8,268,243,335,5.7,62,45.59649122807018,259.9
SOOP,체비_,285,293,247,319,6.1,55,45.131147540983605,275.3
SOOP,뽀끔o3o,285.6,312,274,284,8.5,48,37.23529411764706,316.5
SOOP,이지수^^*,285.6,262,268,315,7,65,39.785714285714285,278.5
치지직,Mealgaru,286.2,177,165,462,1.6,134,94.1875,150.7
치지직,마카04,290.4,306,331,242,16.6,49,26.481927710843372,439.6
SOOP,찌미♥,290.4,278,437,150,55.8,59,18.18100358422939,1014.5
SOOP,아칸_,291,289,354,229,19.2,56,24.723958333333332,474.7
치지직,빅박스,292.6,245,249,360,5.1,74,44.94117647058823,229.2
치지직,WhoRU01,293.4,255,262,344,5.9,69,41.932203389830505,247.4
치지직,땅컹이ㅋ,293.4,271,259,339,6,61,42.6,255.6
SOOP,현주♥,294.6,265,360,244,18,63,24.166666666666668,435
SOOP,상득,301,341,337,245,16.6,41,26.126506024096386,433.7
SOOP,란쵸_,304.8,232,446,200,33.5,84,17.82686567164179,597.2
SOOP,달체솜,305.6,312,257,351,5.5,48,43.45454545454545,239
치지직,무화 Moohwa,305.8,327,468,133,78.2,45,16.970588235294116,1327.1
SOOP,백청미,306.2,343,296,298,9.3,40,32.54838709677419,302.7
치지직,Uann 유안,306.6,349,378,214,24.9,39,22.220883534136547,553.3
SOOP,영쨩♥,309.8,277,245,391,4.3,60,45.44186046511628,195.4
SOOP,최은뽀1,312.4,356,381,222,23.2,38,22.04310344827586,511.4
치지직,엄덕구1,314.6,337,391,227,22.7,42,21.19383259911894,481.1
SOOP,애디_,316,306,291,346,7.5,49,32.74666666666667,245.6
치지직,사모장,317,245,218,452,2.6,74,60.26923076923077,156.7
치지직,은뿌,318.6,227,185,498,1.7,88,79.58823529411765,135.3
치지직,이수민05,318.6,317,371,267,15.6,47,22.916666666666668,357.5
치지직,베 라,319.6,248,215,460,2.5,72,60.56,151.4
치지직,벨로스레아,320,306,383,264,16.5,49,21.951515151515153,362.2
SOOP,한쪼니,320.8,236,220,464,2.5,83,59.76,149.4
치지직,혤캉,321.6,312,289,359,7,48,32.957142857142856,230.7
SOOP,#일어나,326.8,248,213,480,2.3,72,62.43478260869565,143.6
치지직,휴이휴이 Hyu2,331.4,253,284,418,5,71,35.02,175.1
치지직,킴쿼카,331.6,398,509,121,104.7,32,15.257879656160458,1597.5
치지직,메메s,332.2,337,475,187,42.7,42,16.711943793911008,713.6
SOOP,김성진_,333.2,356,339,316,10.7,38,25.953271028037385,277.7
치지직,썸원,335.6,232,206,517,1.9,84,66.47368421052632,126.3
치지직,세리얀,336.2,289,252,444,3.6,56,44.19444444444444,159.1
SOOP,니프_,338.6,317,263,425,4.1,47,41.90243902439025,171.8
치지직,SEjFiNN,339.2,330,404,279,16.2,44,20.21604938271605,327.5
SOOP,쏭이♥,340,242,266,463,3.7,76,40.486486486486484,149.8
SOOP,박하악,340.6,163,144,626,0.7,155,134.42857142857142,94.1
SOOP,강희또,340.8,398,350,303,11.9,32,24.823529411764707,295.4
치지직,PJHR6,342.4,248,222,510,2.2,72,59.04545454545455,129.9
SOOP,김세아,344,302,288,421,5.1,52,33.98039215686274,173.3
치지직,광살탄,344.2,437,401,241,21.8,28,20.426605504587155,445.3
SOOP,루센_,344.4,420,415,236,24.2,30,19.15702479338843,463.6
SOOP,초아♬,345,475,433,192,36.3,26,18.421487603305785,668.7
치지직,용사98,345.4,317,406,299,15,47,20.046666666666667,300.7
SOOP,엔쥬,345.6,278,272,453,4.1,59,38.19512195121951,156.6
치지직,박냐오,346.2,257,230,507,2.4,68,54.958333333333336,131.9
치지직,페오 PEO,347,343,485,211,34,40,16.49705882352941,560.9
치지직,콩천,347.6,278,253,477,3.3,59,44.06060606060606,145.4
치지직,효튜브,347.8,331,407,297,15.3,43,19.84967320261438,303.7
치지직,마무 Mamuu,348,232,229,525,2.2,84,55.5,122.1
SOOP,멍지수.,348.6,331,428,278,17.6,43,18.619318181818183,327.7
치지직,슝아나,348.8,194,172,603,1.1,114,89.36363636363636,98.3
SOOP,햄쏘따,350.2,331,321,389,6.8,43,28.91176470588235,196.6
SOOP,_해이_,352.2,385,363,325,11.6,34,23.310344827586206,270.4
SOOP,주드,352.6,385,525,164,58.8,34,14.636054421768707,860.6
SOOP,사봉디,353.2,420,476,197,38,30,16.705263157894738,634.8
치지직,도이입니다,354.2,385,417,276,17.5,34,19.034285714285716,333.1
치지직,TaeJong2,355.2,312,450,282,18.2,48,17.664835164835164,321.5
치지직,유제이와 고양이,355.4,317,385,345,11.4,47,21.666666666666668,247
치지직,잗만한라마,355.8,343,512,206,37.7,40,15.145888594164456,571
SOOP,김마늘∀,356,282,282,467,4.2,58,35.333333333333336,148.4
치지직,한나금,356.4,410,466,220,31.1,31,17.070739549839228,530.9
SOOP,이루희,357.2,360,334,379,7.9,37,26.265822784810126,207.5
SOOP,꼬부기07.,359.4,317,414,326,14.1,47,19.163120567375888,270.2
SOOP,세이지.,360.2,369,309,407,5.9,36,31.084745762711865,183.4
치지직,연미콩,362,324,287,456,4.5,46,34.266666666666666,154.2
치지직,귤 복 복,363.8,305,298,459,4.7,51,32.361702127659576,152.1
SOOP,칸_김동하,366,282,242,532,2.6,58,46.11538461538461,119.9
치지직,미도미도 마요,367.2,216,170,640,1,96,90,90
SOOP,볼가지,371.8,437,501,210,36.2,28,15.530386740331492,562.2
치지직,옵쪽이,372.6,385,521,218,36.4,34,14.717032967032967,535.7
SOOP,쪼아나♥,376,202,358,481,5.9,105,24.28813559322034,143.3
치지직,따람지,376.4,360,380,381,9.2,37,22.065217391304348,203
치지직,TTia 띠아,378,398,483,263,22,32,16.527272727272727,363.6
SOOP,푸닝,378.6,525,456,228,27.3,23,17.446886446886445,476.3
치지직,감정적으로겜함,379,261,290,527,3.7,66,32.75675675675676,121.2
치지직,훈톨이,379.8,437,510,221,34.2,28,15.201754385964913,519.9
치지직,축닭이,379.8,337,333,448,6,42,26.4,158.4
SOOP,지별,380.8,302,622,179,61.7,52,12.155591572123177,750
SOOP,설설설=333,381.4,349,441,338,14.3,39,17.895104895104897,255.9
치지직,워터빈,382.6,317,524,274,23.1,47,14.636363636363637,338.1
치지직,요이 VRECORD,383,317,265,534,2.9,47,41.03448275862069,119
치지직,화이트fps,386,306,426,386,10.6,49,18.67924528301887,198
치지직,시라하 마노,387,369,400,383,9.9,36,20.464646464646464,202.6
치지직,세찬 SECHAN,387.6,302,310,508,4.3,52,30.441860465116278,130.9
치지직,벌거숭이야,387.8,271,251,583,2.3,61,44.869565217391305,103.2
SOOP,머라냥,389,293,530,296,21.3,55,14.375586854460094,306.2
SOOP,치유+,390.2,437,392,365,10.7,28,21.046728971962615,225.2
치지직,eo58,390.4,420,491,275,20.9,30,16.129186602870814,337.1
SOOP,스노,390.6,489,419,313,14.8,25,18.986486486486488,281
치지직,나나는못말려,391,503,519,207,38.2,24,14.795811518324607,565.2
SOOP,연솔,393.8,369,318,482,4.8,36,29.645833333333332,142.3
치지직,플 레 타,395.6,248,226,639,1.6,72,56.3125,90.1
SOOP,몽나_,396.4,300,240,601,2.1,53,46.95238095238095,98.6
SOOP,하츠☆,397,393,527,269,24.3,33,14.563786008230453,353.9
SOOP,히키☆,397,349,294,524,3.8,39,32.60526315789474,123.9
치지직,navi2,397,349,634,184,61.1,39,11.960720130932897,730.8
SOOP,네이!,397,429,382,396,8.7,29,22.03448275862069,191.7
SOOP,시라유리,401,429,359,429,7,29,24.2,169.4
치지직,욤미 Yommi,401.2,360,355,468,6,37,24.6,147.6
SOOP,랑이몽_,401.4,503,432,320,14.8,24,18.43918918918919,272.9
치지직,채류진,403,393,424,387,10.5,33,18.752380952380953,196.9
치지직,커밍순하리,405.4,369,543,286,22.3,36,14.09865470852018,314.4
SOOP,설레지히,408.8,568,584,154,76.6,21,12.91906005221932,989.6
치지직,김민재05,409.2,268,235,654,1.7,62,51.11764705882353,86.9
SOOP,광수야.,410.2,525,458,305,16.8,23,17.375,291.9
치지직,움팡,410.4,410,551,270,25.5,31,13.862745098039216,353.5
치지직,배빛,410.6,475,540,249,29.8,26,14.140939597315436,421.4
치지직,얼도우,411.6,398,536,294,21.6,32,14.194444444444445,306.6
치지직,시메빈,413.2,282,256,636,2.1,58,43.476190476190474,91.3
SOOP,린링,413.8,475,403,394,9.5,26,20.326315789473686,193.1
SOOP,ε연두з,414,324,271,602,2.5,46,39.36,98.4
SOOP,뿌요,415,213,167,764,0.7,99,92.57142857142857,64.8
SOOP,욱하는형,417,139,297,676,2.5,251,32.44,81.1
치지직,문창식,418.8,398,421,427,9,32,18.955555555555556,170.6
SOOP,김멘탈,420.2,327,710,177,72.8,45,10.491758241758241,763.8
치지직,삐제리,421,475,449,366,12.7,26,17.716535433070867,225
SOOP,자연.,421,343,308,573,3.4,40,31.235294117647058,106.2
SOOP,백우주,422.6,503,408,397,9.7,24,19.721649484536083,191.3
치지직,예나츄,422.8,398,495,363,14.1,32,15.99290780141844,225.5
치지직,해옥 HAEOK,423.4,297,250,660,1.9,54,44.89473684210526,85.3
SOOP,떵이。,423.8,551,447,337,14.5,22,17.820689655172412,258.4
SOOP,이깨굴,425.8,551,529,260,26.6,22,14.38345864661654,382.6
치지직,쫑 민,426.8,356,326,563,4,38,27.6,110.4
치지직,최윤주,427,437,445,404,10.4,28,17.83653846153846,185.5
치지직,광배언니,428.2,475,560,273,24.9,26,13.698795180722891,341.1
SOOP,졔리,428.4,410,369,497,5.9,31,22.966101694915253,135.5
SOOP,리엘*,428.4,374,325,559,4,35,27.75,111
치지직,얌록,429.4,437,593,262,29.4,28,12.693877551020408,373.2
SOOP,후룽카카,432,374,351,542,4.7,35,24.78723404255319,116.5
치지직,문히온,432.4,360,621,280,26.6,37,12.225563909774436,325.2
SOOP,킴나니_,433.2,398,323,561,3.9,32,28.333333333333332,110.5
SOOP,푸릉_,433.4,489,423,416,9.4,25,18.77659574468085,176.5
SOOP,김나오!,434.2,437,448,419,9.8,28,17.79591836734694,174.4
치지직,손필범,434.6,337,362,556,4.8,42,23.3125,111.9
치지직,튜티,435.6,460,629,230,39.4,27,12.035532994923859,474.2
SOOP,부바,440.6,525,600,239,36.7,23,12.514986376021799,459.3
SOOP,현르시,440.8,584,640,170,68.9,20,11.827285921625544,814.9
치지직,레스인데,442.2,243,261,723,1.7,75,42,71.4
치지직,서여은,442.2,393,467,442,9.4,33,17.06382978723404,160.4
치지직,드로시,445,369,399,529,5.9,36,20.508474576271187,121
치지직,데이빗96,446.4,374,413,516,6.6,35,19.196969696969695,126.7
SOOP,우냥v,450.4,420,343,573,4.2,30,25.285714285714285,106.2
SOOP,묭씨,450.8,324,267,698,1.9,46,39.8421052631579,75.7
SOOP,콩심♡,451,385,316,619,3.2,34,29.84375,95.5
치지직,벨라짱,451.8,503,624,254,33.9,24,12.106194690265486,410.4
치지직,smurf5,452.4,374,327,617,3.5,35,27.314285714285713,95.6
치지직,에이드3,453.4,331,307,661,2.7,43,31.40740740740741,84.8
SOOP,두두지!,457.6,374,368,589,4.4,35,23,101.2
치지직,하곰루,459.6,398,338,612,3.7,32,26.10810810810811,96.6
치지직,초사샤샤,461.6,460,564,360,16.9,27,13.562130177514794,229.2
SOOP,가니꾸,462.6,503,644,261,31.8,24,11.770440251572326,374.3
치지직,콩난이,464.2,437,409,533,6.1,28,19.60655737704918,119.6
SOOP,디엠이무니다,468.2,289,700,326,25.4,56,10.637795275590552,270.2
SOOP,문콩_,468.8,374,301,684,2.5,35,31.84,79.6
치지직,송찐빵,469,429,411,547,5.9,29,19.440677966101696,114.7
SOOP,하루네_,471.4,475,386,555,5.2,26,21.53846153846154,112
치지직,아이스초코1,472.2,551,617,288,25.3,22,12.284584980237154,310.8
SOOP,만듀.,473.4,525,554,367,16.2,23,13.802469135802468,223.6
SOOP,차투리,473.6,356,306,700,2.4,38,31.416666666666668,75.4
SOOP,피유.,474,254,207,851,0.8,70,66.125,52.9
SOOP,삐요코,478.2,265,236,827,1.1,63,50.36363636363637,55.4
치지직,티네케,481,475,535,430,11.8,26,14.220338983050848,167.8
치지직,대구흑염소,482.2,349,695,336,24.2,39,10.723140495867769,259.5
치지직,인지상지형,482.2,475,489,479,8.9,26,16.247191011235955,144.6
SOOP,셈니-3-,483,429,341,652,3.4,29,25.676470588235293,87.3
치지직,2 92,483,503,553,403,13.5,24,13.807407407407407,186.4
치지직,삼 백,483.8,489,477,488,8.4,25,16.666666666666668,140
SOOP,류버들,486.4,410,336,675,3.1,31,26.193548387096776,81.2
SOOP,남수댕,487.2,154,145,996,0.3,177,125.66666666666667,37.7
치지직,낭지킴,487.2,374,370,661,3.7,35,22.91891891891892,84.8
SOOP,밀크티냠,488.8,360,324,718,2.6,37,27.846153846153847,72.4
SOOP,안즈!,489.6,638,647,258,33.1,18,11.743202416918429,388.7
치지직,진짜김꼬비,490.6,437,610,398,15.4,28,12.396103896103897,190.9
SOOP,하솔。,491.2,608,590,334,20.6,19,12.70873786407767,261.8
치지직,히요리미,492,264,228,870,0.9,64,56,50.4
치지직,윤니,493.8,489,439,551,6.3,25,17.904761904761905,112.8
SOOP,쥬피백설,494.2,525,499,474,9.4,23,15.542553191489361,146.1
SOOP,찰지지,494.4,584,504,440,10.4,20,15.5,161.2
SOOP,천짱짱이,496,638,566,355,17.3,18,13.508670520231213,233.7
SOOP,싸패!,497,475,436,569,5.9,26,18.203389830508474,107.4
SOOP,삐삐♪,497,503,544,447,11.3,24,14.035398230088495,158.6
SOOP,마두,497.6,638,685,240,41.9,18,10.909307875894989,457.1
치지직,르 하,497.8,429,494,536,7.4,29,16.04054054054054,118.7
SOOP,닥터고블린,498,374,357,701,3.1,35,24.29032258064516,75.3
SOOP,히마리♥,498.2,503,523,471,10,24,14.66,146.6
치지직,서벌캣 례이,498.6,437,405,623,4.7,28,20.170212765957448,94.8
SOOP,체리꿀맛,498.8,672,558,353,17.1,17,13.742690058479532,235
SOOP,깅미잉,499.2,398,313,736,2.3,32,29.91304347826087,68.8
치지직,I최맑음I,499.4,437,706,324,25.6,28,10.56640625,270.5
SOOP,김동욱_,502.4,568,663,309,25.4,21,11.295275590551181,286.9
SOOP,바름이ϐ,506.2,525,514,489,9.3,23,15.010752688172044,139.6
SOOP,이학일.,506.6,349,397,695,3.7,39,20.594594594594593,76.2
치지직,owheesung,510.4,360,365,731,3,37,23.233333333333334,69.7
치지직,준버드,511.2,374,317,774,2.1,35,29.80952380952381,62.6
SOOP,눈길.,511.8,551,767,237,48.3,22,9.563146997929607,461.9
치지직,무미띠,512,398,429,652,4.7,32,18.574468085106382,87.3
SOOP,지유_♥,513,503,398,633,4.5,24,20.555555555555557,92.5
SOOP,연아리.,513.2,584,568,423,12.8,20,13.4453125,172.1
SOOP,성장,513.6,374,372,725,3.1,35,22.903225806451612,71
치지직,슈퍼루키2,514.6,385,670,424,15.4,34,11.168831168831169,172
SOOP,하나링구,516.6,437,377,696,3.4,28,22.294117647058822,75.8
치지직,포 근,516.8,420,460,622,5.5,30,17.30909090909091,95.2
SOOP,화양씨,517.4,341,311,812,1.9,41,30.42105263157895,57.8
치지직,게임너구리,518.4,360,384,732,3.2,37,21.75,69.6
치지직,상일2,519,525,702,333,24.7,23,10.62753036437247,262.5
SOOP,히어로레드,519.8,385,314,793,2,34,29.9,59.8
SOOP,아즈_,520,718,611,330,21.5,16,12.348837209302326,265.5
치지직,우티안,522.4,410,571,530,9,31,13.38888888888889,120.5
SOOP,구본좌,524.8,608,603,405,14.8,19,12.472972972972974,184.6
SOOP,＊홍주아＊,526.6,489,461,611,5.6,25,17.303571428571427,96.9
SOOP,헤다ㆍ,526.6,437,390,708,3.5,28,21.228571428571428,74.3
SOOP,김무무,526.6,489,402,670,4.1,25,20.414634146341463,83.7
SOOP,흑구_,529,551,755,292,31.8,22,9.729559748427674,309.4
SOOP,딩굴♡,530.2,551,434,616,5.2,22,18.403846153846153,95.7
치지직,미르다요,530.8,286,241,943,0.9,57,46.888888888888886,42.2
치지직,금사향,531.4,131,99,1164,0.1,271,271,27.1
치지직,덤덤보,536.8,268,473,735,4.1,62,16.829268292682926,69
SOOP,예쁘Gee♥,538.8,672,643,368,18.7,17,11.79144385026738,220.5
SOOP,댕뚜비,540,638,538,493,9.8,18,14.153061224489797,138.7
SOOP,앵이,540.6,525,416,673,4.3,23,19.046511627906977,81.9
SOOP,유태_,541.8,489,396,714,3.5,25,20.885714285714286,73.1
SOOP,김막댕,542.2,525,410,683,4.1,23,19.463414634146343,79.8
SOOP,별이쓰.,542.4,638,645,392,16.6,18,11.765060240963855,195.3
치지직,Ares 아레스,542.8,410,478,674,4.9,31,16.653061224489797,81.6
치지직,히레 hire,545.2,410,367,791,2.6,31,23.03846153846154,59.9
SOOP,구월이_,546,672,563,466,10.9,17,13.623853211009175,148.5
SOOP,금시키,546.8,718,654,354,20.3,16,11.52216748768473,233.9
치지직,아차찹쌀책,547.4,503,770,347,25.6,24,9.55859375,244.7
SOOP,화려희,548.8,672,602,434,13.3,17,12.496240601503759,166.2
SOOP,최옥순,549.4,551,507,591,6.6,22,15.272727272727273,100.8
SOOP,해따,549.6,608,592,478,11.4,19,12.701754385964913,144.8
치지직,유자 Yuja,549.8,489,845,285,37.1,25,8.514824797843666,315.9
SOOP,후-_-v,550.4,718,605,412,14.4,16,12.4375,179.1
치지직,미츠나,555.4,551,723,390,19.1,22,10.272251308900524,196.2
SOOP,서이지,558,718,693,343,23.1,16,10.779220779220779,249
치지직,우히나,558.2,551,771,349,25.3,22,9.537549407114625,241.3
치지직,코기사와 코코로,558.6,429,340,842,2.1,29,25.761904761904763,54.1
치지직,상 애,559.4,503,660,487,12.4,24,11.35483870967742,140.8
SOOP,류새콤,562.6,437,373,815,2.5,28,22.84,57.1
치지직,리네 Renee,564.4,584,684,435,15.2,20,10.914473684210526,165.9
치지직,킴이슬,565,551,652,485,12.2,22,11.573770491803279,141.2
SOOP,연우얌z,565.2,718,608,446,12.8,16,12.40625,158.8
SOOP,박해원:),567.4,437,376,824,2.5,28,22.36,55.9
치지직,김까슬,567.6,460,818,371,24.5,27,8.922448979591836,218.6
SOOP,요한.3.,567.6,584,583,544,8.9,20,12.97752808988764,115.5
치지직,리네양,569.2,568,732,407,18.2,21,10.076923076923077,183.4
치지직,요루야,569.4,331,279,979,1.1,43,36.09090909090909,39.7
치지직,토드황,569.8,489,517,663,5.7,25,14.859649122807017,84.7
SOOP,리카_,572,460,356,844,2.2,27,24.454545454545453,53.8
치지직,실크로,572.2,437,541,671,5.9,28,14.11864406779661,83.3
SOOP,우히,573.2,608,579,550,8.6,19,13.162790697674419,113.2
치지직,Akie8,574.2,475,822,376,24.1,26,8.858921161825727,213.5
치지직,쎄랑,574.2,429,389,832,2.6,29,21.23076923076923,55.2
치지직,김공은,574.6,475,870,329,32.7,26,8.143730886850152,266.3
치지직,사이테,575.2,410,388,845,2.5,31,21.36,53.4
SOOP,연자몽,576.8,374,366,889,2.1,35,23.19047619047619,48.7
SOOP,강띠_,576.8,672,586,520,9.7,17,12.88659793814433,125
치지직,구길동,577.2,672,681,426,15.6,17,10.98076923076923,171.3
치지직,공하시,578.4,568,745,417,17.8,21,9.848314606741573,175.3
치지직,꾸꾸몽,579.8,525,971,216,78.9,23,6.983523447401774,551
SOOP,해봄♡,580.2,503,394,805,2.8,24,20.928571428571427,58.6
SOOP,이투__,581.2,398,329,925,1.6,32,27.1875,43.5
치지직,꼼댕이,582.4,608,902,250,54.4,19,7.742647058823529,421.2
SOOP,바미__,583,393,330,931,1.6,33,27,43.2
SOOP,더디아,583.4,525,884,312,35.6,23,7.912921348314606,281.7
SOOP,김혀니,584.2,551,443,742,3.8,22,17.86842105263158,67.9
치지직,킴율미,584.6,503,773,437,17.2,24,9.511627906976743,163.6
SOOP,owesportsth,584.6,551,469,717,4.3,22,16.930232558139537,72.8
치지직,맹총가리,586.2,551,585,605,7.6,22,12.894736842105264,98
SOOP,제감펀,586.2,525,626,577,8.7,23,12.057471264367816,104.9
SOOP,임샤크,586.4,584,646,528,10.3,20,11.757281553398059,121.1
치지직,선우현,587,343,277,1019,1,40,36.3,36.3
치지직,Gen111,588,460,692,548,10.6,27,10.80188679245283,114.5
치지직,도와죠헬프,589.8,525,635,577,8.8,23,11.920454545454545,104.9
치지직,콩빈e,589.8,503,861,362,27.4,24,8.321167883211679,228
치지직,종이의집,590,672,655,484,12.3,17,11.495934959349594,141.4
치지직,두푸,590.2,503,607,617,7.7,24,12.415584415584416,95.6
SOOP,디뚜♥,590.8,608,658,515,11.2,19,11.366071428571429,127.3
SOOP,제복이_,592.4,584,591,598,7.8,20,12.705128205128204,99.1
SOOP,이고!,596.6,755,714,400,18,15,10.46111111111111,188.3
치지직,육두희,598,638,923,253,55.7,18,7.448833034111311,414.9
치지직,뉴빛나나,598.6,525,435,799,3.2,23,18.375,58.8
치지직,혜 루,598.6,437,497,781,3.9,28,15.743589743589743,61.4
SOOP,피에로-,601.2,608,851,348,28.9,19,8.456747404844291,244.4
SOOP,수백이_,601.8,755,718,409,17.6,15,10.363636363636363,182.4
SOOP,찐랑,603.6,460,344,935,1.7,27,25.235294117647058,42.9
치지직,계연화,604.4,638,743,449,16,18,9.89375,158.3
SOOP,모치,604.6,489,420,847,2.8,25,18.964285714285715,53.1
치지직,마리owo,605.8,525,418,834,2.9,23,19,55.1
SOOP,뇽이♥,606,568,474,757,3.9,21,16.794871794871796,65.5
SOOP,꼬마거북이_,607.8,755,762,380,21.5,15,9.64186046511628,207.3
SOOP,어쩜냥이,608,584,604,624,7.6,20,12.447368421052632,94.6
치지직,샤 나,609.4,437,412,893,2.5,28,19.36,48.4
치지직,아샤 누아르,610,584,547,686,5.6,20,13.982142857142858,78.3
치지직,맴마,610.6,437,374,934,1.9,28,22.63157894736842,43
SOOP,SeungAn,611.2,568,587,657,6.7,21,12.880597014925373,86.3
치지직,쎄나츄,612,672,838,356,27,17,8.651851851851852,233.6
SOOP,@모모,612.2,525,471,797,3.5,23,16.914285714285715,59.2
치지직,칼리오스임미다,614.6,551,661,600,8.7,22,11.344827586206897,98.7
SOOP,채니☆,614.8,638,552,666,6.1,18,13.819672131147541,84.3
치지직,러쉬Rush,617,289,275,1123,0.8,56,36.625,29.3
SOOP,퍼드,617.2,718,625,559,9.2,16,12.065217391304348,111
치지직,하리코,618.4,584,813,441,17.9,20,8.983240223463687,160.8
치지직,리마파트로나,619.2,460,442,876,2.8,27,17.892857142857142,50.1
치지직,CASKER,619.2,608,707,537,11.2,19,10.553571428571429,118.2
SOOP,장하니,620.4,420,561,780,4.5,30,13.666666666666666,61.5
SOOP,@시우,622,638,492,744,4.2,18,16.095238095238095,67.6
SOOP,얼이,623.8,755,754,428,17.4,15,9.74712643678161,169.6
SOOP,영웅』,625.4,525,549,752,4.8,23,13.875,66.6
치지직,은하최강태영,626.8,460,438,899,2.6,27,18,46.8
치지직,난선미,627.6,638,697,553,10.5,18,10.704761904761904,112.4
SOOP,니즈__,629,385,682,698,6.9,34,10.971014492753623,75.7
치지직,이르딘 leeruedin,629.6,608,582,688,6,19,12.983333333333333,77.9
치지직,과학잡지,630.4,568,915,377,28,21,7.610714285714286,213.1
SOOP,d햄비b,632.4,862,860,290,37.2,13,8.325268817204302,309.7
SOOP,딸기슈몽이♡,633.8,393,511,877,3.3,33,15.151515151515152,50
SOOP,우호앵,634.4,718,623,604,8.1,16,12.123456790123457,98.2
치지직,갇핑거,634.4,410,575,806,4.4,31,13.272727272727273,58.4
SOOP,화여니,634.8,568,444,859,2.9,21,17.862068965517242,51.8
SOOP,양지랖,638,420,348,1037,1.4,30,25,35
치지직,배그하는 백곰씨,638.2,503,463,881,2.9,24,17.137931034482758,49.7
SOOP,준바,638.8,460,454,913,2.6,27,17.46153846153846,45.4
SOOP,댕강,639.8,475,375,987,1.7,26,22.470588235294116,38.2
치지직,은가비v,640.6,525,791,548,12.4,23,9.233870967741936,114.5
SOOP,♥핑꾸♥,641.6,718,648,597,8.5,16,11.670588235294117,99.2
SOOP,사만다_,642,862,922,252,55.6,13,7.491007194244604,416.5
SOOP,이상훈94,642.4,862,802,373,23.8,13,9.105042016806722,216.7
치지직,훈논,642.4,718,924,323,36.4,16,7.445054945054945,271
SOOP,류소리,643,755,730,500,13.1,15,10.19083969465649,133.5
치지직,Pard0n,645.8,489,589,781,4.8,25,12.791666666666666,61.4
치지직,박 설,647.6,638,533,767,4.5,18,14.266666666666667,64.2
SOOP,은초롱.,647.8,525,425,932,2.3,23,18.73913043478261,43.1
치지직,켈란 Kellan,648.8,460,557,835,4,27,13.75,55
치지직,쪼뭉,650,608,649,672,7.1,19,11.605633802816902,82.4
치지직,레츠 Letsu,651.2,608,596,728,5.6,19,12.625,70.7
SOOP,도덕이도덕이,651.8,755,556,696,5.5,15,13.781818181818181,75.8
치지직,케이먼 Cayman,652.8,672,744,552,11.4,17,9.87719298245614,112.6
치지직,희재네케찹도둑,653.2,460,455,948,2.4,27,17.458333333333332,41.9
치지직,찐우02,653.4,755,857,399,22.5,15,8.386666666666667,188.7
SOOP,그묘♪,654,672,671,628,8.4,17,11.154761904761905,93.7
SOOP,무치님,654.6,525,395,979,1.9,23,20.894736842105264,39.7
치지직,탑드래곤,655.8,503,642,746,5.7,24,11.807017543859649,67.3
치지직,무 운,655.8,551,868,496,16.7,22,8.233532934131736,137.5
치지직,owpinecone,658.2,475,694,714,6.8,26,10.75,73.1
치지직,도히루,662,638,815,521,13.9,18,8.971223021582734,124.7
치지직,잉투IngToo,662.8,638,803,535,13.1,18,9.076335877862595,118.9
치지직,담비꺼야,663.2,672,729,593,9.8,17,10.193877551020408,99.9
치지직,모베,663.6,718,796,504,14.4,16,9.1875,132.3
치지직,민잉이,664,638,787,554,12.1,18,9.272727272727273,112.2
치지직,혤미 HM,664.8,638,763,580,10.8,18,9.63888888888889,104.1
치지직,므메 muemei,665.4,503,480,932,2.6,24,16.576923076923077,43.1
SOOP,타쵸쵸,665.8,525,387,1015,1.7,23,21.470588235294116,36.5
SOOP,판다율,667.6,672,690,643,8.2,17,10.829268292682928,88.8
SOOP,냥가링,670,584,481,902,2.8,20,16.571428571428573,46.4
치지직,삶은구운계란,671.2,638,864,495,16.7,18,8.25748502994012,137.9
치지직,멜차입니다,672,398,765,716,7.6,32,9.605263157894736,73
치지직,김쑤앙,673.4,755,852,454,18.4,15,8.456521739130435,155.6
치지직,으농2,674.8,584,1025,370,33.2,20,6.602409638554217,219.2
치지직,냐루 NYARU,677.2,410,319,1169,0.9,31,29.555555555555557,26.6
SOOP,다네,677.6,672,528,830,3.8,17,14.552631578947368,55.3
SOOP,순수콩♧,678.8,862,949,317,38.4,13,7.216145833333333,277.1
치지직,양엔젤,679.2,584,1085,321,44.6,20,6.116591928251121,272.8
치지직,김재이,679.4,525,439,997,2.1,23,17.904761904761905,37.6
치지직,화 릴,681.2,420,479,1014,2.2,30,16.636363636363637,36.6
치지직,삐쭉v,683.2,638,574,815,4.3,18,13.279069767441861,57.1
치지직,김토키,685,331,264,1283,0.5,43,41.8,20.9
치지직,코우세이 우키,686.4,584,614,810,4.7,20,12.319148936170214,57.9
SOOP,미닛이에용,686.4,638,678,719,6.5,18,11.046153846153846,71.8
치지직,호랭찌,687,811,955,357,32.5,14,7.172307692307692,233.1
SOOP,황희봉,687.2,718,708,651,8.3,16,10.542168674698795,87.5
SOOP,진비유,688,568,618,818,4.6,21,12.26086956521739,56.4
치지직,나 견,690,460,1143,352,42,27,5.671428571428572,238.2
치지직,탬퍼,690.4,608,1021,401,28.2,19,6.641843971631205,187.3
SOOP,한비。,692.2,489,393,1093,1.5,25,20.933333333333334,31.4
치지직,앉은태은,692.2,489,929,557,15.1,25,7.397350993377484,111.7
SOOP,u유에e,693.4,811,680,648,8,14,11.0125,88.1
치지직,올 망,693.8,437,364,1152,1.2,28,23.25,27.9
SOOP,강무입니다!,696,608,537,899,3.3,19,14.181818181818182,46.8
치지직,즌다몬,697.2,460,379,1134,1.3,27,22.076923076923077,28.7
SOOP,하리=ㅅ=,698.6,551,482,989,2.3,22,16.565217391304348,38.1
치지직,배추맨,699,525,565,920,3.3,23,13.515151515151516,44.6
SOOP,수또리,699.8,811,631,713,6.1,14,12,73.2
치지직,푸시아베리,699.8,755,863,509,15.8,15,8.265822784810126,130.6
SOOP,하나랑께,702.4,922,827,468,16.8,12,8.785714285714286,147.6
치지직,까복치,703.8,755,753,629,9.6,15,9.75,93.6
치지직,미즈야,704.2,811,881,474,18.4,14,7.940217391304348,146.1
치지직,윤우 YunWoo,704.6,811,789,567,11.7,14,9.264957264957266,108.4
SOOP,_리드,708.2,755,766,627,9.8,15,9.581632653061224,93.9
치지직,사쿠야 하나미,710.4,608,831,641,10.3,19,8.728155339805825,89.9
치지직,고라니는 똥손,712.8,718,776,647,9.3,16,9.483870967741936,88.2
치지직,이시이 에리카,712.8,608,569,909,3.4,19,13.411764705882353,45.6
치지직,부부워치,714.2,811,794,586,11.1,14,9.198198198198199,102.1
SOOP,냉동갈메기,714.8,672,503,948,2.7,17,15.518518518518519,41.9
SOOP,호진맨,716,672,559,895,3.5,17,13.714285714285714,48
치지직,릴썬,716.2,755,721,692,7.5,15,10.28,77.1
치지직,Iris 아이리스,716.2,755,798,615,10.5,15,9.142857142857142,96
치지직,송연정,716.2,437,1127,445,27.5,28,5.781818181818182,159
SOOP,요디딛,717.6,584,518,984,2.6,20,14.846153846153847,38.6
치지직,프리리Freeree,718.6,755,908,511,16.8,15,7.666666666666667,128.8
치지직,아이샤 AISHA,718.8,608,636,857,4.4,19,11.886363636363637,52.3
SOOP,희꾸미,719.6,638,725,755,6.4,18,10.265625,65.7
치지직,햇밤식,720.8,568,490,1028,2.2,21,16.227272727272727,35.7
치지직,고망지,721,525,464,1076,1.9,23,17.105263157894736,32.5
치지직,치요밍,723.6,672,567,906,3.4,17,13.5,45.9
SOOP,sp1nt07,724.6,503,496,1064,2.1,24,15.904761904761905,33.4
치지직,연너,725.2,672,638,839,4.6,17,11.869565217391305,54.6
치지직,미우 MiWoo,725.6,608,555,955,3,19,13.8,41.4
치지직,도비두비두밥,725.6,672,897,581,13.3,17,7.804511278195489,103.8
치지직,소 하린,726,638,751,745,6.9,18,9.768115942028986,67.4
SOOP,Attack_ow,727,551,452,1090,1.8,22,17.5,31.5
치지직,김 설 탕,727,811,979,433,24,14,6.929166666666666,166.3
치지직,녕지,727.4,755,846,595,11.7,15,8.504273504273504,99.5
SOOP,강천남,731.6,862,778,620,10.1,13,9.445544554455445,95.4
SOOP,Gur3um.,731.6,718,691,779,5.7,16,10.807017543859649,61.6
치지직,꼬도리,734,672,698,801,5.5,17,10.672727272727272,58.7
SOOP,시후†,735,755,630,830,4.6,15,12.021739130434783,55.3
치지직,민디yam,736.2,755,1049,414,27.8,15,6.392086330935252,177.7
치지직,부뚱이는 부뚱해,736.4,672,804,701,8.3,17,9.072289156626505,75.3
치지직,세피람,737.6,460,352,1262,0.9,27,24.77777777777778,22.3
치지직,aino 카리,737.8,755,885,582,13.1,15,7.900763358778626,103.5
SOOP,♡핫빈♡,738.4,608,508,1034,2.3,19,15.26086956521739,35.1
SOOP,드행이,738.8,922,882,504,16.7,12,7.922155688622754,132.3
치지직,김스틴,739.6,568,516,1049,2.3,21,14.869565217391305,34.2
SOOP,한나금,741.4,755,795,681,8.7,15,9.195402298850574,80
치지직,만나몽,742,638,513,1023,2.4,18,15.083333333333334,36.2
치지직,아키루 님,746,718,874,632,11.5,16,8.052173913043479,92.6
SOOP,류헤나,746.2,429,328,1323,0.7,29,27.285714285714285,19.1
치지직,언더,746.4,672,1115,415,30.3,17,5.858085808580858,177.5
치지직,장민돌,746.4,862,1104,331,44.7,13,5.9284116331096195,265
SOOP,기혁_,746.8,862,742,694,7.7,13,9.922077922077921,76.4
치지직,재굴이,746.8,584,502,1073,2.1,20,15.523809523809524,32.6
SOOP,참새-,747.4,811,601,862,4.1,14,12.512195121951219,51.3
SOOP,송현_,749.6,584,486,1096,1.9,20,16.31578947368421,31
치지직,오별콩,752.8,608,493,1085,2,19,16.05,32.1
SOOP,성여올,753,811,686,791,5.5,14,10.89090909090909,59.9
SOOP,석시문,753,1077,1030,314,42.5,10,6.557647058823529,278.7
치지직,메리 MARY,754,718,699,827,5.2,16,10.653846153846153,55.4
치지직,한심한김진돌,756.6,755,713,801,5.6,15,10.482142857142858,58.7
SOOP,현신_,756.6,755,665,849,4.7,15,11.27659574468085,53
치지직,김흑둥이,757,343,1278,443,33.2,40,4.798192771084337,159.3
SOOP,라쿠니ㆍ,757.2,638,573,1001,2.8,18,13.285714285714286,37.2
SOOP,다정언니,757.4,1077,1044,311,44.2,10,6.411764705882353,283.4
치지직,라두스,758,608,498,1093,2,19,15.7,31.4
SOOP,정키키,759.2,672,709,853,5,17,10.5,52.5
치지직,도비애오,759.2,672,673,889,4.4,17,11.068181818181818,48.7
치지직,하스딩,759.4,503,576,1071,2.5,24,13.2,33
치지직,서말랑,759.6,718,637,903,3.9,16,11.871794871794872,46.3
치지직,햄 민 이,759.8,755,759,763,6.7,15,9.686567164179104,64.9
치지직,i1ly,760,718,983,558,16.1,16,6.906832298136646,111.2
SOOP,자멜공,761.8,503,526,1127,2,24,14.6,29.2
SOOP,김띵수,763,1077,981,388,28.4,10,6.926056338028169,196.7
SOOP,#정군,763.2,862,1020,457,23.2,13,6.642241379310345,154.1
SOOP,정연ㅇㅅㅇ,763.6,672,931,642,12.1,17,7.371900826446281,89.2
치지직,갤러해드1,765.2,922,951,501,18.5,12,7.1891891891891895,133
치지직,코혼,767,525,599,1056,2.7,23,12.518518518518519,33.8
치지직,황충석,768.2,489,422,1254,1.2,25,18.916666666666668,22.7
SOOP,피야.,769.6,862,830,663,9.7,13,8.731958762886597,84.7
치지직,한서깡,770.2,525,451,1212,1.4,23,17.642857142857142,24.7
치지직,홍말차,773,755,780,775,6.6,15,9.409090909090908,62.1
SOOP,구아바9,773.6,672,672,926,3.9,17,11.128205128205128,43.4
SOOP,구키♥,774.4,306,254,1529,0.3,49,44,13.2
SOOP,이철식,776.6,755,687,877,4.6,15,10.869565217391305,50
SOOP,BJ김민기,777.4,1077,973,432,23.9,10,6.96652719665272,166.5
SOOP,손진석.,778,718,619,967,3.3,16,12.242424242424242,40.4
치지직,므슈77,778.4,922,1111,374,36.6,12,5.882513661202186,215.3
치지직,박평구천,779.2,672,1154,458,27.4,17,5.587591240875913,153.1
치지직,Lup1ne,781.6,568,1081,589,16.5,21,6.133333333333334,101.2
치지직,요디딛,785.6,672,724,904,4.5,17,10.266666666666667,46.2
SOOP,이쌍도,786.2,755,595,993,3,15,12.633333333333333,37.9
치지직,민지지,787.6,718,639,971,3.4,16,11.852941176470589,40.3
치지직,흐 림,787.8,755,934,658,11.7,15,7.358974358974359,86.1
치지직,yeoning,788.8,584,833,847,6.1,20,8.704918032786885,53.1
SOOP,나무늘보_ow,789.2,862,1149,393,34.5,13,5.605797101449276,193.4
SOOP,후디,789.6,922,903,610,12.6,12,7.73015873015873,97.4
치지직,정크랫패스,790.4,360,1418,378,50.4,37,4.192460317460317,211.3
치지직,메냥e,792.4,718,913,709,9.7,16,7.639175257731959,74.1
치지직,선드 SeonD,793.8,755,1061,546,18.3,15,6.284153005464481,115
SOOP,BJ김둥이,795.2,922,959,568,15.2,12,7.125,108.3
치지직,쿠모리 키피,795.4,475,506,1245,1.5,26,15.466666666666667,23.2
치지직,꽁구마,796,672,650,1004,3.2,17,11.59375,37.1
치지직,wkdrbwls,796.4,672,1094,561,18.4,17,6.005434782608695,110.5
치지직,세히리,796.6,811,829,757,7.5,14,8.733333333333333,65.5
치지직,갈치링,797,811,1016,571,16.1,14,6.658385093167702,107.2
치지직,람보람1,799.4,811,901,692,9.9,14,7.787878787878788,77.1
치지직,지눙2,800.8,718,940,703,10.3,16,7.29126213592233,75.1
치지직,하늘뇽,800.8,608,534,1164,1.9,19,14.263157894736842,27.1
SOOP,묭땅,801.2,862,726,846,5.2,13,10.25,53.3
치지직,윈 트,801.6,718,850,795,7,16,8.471428571428572,59.3
SOOP,도라니.,801.6,672,532,1136,2,17,14.3,28.6
SOOP,ㆍ포포ㆍ,803.2,638,542,1147,2,18,14.1,28.2
치지직,티타냥,803.2,862,872,705,9.2,13,8.108695652173912,74.6
SOOP,다훈갓_,804,568,431,1295,1.1,21,18.454545454545453,20.3
SOOP,환이다:),805.8,1077,1040,436,25.5,10,6.490196078431373,165.5
치지직,메타 몽,806.2,811,928,682,10.8,14,7.398148148148148,79.9
치지직,유예니,806.6,755,980,659,12.4,15,6.92741935483871,85.9
SOOP,마리별_,807.2,718,572,1087,2.4,16,13.333333333333334,32
SOOP,도월하,808,568,470,1266,1.3,21,16.923076923076923,22
치지직,palpatine,808.2,755,1124,519,21.6,15,5.805555555555555,125.4
SOOP,내로남불엿포,808.6,811,936,680,10.9,14,7.348623853211009,80.1
치지직,릴리나봉,808.8,862,823,768,7.2,13,8.847222222222221,63.7
SOOP,최르_,809.2,922,749,813,5.9,12,9.779661016949152,57.7
치지직,버스타는 지렁이,810.8,996,958,571,15,11,7.1466666666666665,107.2
치지직,P0W3R,812.4,718,835,837,6.3,16,8.682539682539682,54.7
씨미,윤윤,815.4,503,462,1325,1.1,24,17.272727272727273,19
SOOP,희각,819.6,862,832,786,7,13,8.714285714285714,61
치지직,김오쥐,821.8,755,705,972,3.8,15,10.578947368421053,40.2
SOOP,렉스___,823.6,672,628,1095,2.6,17,12.038461538461538,31.3
치지직,유네넴,825.6,862,871,762,8,13,8.125,65
SOOP,새턴-,826,1172,1171,308,52.8,9,5.441287878787879,287.3
치지직,김통수,826.4,922,984,621,13.8,12,6.905797101449275,95.3
SOOP,콩순이,826.8,638,545,1203,1.8,18,14,25.2
치지직,다정언니,827.2,862,1262,375,44,13,4.8545454545454545,213.6
치지직,마 웨,827.4,811,734,929,4.3,14,10.069767441860465,43.3
치지직,밤티를거꾸로하면티밤,828,608,1079,687,12.7,19,6.149606299212598,78.1
치지직,나모라고해,829.2,638,1414,340,60.5,18,4.2132231404958675,254.9
치지직,정따따,830,718,580,1136,2.2,16,13,28.6
치지직,조근우,830,568,612,1179,2.1,21,12.333333333333334,25.9
SOOP,뜌덩,830.4,672,500,1240,1.5,17,15.533333333333333,23.3
SOOP,냐르!,831,755,716,984,3.7,15,10.432432432432432,38.6
SOOP,희건,831.6,718,548,1172,1.9,16,13.947368421052632,26.5
치지직,KID030,832.8,922,1190,431,31.7,12,5.255520504731861,166.6
치지직,레 티 LETI,833.2,862,747,905,4.7,13,9.808510638297872,46.1
치지직,o TNT o,834.4,608,531,1251,1.6,19,14.375,23
치지직,AKA 아카,834.4,718,1152,575,18.9,16,5.597883597883598,105.8
SOOP,빈쫑,836,996,1066,526,19.5,11,6.246153846153846,121.8
치지직,기남시,837,811,998,689,11.4,14,6.815789473684211,77.7
치지직,푹찌익,837.6,584,1218,584,20.2,20,5.099009900990099,103
치지직,플셔,837.8,811,821,868,5.7,14,8.859649122807017,50.5
치지직,우동집딸래미,839.8,811,840,854,6.1,14,8.59016393442623,52.4
치지직,안재꼼,841.2,672,1329,438,35.8,17,4.567039106145251,163.5
SOOP,오파리,842,584,427,1386,0.9,20,18.666666666666668,16.8
치지직,라레몽,842.2,755,722,1006,3.6,15,10.277777777777779,37
치지직,행성이 게임,842.4,922,1122,523,21.3,12,5.830985915492958,124.2
SOOP,김땃쥐060,842.6,811,664,1037,3.1,14,11.290322580645162,35
치지직,청청아,844,638,612,1179,2.1,18,12.333333333333334,25.9
SOOP,타올이,846.2,755,842,896,5.6,15,8.553571428571429,47.9
SOOP,아드레날린。,848,862,853,836,6.5,13,8.446153846153846,54.9
SOOP,문영달,848.4,996,945,678,11.1,11,7.261261261261262,80.6
치지직,I 제야 I,848.8,996,939,685,10.8,11,7.296296296296297,78.8
치지직,명나뇽,849.6,922,937,726,9.7,12,7.309278350515464,70.9
SOOP,iR0NY,850,638,577,1229,1.8,18,13.166666666666666,23.7
치지직,백 정 이,850.4,584,679,1155,2.5,20,11.04,27.6
치지직,도지음,851.2,922,961,706,10.5,12,7.095238095238095,74.5
치지직,캠퍼츄,852.4,862,935,765,8.8,13,7.3522727272727275,64.7
SOOP,엄키키,853.4,755,657,1099,2.7,15,11.407407407407407,30.8
SOOP,히수레,853.6,922,779,894,5.1,12,9.431372549019608,48.1
SOOP,하링!,854,584,465,1378,1,20,17.1,17.1
SOOP,너구리아,854.4,672,597,1203,2,17,12.6,25.2
SOOP,꽃첨지♥,854.8,862,675,1031,3.2,13,11.0625,35.4
SOOP,도르하.,858.4,996,1018,630,14,11,6.65,93.1
치지직,양지랖,860,608,539,1307,1.4,19,14.142857142857142,19.8
치지직,ozz6,861.8,811,995,754,9.7,14,6.824742268041237,66.2
치지직,안 냐,863.2,862,752,975,4.1,13,9.75609756097561,40
치지직,콩 시 루,868.4,922,1166,544,21.1,12,5.4739336492890995,115.5
SOOP,론_,869,755,880,915,5.7,15,7.947368421052632,45.3
치지직,민 빵,869.8,811,1135,634,16.1,14,5.739130434782608,92.4
SOOP,미에링,870.2,1077,1164,473,26.5,10,5.528301886792453,146.5
SOOP,기깔.,874.4,608,430,1452,0.8,19,18.5,14.8
치지직,어서옵냥,875.4,1077,1200,450,30.3,10,5.211221122112211,157.9
치지직,Aester,875.8,755,782,1030,3.8,15,9.342105263157896,35.5
치지직,최올림,876.2,811,1324,461,32.9,14,4.583586626139818,150.8
SOOP,차쑤냥,876.6,1077,912,741,8.9,10,7.640449438202247,68
치지직,감성대왕,877.6,922,807,926,4.8,12,9.041666666666666,43.4
SOOP,베지♥,878,718,588,1248,1.8,16,12.833333333333334,23.1
치지직,뮨1,878.2,755,712,1106,2.9,15,10.482758620689655,30.4
SOOP,태수!!,878.8,922,926,810,7.8,12,7.423076923076923,57.9
SOOP,갱갱_♥,880.8,1172,1194,422,32.9,9,5.249240121580547,172.7
치지직,차 세린,881,811,741,1056,3.4,14,9.941176470588236,33.8
치지직,마스미,881.2,608,616,1283,1.7,19,12.294117647058824,20.9
치지직,라이부v,884.2,811,919,886,6.5,14,7.538461538461538,49
SOOP,얼도우우,884.2,1077,921,751,8.9,10,7.49438202247191,66.7
치지직,빠삐코TV,885.2,922,1357,395,43,12,4.46046511627907,191.8
치지직,해령임둥,885.8,811,1010,799,8.8,14,6.681818181818182,58.8
SOOP,BJ_S2,887.2,922,711,1046,3.3,12,10.484848484848484,34.6
치지직,뮤로나,887.2,862,793,994,4.1,13,9.21951219512195,37.8
치지직,유노 Unoh,887.6,672,520,1363,1.2,17,14.75,17.7
치지직,엄현빈,888.8,996,1269,455,32.1,11,4.8286604361370715,155
치지직,성화린,889.2,718,594,1270,1.7,16,12.647058823529411,21.5
SOOP,말론님,890,1172,1137,502,23.2,9,5.719827586206897,132.7
치지직,사냥남,890.4,996,1002,726,10.5,11,6.752380952380952,70.9
치지직,이초 2sec,890.6,755,820,1029,4,15,8.9,35.6
SOOP,하리농,891.2,922,757,1010,3.8,12,9.710526315789474,36.9
치지직,유 보 라,891.4,755,889,962,5.2,15,7.865384615384615,40.9
치지직,키위당,891.4,755,862,989,4.6,15,8.282608695652174,38.1
치지직,오민omin,891.6,638,1316,594,21.6,18,4.6157407407407405,99.7
치지직,드알,891.8,811,790,1034,3.8,14,9.236842105263158,35.1
SOOP,Faith3,893,1077,905,789,7.8,10,7.705128205128205,60.1
치지직,시라타마 토리,893.2,568,452,1497,0.8,21,17.5,14
치지직,넌지기,894,996,1059,678,12.8,11,6.296875,80.6
SOOP,유솜_,894,996,801,936,4.7,11,9.106382978723405,42.8
치지직,코히루,894.8,718,656,1222,2.1,16,11.428571428571429,24
치지직,아리토리에스,895,755,987,873,7.3,15,6.876712328767123,50.2
치지직,쫀득찹쌀도넛,896.2,437,342,1680,0.4,28,25.5,10.2
SOOP,레비___,896.8,922,892,889,6.2,12,7.854838709677419,48.7
치지직,구름위에달,897.6,996,1006,740,10.2,11,6.7254901960784315,68.6
SOOP,다트,897.6,922,826,957,4.7,12,8.787234042553191,41.3
치지직,사탕무,898.2,811,953,887,6.8,14,7.176470588235294,48.8
SOOP,김요일:,898.8,922,1013,773,9.4,12,6.670212765957447,62.7
치지직,PooEy,898.8,638,504,1424,1,18,15.5,15.5
SOOP,깡밍_♥,899,1077,1103,606,16.5,10,5.933333333333334,97.9
SOOP,여백이다,899.2,1172,1191,471,27.9,9,5.254480286738351,146.6
치지직,류단비,900,922,1023,766,9.7,12,6.628865979381444,64.3
치지직,새누,900.2,811,627,1218,2,14,12.05,24.1
치지직,단디팍,900.4,718,910,982,5.1,16,7.647058823529412,39
치지직,비글명수,901.2,718,948,946,5.8,16,7.241379310344827,42
SOOP,키요_,903.4,811,764,1089,3.3,14,9.606060606060606,31.7
치지직,서여주,903.4,1077,999,721,10.5,10,6.809523809523809,71.5
치지직,뽀 얌,903.6,922,1015,783,9.2,12,6.663043478260869,61.3
SOOP,유시아-,903.8,1077,950,771,8.8,10,7.204545454545454,63.4
SOOP,마름모,903.8,1077,1126,595,17.2,10,5.784883720930233,99.5
치지직,말티쭈,904.4,672,728,1197,2.5,17,10.2,25.5
치지직,Chzzk또랑이,904.8,862,1024,807,8.8,13,6.625,58.3
치지직,오은식,905.2,922,970,832,7.9,12,6.987341772151899,55.2
치지직,알라쫀득쿠키,908.4,862,1434,406,44.7,13,4.10738255033557,183.6
SOOP,모몽또,908.4,460,348,1693,0.4,27,25,10
SOOP,문리아,908.6,1077,896,837,7,10,7.814285714285714,54.7
치지직,하나노토카,908.6,811,717,1149,2.7,14,10.407407407407407,28.1
치지직,김해적,909.2,996,977,798,8.5,11,6.9411764705882355,59
치지직,쵸 연,909.6,922,964,849,7.5,12,7.066666666666666,53
치지직,룡쥐,910,996,1185,592,18.9,11,5.306878306878307,100.3
치지직,혜빵빵,910.4,996,1000,778,9.1,11,6.78021978021978,61.7
치지직,김빠빡,910.4,862,769,1076,3.4,13,9.558823529411764,32.5
치지직,단 찌,914.4,922,1011,814,8.6,12,6.674418604651163,57.4
치지직,로권,914.4,862,774,1081,3.4,13,9.5,32.3
치지직,나는양숭이,918,922,1189,645,16.8,12,5.255952380952381,88.3
SOOP,김민혁-,919.2,672,515,1447,1,17,14.9,14.9
치지직,정재미,920.2,755,817,1106,3.4,15,8.941176470588236,30.4
치지직,모모팡,920.8,922,814,1027,4,12,8.975,35.9
치지직,블랙펭귄,923.2,862,1007,870,7.5,13,6.72,50.4
치지직,쀙쀙줴,923.8,811,786,1118,3.2,14,9.28125,29.7
SOOP,해수수_,924.6,811,620,1286,1.7,14,12.235294117647058,20.8
치지직,유노을,925.6,672,676,1302,1.8,17,11.055555555555555,19.9
치지직,광무리,926.4,922,1230,625,18.8,12,5.0212765957446805,94.4
치지직,미엘린,928.6,811,994,922,6.5,14,6.8307692307692305,44.4
SOOP,깅면기,929,811,651,1266,1.9,14,11.578947368421053,22
치지직,타로12,929.2,996,1304,521,26.7,11,4.670411985018727,124.7
치지직,김망고O,929.6,862,1150,743,12.1,13,5.603305785123967,67.8
치지직,동글1동글,929.6,862,1245,648,17.7,13,4.977401129943503,88.1
치지직,해도밍,931.6,608,487,1538,0.8,19,16.25,13
SOOP,강다래,931.8,755,609,1343,1.5,15,12.4,18.6
SOOP,:신우,932.4,922,866,1004,4.5,12,8.244444444444444,37.1
치지직,이타eatha,934.4,718,606,1371,1.4,16,12.428571428571429,17.4
치지직,낌어라,934.4,922,808,1067,3.7,12,9,33.3
치지직,현브,936,718,909,1072,4.3,16,7.651162790697675,32.9
치지직,하모시달,936.6,755,653,1311,1.7,15,11.529411764705882,19.6
치지직,휘틀릭,937.6,638,487,1538,0.8,18,16.25,13
치지직,백하누,938.4,718,1493,494,35.8,16,3.8715083798882683,138.6
치지직,잉닝밍,938.6,1077,1058,750,10.6,10,6.30188679245283,66.8
치지직,한소링,939.2,922,1467,420,43.7,12,3.9839816933638446,174.1
치지직,디룽지,939.6,1172,1232,531,24,9,5.0125,120.3
SOOP,이선만.,942,862,615,1309,1.6,13,12.3125,19.7
SOOP,리린7,942,862,760,1164,2.8,13,9.678571428571429,27.1
치지직,이나0704,945.2,862,1107,825,9.4,13,5.904255319148936,55.5
치지직,칠분,946,996,1428,439,39.4,11,4.126903553299492,162.6
치지직,엘바 Elva,946,922,1147,757,11.6,12,5.646551724137931,65.5
치지직,가자미 JAMI,948,996,1161,711,13.3,11,5.548872180451128,73.8
치지직,박용준06,948.6,811,704,1262,2.1,14,10.619047619047619,22.3
치지직,도구의맹세,949.6,862,879,1064,4.2,13,7.9523809523809526,33.4
치지직,하요봄,950.6,811,641,1330,1.6,14,11.8125,18.9
치지직,디딛띱,950.8,996,1366,513,28.9,11,4.41522491349481,127.6
치지직,화울Whaul,951.8,755,688,1314,1.8,15,10.833333333333334,19.5
SOOP,진현킴,952,996,1148,734,12.3,11,5.634146341463414,69.3
치지직,홍띵환,952.4,922,727,1193,2.5,12,10.24,25.6
치지직,루아 I RuA,952.4,996,1065,818,9,11,6.266666666666667,56.4
치지직,쯩애,952.8,638,472,1591,0.7,18,16.857142857142858,11.8
SOOP,로로냥,954,672,696,1353,1.7,17,10.705882352941176,18.2
치지직,솜 달,955.2,862,677,1280,1.9,13,11.052631578947368,21
치지직,용 훈,956,862,1323,636,19.9,13,4.5879396984924625,91.3
SOOP,하얀율무차,956.4,1282,1029,721,10.9,8,6.559633027522936,71.5
치지직,범식 sick tiger,957.2,996,1068,827,8.9,11,6.224719101123595,55.4
치지직,하무키,958,922,1139,795,10.4,12,5.701923076923077,59.3
치지직,레붕,959.6,862,856,1112,3.6,13,8.38888888888889,30.2
SOOP,오따식,960.4,922,701,1239,2.2,12,10.636363636363637,23.4
치지직,우주악당해적로봇,960.4,996,1155,748,12,11,5.583333333333333,67
치지직,삐어풀,963,811,688,1314,1.8,14,10.833333333333334,19.5
SOOP,유제이와냥이,964.8,1172,1090,736,11.4,9,6.035087719298246,68.8
SOOP,달달한호야,966.8,1282,1212,564,21.5,8,5.116279069767442,110
치지직,거짓이슬,967,811,1446,566,27,14,4.018518518518518,108.5
SOOP,이루♡,968.8,862,668,1323,1.7,13,11.235294117647058,19.1
SOOP,힐링동키,970.8,996,906,1023,4.7,11,7.702127659574468,36.2
SOOP,사자º,971.2,996,956,974,5.6,11,7.160714285714286,40.1
치지직,SpearOW,972,996,1163,769,11.5,11,5.530434782608696,63.6
치지직,림냐,973,811,828,1199,2.9,14,8.758620689655173,25.4
SOOP,타마즈,977.4,1077,968,937,6.1,10,7,42.7
SOOP,광무리,979.2,1282,1199,608,18.7,8,5.224598930481283,97.7
SOOP,태온,980.6,1077,927,986,5.2,10,7.403846153846154,38.5
치지직,철갑상어탄,980.8,862,1151,870,9,13,5.6,50.4
치지직,블리루,981.8,755,938,1139,3.9,15,7.3076923076923075,28.5
치지직,다빙o,983,811,824,1228,2.7,14,8.814814814814815,23.8
치지직,하파,983,1077,1251,668,17.1,10,4.912280701754386,84
SOOP,김균상,983.6,996,772,1189,2.7,11,9.518518518518519,25.7
치지직,얌 새,984,420,1377,873,11.5,30,4.3652173913043475,50.2
SOOP,언재,984,996,900,1062,4.3,11,7.790697674418604,33.5
치지직,뒤시메임정면안봄,984.8,672,1561,565,30.4,17,3.588815789473684,109.1
치지직,하시우v,987.6,1172,1106,777,10.5,9,5.904761904761905,62
치지직,Miaow,988.2,811,1146,919,7.9,14,5.658227848101266,44.7
치지직,졔윤,989.2,922,1520,492,36.9,12,3.7642276422764227,138.9
치지직,phelia1,989.2,922,1069,943,6.8,12,6.205882352941177,42.2
치지직,티니얌,989.4,1077,1062,873,8,10,6.275,50.2
치지직,MolangMolang,990.4,862,1064,981,6.3,13,6.26984126984127,39.5
SOOP,츄르°,991.4,1077,1001,939,6.3,10,6.761904761904762,42.6
치지직,o쏘쏘야o,992.2,811,1585,490,39.5,14,3.5240506329113925,139.2
치지직,앵직,992.4,996,1398,585,24,11,4.279166666666667,102.7
SOOP,hiwchakiew,992.8,1172,1102,794,10,9,5.95,59.5
치지직,히사원,993.6,608,1027,1153,4.2,19,6.595238095238095,27.7
치지직,AZENT,995.2,672,774,1378,1.8,17,9.5,17.1
치지직,져니콩,996,718,806,1325,2.1,16,9.047619047619047,19
치지직,나래냥,997.6,638,549,1626,0.8,18,13.875,11.1
SOOP,유근수,998.8,996,792,1207,2.7,11,9.222222222222221,24.9
SOOP,즈킁,1000.4,638,484,1698,0.6,18,16.5,9.9
SOOP,힛밤,1000.8,1282,1273,588,21.1,8,4.81042654028436,101.5
치지직,LucioPesto,1001,1077,1215,749,13.1,10,5.106870229007634,66.9
치지직,아댕 ADANG,1001.6,1172,1198,720,13.7,9,5.226277372262774,71.6
치지직,o으에o,1001.8,811,944,1155,3.8,14,7.2631578947368425,27.6
치지직,Casey,1002.6,1077,1279,689,16.2,10,4.796296296296297,77.7
SOOP,양송이｡,1003.8,811,598,1506,1.1,14,12.545454545454545,13.8
치지직,진혁JH,1003.8,755,1393,739,16,15,4.29375,68.7
치지직,고마생원,1004.6,811,1471,635,23.1,14,3.9567099567099566,91.4
SOOP,류창이,1005.6,996,781,1235,2.5,11,9.4,23.5
치지직,치지직 늘이,1006,922,1174,880,9.2,12,5.413043478260869,49.8
SOOP,큐나ㆍ,1006.2,437,522,1775,0.6,28,14.666666666666666,8.8
치지직,신바람 baram,1006.8,996,1363,656,19.5,11,4.435897435897436,86.5
치지직,살균제,1009.2,672,1362,825,12.5,17,4.44,55.5
치지직,하또랑,1009.8,1077,1063,923,7,10,6.271428571428571,43.9
SOOP,옌이.,1010,922,674,1390,1.5,12,11.066666666666666,16.6
치지직,백의화백,1010.2,1077,1133,854,9.1,10,5.758241758241758,52.4
치지직,고ㄴl,1010.4,1282,1343,542,25.8,8,4.515503875968992,116.5
치지직,Aileen3,1012,862,1132,967,7,13,5.771428571428571,40.4
치지직,AME33,1012.4,1172,1332,613,21.1,9,4.559241706161138,96.2
SOOP,비비-3-,1014,996,746,1291,2.1,11,9.80952380952381,20.6
치지직,쎈곰,1014.8,996,1670,369,68.5,11,3.202919708029197,219.4
치지직,유나땅,1015.2,996,957,1083,4.5,11,7.155555555555556,32.2
치지직,든세,1015.6,996,1281,760,13.6,11,4.786764705882353,65.1
SOOP,더빙레이디♥,1016.8,608,457,1781,0.5,19,17.4,8.7
SOOP,아라리_-,1018.4,922,916,1169,3.5,12,7.6,26.6
치지직,아카큐라,1018.6,755,683,1486,1.3,15,10.923076923076923,14.2
SOOP,뚠개냥,1019.4,1077,1053,957,6.5,10,6.3538461538461535,41.3
SOOP,갓포보,1020.8,996,1012,1042,5.2,11,6.673076923076923,34.7
치지직,오브 AUBE,1021,1077,1435,579,25.4,10,4.102362204724409,104.2
치지직,곰머꼭이,1021.2,862,836,1286,2.4,13,8.666666666666666,20.8
치지직,Immunity04,1023,811,1669,483,44.3,14,3.2076749435665914,142.1
치지직,유구리YOOGURI,1023.4,1077,986,1034,5.1,10,6.882352941176471,35.1
치지직,콤 COM,1024.8,672,733,1493,1.4,17,10.071428571428571,14.1
치지직,뽀실애기,1025,1077,960,1064,4.7,10,7.1063829787234045,33.4
SOOP,하나★,1025.4,1077,839,1186,3,10,8.6,25.8
SOOP,로지rozi,1028.2,1407,1202,665,16.2,7,5.209876543209877,84.4
치지직,현아빈,1031.6,922,1153,965,7.3,12,5.589041095890411,40.8
치지직,불멸의라볶이,1032,996,1541,541,31.8,11,3.6729559748427674,116.8
치지직,윤별3,1032.4,922,1101,1019,6.1,12,5.950819672131147,36.3
치지직,콩이라고해,1033.6,996,1205,881,9.6,11,5.177083333333333,49.7
치지직,플로스05,1035.8,1077,1084,967,6.6,10,6.121212121212121,40.4
치지직,그누그누gunugunu,1036.8,1172,1468,538,29.6,9,3.97972972972973,117.8
치지직,디움,1037.2,922,761,1371,1.8,12,9.666666666666666,17.4
SOOP,각하늘,1038,922,777,1357,1.9,12,9.473684210526315,18
치지직,니치 nichi,1038,996,799,1298,2.2,11,9.136363636363637,20.1
치지직,김깨이,1040.2,1077,966,1096,4.4,10,7.045454545454546,31
치지직,아즈칸 류,1040.4,922,911,1229,3.1,12,7.645161290322581,23.7
치지직,Xigma,1043.6,922,1265,883,10.2,12,4.8431372549019605,49.4
SOOP,멜랴.,1044,1172,1082,942,6.9,9,6.130434782608695,42.3
SOOP,니크스,1044.4,922,841,1309,2.3,12,8.565217391304348,19.7
치지직,우에노 유키,1044.8,862,843,1338,2.2,13,8.545454545454545,18.8
치지직,제갈혜선,1044.8,862,941,1240,3.2,13,7.28125,23.3
치지직,선밀크,1045,1077,1168,906,8.4,10,5.464285714285714,45.9
치지직,황빵태,1045.2,922,1092,1060,5.6,12,6.017857142857143,33.7
SOOP,김초밥:>,1048,1172,1116,918,7.7,9,5.857142857142857,45.1
치지직,공겜이좋아요,1048.4,922,886,1274,2.7,12,7.888888888888889,21.3
SOOP,도미-,1048.4,996,756,1367,1.8,11,9.722222222222221,17.5
치지직,송블리v,1048.4,922,1028,1132,4.4,12,6.568181818181818,28.9
치지직,콩유디 YUDI,1049.6,862,967,1226,3.4,13,7.029411764705882,23.9
치지직,김고도,1050,996,1551,576,29,11,3.627586206896552,105.2
치지직,향 아,1050.6,755,844,1405,1.9,15,8.526315789473685,16.2
치지직,루넬LucyNell,1050.6,811,659,1562,1.1,14,11.363636363636363,12.5
SOOP,루안!,1051.6,996,920,1211,3.3,11,7.515151515151516,24.8
치지직,dozzy,1054,922,1056,1118,4.7,12,6.319148936170213,29.7
치지직,희샤,1055.2,672,873,1429,1.9,17,8.105263157894736,15.4
치지직,지영모1,1059.2,996,1505,645,23.1,11,3.8225108225108224,88.3
치지직,미오29살,1059.4,755,631,1640,0.9,15,12,10.8
치지직,별빛꿈요,1060,996,1092,1060,5.6,11,6.017857142857143,33.7
치지직,라몬 사쿠 Lamon Saku,1063.6,862,907,1321,2.5,13,7.68,19.2
치지직,여나몽,1065.6,922,1282,921,9.3,12,4.78494623655914,44.5
치지직,SONA 쏘나양,1066.6,811,1008,1253,3.4,14,6.705882352941177,22.8
치지직,베키Becky,1066.8,862,1057,1179,4.1,13,6.317073170731708,25.9
치지직,헤카테문,1068.8,1172,1376,710,16.9,9,4.378698224852071,74
치지직,노나는 게임중,1068.8,996,1142,1032,6.2,11,5.67741935483871,35.2
SOOP,프라이,1069.6,922,825,1388,1.9,12,8.789473684210526,16.7
SOOP,CARU.,1070.4,1172,930,1160,3.7,9,7.378378378378378,27.3
치지직,백일화,1070.4,862,878,1367,2.2,13,7.954545454545454,17.5
치지직,광 진 구,1070.4,996,1178,1000,7,11,5.3428571428571425,37.4
씨미,차쑤냥,1071.2,584,1397,989,8.9,20,4.280898876404494,38.1
치지직,홍일이,1072.8,922,942,1279,2.9,12,7.275862068965517,21.1
SOOP,하현♪,1074.2,1537,1466,451,39.5,6,3.9873417721518987,157.5
SOOP,메메_,1076.8,1282,1586,465,42.3,8,3.517730496453901,148.8
치지직,힙합2,1078,922,932,1302,2.7,12,7.37037037037037,19.9
SOOP,보리v,1079.2,1172,1045,1067,5.2,9,6.403846153846154,33.3
SOOP,주화이_,1079.2,996,1378,822,12.9,11,4.364341085271318,56.3
SOOP,#김미키,1080,996,768,1434,1.6,11,9.5625,15.3
SOOP,피아__,1080.6,1077,849,1314,2.3,10,8.478260869565217,19.5
치지직,뿌랫,1080.8,996,1074,1130,4.7,11,6.170212765957447,29
SOOP,간태,1081.8,1077,877,1289,2.6,10,7.961538461538462,20.7
SOOP,윈터º,1087.2,1172,1268,864,10.6,9,4.830188679245283,51.2
치지직,지미이입니다,1089.6,1172,1599,539,33.7,9,3.4896142433234423,117.6
치지직,어리바리곤듀,1090.6,1077,1076,1112,4.9,10,6.163265306122449,30.2
치지직,한두울,1091,1077,982,1207,3.6,10,6.916666666666667,24.9
치지직,lynz 린지,1091.6,1282,1618,470,43.7,8,3.3661327231121283,147.1
SOOP,세로-,1092.4,1282,1017,1073,4.9,8,6.653061224489796,32.6
SOOP,므가앙,1093.4,1077,1075,1120,4.8,10,6.166666666666667,29.6
치지직,토1토,1093.6,922,943,1330,2.6,12,7.269230769230769,18.9
SOOP,도람.,1094.2,1077,816,1381,1.9,10,8.947368421052632,17
치지직,V바헨,1094.4,996,875,1363,2.2,11,8.045454545454545,17.7
치지직,아콩핑,1095.2,996,1248,992,7.7,11,4.935064935064935,38
치지직,iyong,1095.4,811,1003,1330,2.8,14,6.75,18.9
치지직,마부카,1095.4,1077,1489,711,19,10,3.8842105263157896,73.8
치지직,쩡가,1095.6,996,1274,967,8.4,11,4.809523809523809,40.4
치지직,인댕댕,1095.8,811,1211,1123,5.7,14,5.140350877192983,29.3
SOOP,솔이가왔솔,1096.4,862,731,1579,1.2,13,10.083333333333334,12.1
치지직,야마치,1096.4,922,783,1497,1.5,12,9.333333333333334,14
치지직,땽땽,1096.4,862,962,1348,2.6,13,7.076923076923077,18.4
SOOP,김강생1,1097,1537,1488,486,36.3,6,3.884297520661157,141
SOOP,리리하,1097.4,1077,834,1371,2,10,8.7,17.4
SOOP,노아_짱,1097.6,1172,972,1186,3.7,9,6.972972972972973,25.8
치지직,하늘찬,1098.4,862,758,1557,1.3,13,9.692307692307692,12.6
SOOP,고백일,1099.4,755,561,1810,0.6,15,13.666666666666666,8.2
치지직,진짜루비,1099.6,608,715,1730,0.9,19,10.444444444444445,9.4
치지직,김덩치,1102.6,1077,1114,1104,5.2,10,5.865384615384615,30.5
치지직,백뮤아,1107.2,996,952,1318,2.7,11,7.185185185185185,19.4
치지직,랍벤뎀,1107.6,996,1288,983,8.2,11,4.7439024390243905,38.9
치지직,Jude주드,1107.8,1077,1233,998,7.5,10,5,37.5
치지직,아주모,1108,922,904,1405,2.1,12,7.714285714285714,16.2
SOOP,심성°,1110.8,1282,1270,866,10.6,8,4.820754716981132,51.1
치지직,우샤땅,1110.8,996,968,1311,2.8,11,7,19.6
치지직,포이Poye,1113.2,996,808,1477,1.6,11,9,14.4
치지직,아델리 Adelie,1114.2,755,577,1831,0.6,15,13.166666666666666,7.9
SOOP,강삐닝,1114.8,862,669,1687,0.9,13,11.222222222222221,10.1
치지직,POTG 조혜지,1116.4,862,1221,1139,5.6,13,5.089285714285714,28.5
치지직,혜지는혜지,1117.4,1077,1249,1006,7.5,10,4.933333333333334,37
SOOP,떤디,1117.6,922,718,1615,1.1,12,10.363636363636363,11.4
치지직,멜 이,1118,862,867,1497,1.7,13,8.235294117647058,14
치지직,시춘,1118.4,862,1035,1330,2.9,13,6.517241379310345,18.9
치지직,유직 YUZIK,1120.6,755,666,1758,0.8,15,11.25,9
치지직,라멜Ramel,1120.8,996,1128,1176,4.5,11,5.777777777777778,26
SOOP,까미꿍,1121,1077,800,1464,1.6,10,9.125,14.6
치지직,불녀,1121.2,862,1179,1193,4.8,13,5.333333333333333,25.6
치지직,뚜시땨시,1121.6,1172,1195,1023,6.9,9,5.246376811594203,36.2
치지직,Gyomin,1122.8,922,1134,1212,4.3,12,5.744186046511628,24.7
치지직,장금만,1123.2,1172,1635,587,30.8,9,3.3084415584415585,101.9
치지직,릴라차,1124,862,1131,1248,4,13,5.775,23.1
치지직,롤 동 현,1126,996,1416,901,11.1,11,4.207207207207207,46.7
씨미,천호당,1127.2,922,805,1552,1.4,12,9.071428571428571,12.7
치지직,플로탸,1127.2,1282,1578,599,27.9,8,3.5412186379928317,98.8
치지직,호 람,1129,1077,890,1394,2.1,10,7.857142857142857,16.5
SOOP,sp1nel,1131,1077,1100,1189,4.3,10,5.976744186046512,25.7
치지직,쪼리비,1131.2,638,459,2050,0.3,18,17.333333333333332,5.2
치지직,Red rose 로즈양,1133.6,1172,1051,1197,4,9,6.375,25.5
SOOP,훈논,1134.2,1537,1564,503,37,6,3.5783783783783782,132.4
SOOP,영준이예요_,1134.4,1282,1208,987,7.4,8,5.162162162162162,38.2
SOOP,백춘식.,1135.2,1282,1464,733,17.4,8,3.9885057471264367,69.4
치지직,솔라solar,1135.4,1077,1491,809,15,10,3.88,58.2
치지직,시저1,1136.8,996,1730,614,31.8,11,3.0220125786163523,96.1
치지직,나비 NABII,1136.8,1282,1250,951,8.5,8,4.91764705882353,41.8
치지직,꽃삐 DisToPia,1137.2,922,988,1394,2.4,12,6.875,16.5
치지직,샌집사,1138.2,1077,1009,1298,3,10,6.7,20.1
치지직,필살나노융화,1140,584,1521,1037,9.3,20,3.763440860215054,35
SOOP,광살탄,1140.6,1537,1439,644,21.7,6,4.073732718894009,88.4
SOOP,부버#,1141.4,1537,1173,912,8.4,6,5.416666666666667,45.5
치지직,김화백,1141.6,1172,1042,1226,3.7,9,6.45945945945946,23.9
치지직,일반 Ilvan,1142,862,666,1758,0.8,13,11.25,9
치지직,세현 Sehyun,1142.2,755,976,1502,2,15,6.95,13.9
치지직,냥타몽,1143.6,862,735,1693,1,13,10,10
SOOP,구월_九月,1144.6,1077,785,1538,1.4,10,9.285714285714286,13
SOOP,똘복!,1145,755,570,1915,0.5,15,13.4,6.7
치지직,하찮은돌맹이,1145.2,996,808,1557,1.4,11,9,12.6
치지직,낑물개,1145.6,1172,1172,1106,5.6,9,5.428571428571429,30.4
SOOP,인티지,1147.2,1714,1537,474,39.6,5,3.6893939393939394,146.1
치지직,녜코,1147.8,1077,918,1413,2.1,10,7.571428571428571,15.9
치지직,앙탈깜지,1153.6,996,893,1493,1.8,11,7.833333333333333,14.1
치지직,오리구연,1154,1282,1732,512,42.8,8,3.0046728971962615,128.6
치지직,신드멘,1155.6,1172,1091,1212,4.1,9,6.024390243902439,24.7
SOOP,왕도련,1157.6,996,720,1676,1,11,10.3,10.3
치지직,아키라 카와 akira kawa,1157.8,755,580,1937,0.5,15,13,6.5
치지직,하이지이,1158.8,1172,1447,864,12.8,9,4,51.2
SOOP,개뼈형,1159.2,1172,974,1338,2.7,9,6.962962962962963,18.8
치지직,크헐헐,1159.6,1172,1271,1042,7.2,9,4.819444444444445,34.7
치지직,마철용3,1162,1172,1779,540,40.2,9,2.9129353233830844,117.1
SOOP,해피핑,1162.6,1407,1335,868,11.1,7,4.54954954954955,50.5
치지직,Ruby짱,1163.4,1077,1344,1026,8,10,4.5,36
치지직,샤라킹 Shine Like a King,1165.8,1077,1858,518,47.2,10,2.663135593220339,125.7
SOOP,김만섭999,1168.2,1537,1582,570,30.4,6,3.5296052631578947,107.3
치지직,너구리 살생부,1169.2,1282,1231,1051,6.8,8,5.014705882352941,34.1
치지직,라큐 laQ,1169.6,996,1299,1127,6.2,11,4.709677419354839,29.2
치지직,멍 한,1170,1172,1184,1155,5.2,9,5.3076923076923075,27.6
치지직,짱짱도규니,1171.2,922,787,1680,1.1,12,9.272727272727273,10.2
치지직,리퐁뚜,1171.2,996,797,1633,1.2,11,9.166666666666666,11
치지직,주해우,1171.6,1282,1619,669,24.9,8,3.3654618473895583,83.8
SOOP,한백_,1171.6,1714,1573,499,37.7,5,3.546419098143236,133.7
SOOP,배아인.,1172,1172,858,1486,1.7,9,8.352941176470589,14.2
SOOP,라헨_,1172.4,1282,1506,784,16,8,3.81875,61.1
치지직,닉길,1173.2,1172,1088,1259,3.7,9,6.081081081081081,22.5
치지직,르데roode,1173.2,672,1080,1517,2.2,17,6.136363636363637,13.5
SOOP,다엘_,1174.8,1172,1296,1055,7.2,9,4.722222222222222,34
치지직,Trekking,1176.6,1077,1679,724,22.5,10,3.168888888888889,71.3
치지직,닝 야,1176.8,1172,1447,909,11.4,9,4,45.6
치지직,소라 conch,1178.6,1077,1067,1341,3,10,6.233333333333333,18.7
치지직,청아하게,1179.6,1282,1257,1051,7,8,4.871428571428571,34.1
치지직,방모걸,1180,1172,1387,977,9.2,9,4.326086956521739,39.8
치지직,카야jamkaya,1181.6,922,735,1758,0.9,12,10,9
치지직,아츠키 Atsuki,1181.6,922,703,1790,0.8,12,10.625,8.5
SOOP,정초아,1182.4,996,876,1582,1.5,11,8,12
치지직,룽지123,1182.4,1172,1487,883,12.7,9,3.8897637795275593,49.4
치지직,ow ravi,1182.6,1077,1502,916,11.8,10,3.830508474576271,45.2
SOOP,멍염디,1183.2,1172,1330,1042,7.6,9,4.565789473684211,34.7
SOOP,든세2,1183.4,1537,1389,801,13.6,6,4.3161764705882355,58.7
치지직,군만두 kunmandu,1186.4,996,819,1649,1.2,11,8.916666666666666,10.7
치지직,김이딴,1188.6,1077,1034,1399,2.5,10,6.52,16.3
치지직,인간승릐,1190,1282,1372,962,9.3,8,4.397849462365591,40.9
치지직,몽블랑도너츠,1191.2,1172,1170,1222,4.4,9,5.454545454545454,24
치지직,오슈니,1191.4,1407,1303,972,8.6,7,4.674418604651163,40.2
SOOP,별시아,1192.4,922,784,1736,1,12,9.3,9.3
치지직,솜하치,1193,1077,1338,1106,6.7,10,4.537313432835821,30.4
치지직,구새우,1195.2,1172,1300,1102,6.5,9,4.707692307692308,30.6
치지직,지존용사,1195.8,1077,1032,1419,2.4,10,6.541666666666667,15.7
SOOP,크헐헐,1197,1537,1213,1011,7.2,6,5.111111111111111,36.8
치지직,만듀터,1198.2,1077,1005,1452,2.2,10,6.7272727272727275,14.8
SOOP,홍연화.,1201.2,1172,965,1452,2.1,9,7.0476190476190474,14.8
치지직,뾰 로 롱,1201.8,1077,1113,1353,3.1,10,5.870967741935484,18.2
치지직,키이로옐,1202,1172,1117,1302,3.4,9,5.852941176470588,19.9
치지직,안룡98,1202.8,1172,1351,1070,7.4,9,4.472972972972973,33.1
치지직,타마마 V,1203.2,1282,1560,807,16.2,8,3.5987654320987654,58.3
치지직,셀레스틴celestyn,1204.4,1172,1584,841,15.4,9,3.5259740259740258,54.3
치지직,쿄 하,1204.4,996,1295,1218,5.1,11,4.7254901960784315,24.1
SOOP,뜌듸,1205,1537,1348,896,10.7,6,4.4766355140186915,47.9
치지직,김나리,1206.4,1172,1368,1062,7.6,9,4.407894736842105,33.5
SOOP,까마귀_____,1206.4,922,1026,1529,2,12,6.6,13.2
치지직,에스타,1207.6,1172,991,1442,2.2,9,6.863636363636363,15.1
치지직,king,1208.4,1172,1577,858,14.7,9,3.54421768707483,52.1
치지직,현재 Hyunjae,1209.6,1172,1216,1222,4.7,9,5.1063829787234045,24
치지직,리딩11,1209.8,1077,1022,1464,2.2,10,6.636363636363637,14.6
치지직,유윤온,1210,1172,975,1464,2.1,9,6.9523809523809526,14.6
SOOP,lyn.z♡,1212.4,1714,1660,514,39.3,5,3.241730279898219,127.4
SOOP,미리에·,1212.8,862,631,1970,0.5,13,12,6
치지직,Pav2l,1213.2,996,1356,1179,5.8,11,4.4655172413793105,25.9
씨미,아야네 호타루,1213.4,1077,898,1597,1.5,10,7.8,11.7
치지직,마쉬멜로기록보관소,1214.2,1407,1723,609,32.1,7,3.040498442367601,97.6
치지직,라인하르트몽실이,1220,922,1447,1142,7.1,12,4,28.4
치지직,윤디v,1220.6,1077,1498,1015,9.5,10,3.8421052631578947,36.5
치지직,셀 랑,1221,1077,1495,1019,9.4,10,3.8617021276595747,36.3
치지직,문버터,1221.6,1282,1412,1001,8.8,8,4.2272727272727275,37.2
치지직,PhantomDog,1222.6,1077,1054,1464,2.3,10,6.3478260869565215,14.6
치지직,로다모,1222.8,1282,1556,860,14.3,8,3.6013986013986012,51.5
SOOP,미요♭,1225.4,1077,750,1775,0.9,10,9.777777777777779,8.8
SOOP,자용이,1225.6,996,808,1758,1,11,9,9
치지직,유찐이,1227.8,1077,916,1615,1.5,10,7.6,11.4
치지직,밍뭉망,1228.2,1407,1402,965,9.6,7,4.25,40.8
치지직,발라티아 루,1228.8,1172,914,1572,1.6,9,7.625,12.2
치지직,활친놈 말쭈기,1229.2,1282,1663,769,19.7,8,3.228426395939086,63.6
SOOP,우짜.,1229.4,1407,1266,1104,6.3,7,4.841269841269841,30.5
치지직,현식1111,1231.2,1172,1394,1098,7.2,9,4.291666666666667,30.9
치지직,MRKK,1232.2,1077,855,1687,1.2,10,8.416666666666666,10.1
SOOP,흐르련,1232.4,1172,898,1597,1.5,9,7.8,11.7
치지직,레오 130,1234.4,1172,1204,1296,3.9,9,5.17948717948718,20.2
치지직,날2,1235.8,1407,1244,1142,5.7,7,4.982456140350878,28.4
치지직,송하v,1236.2,1077,1259,1293,4.2,10,4.857142857142857,20.4
SOOP,깅태,1236.6,1407,1136,1252,4,7,5.725,22.9
치지직,하밍2,1237.2,996,1046,1549,2,11,6.4,12.8
SOOP,이연지다,1240.4,1282,1321,1139,6.2,8,4.596774193548387,28.5
SOOP,리쟈♥,1241.6,1172,1054,1464,2.3,9,6.3478260869565215,14.6
SOOP,suna03,1241.6,1714,1616,631,27.5,5,3.3781818181818184,92.9
치지직,링스RingS,1241.6,1282,1291,1172,5.6,8,4.732142857142857,26.5
치지직,신한지,1242.2,1407,1766,636,30.9,7,2.954692556634304,91.3
치지직,짤랑이,1244.2,1077,1229,1343,3.7,10,5.027027027027027,18.6
치지직,매뮤,1244.4,1172,953,1572,1.7,9,7.176470588235294,12.2
치지직,감하루,1244.8,1172,1256,1270,4.4,9,4.886363636363637,21.5
치지직,졍끼끼,1246,1172,1043,1486,2.2,9,6.454545454545454,14.2
치지직,무홍시,1248.4,1172,1119,1416,2.7,9,5.851851851851852,15.8
SOOP,이키니,1249,1407,1117,1302,3.4,7,5.852941176470588,19.9
치지직,코라 qora,1249.8,1077,1407,1179,6.1,10,4.245901639344262,25.9
치지직,로이드윈,1252,1282,1514,975,10.6,8,3.7735849056603774,40
SOOP,아론페이지_,1252,1282,1159,1330,3.4,8,5.5588235294117645,18.9
SOOP,최윤주,1253.8,1537,1427,939,10.3,6,4.135922330097087,42.6
치지직,반지하냥,1254.4,862,735,1970,0.6,13,10,6
치지직,여우비SUNSHOWER,1254.6,1407,1507,926,11.4,7,3.807017543859649,43.4
치지직,멍써,1254.8,1172,1087,1464,2.4,9,6.083333333333333,14.6
치지직,설여운,1255.4,1077,1233,1367,3.5,10,5,17.5
치지직,하뭉몽,1255.8,1077,996,1605,1.7,10,6.823529411764706,11.6
치지직,XL2M,1256.6,1077,1187,1416,3,10,5.266666666666667,15.8
치지직,타키리,1257,1077,978,1626,1.6,10,6.9375,11.1
치지직,양이번,1258.6,1077,883,1725,1.2,10,7.916666666666667,9.5
치지직,jojii,1259.8,1407,1671,775,19.4,7,3.2010309278350517,62.1
SOOP,판누.,1260,1714,1643,650,26.7,5,3.292134831460674,87.9
SOOP,꼬시앵,1260.6,1537,1223,1160,5.4,6,5.055555555555555,27.3
치지직,최랭,1263.6,1282,1140,1378,3,8,5.7,17.1
치지직,츠키노 이 치,1263.6,1282,1158,1360,3.2,8,5.5625,17.8
치지직,TEMA,1264.8,1172,1733,843,18,9,3,54
치지직,김띵띵띵,1268.8,996,1041,1633,1.7,11,6.470588235294118,11
치지직,댕라미,1268.8,1172,1162,1424,2.8,9,5.535714285714286,15.5
치지직,오호리양,1270.8,996,1222,1457,2.9,11,5.068965517241379,14.7
치지직,데자뷰12,1270.8,996,1280,1399,3.4,11,4.794117647058823,16.3
SOOP,드루미_,1273.6,1282,1018,1525,2,8,6.65,13.3
SOOP,밀꾸랑써니랑,1275.4,1407,1051,1434,2.4,7,6.375,15.3
치지직,쩐다롱,1276.6,1407,1447,1041,8.7,7,4,34.8
SOOP,시루엣,1278.2,1407,1708,784,19.8,7,3.085858585858586,61.1
치지직,owkamo,1278.4,922,1283,1452,3.1,12,4.774193548387097,14.8
치지직,은성ow,1280.2,1407,1605,892,14,7,3.4642857142857144,48.5
치지직,이백도baekdo,1280.4,1172,1361,1254,5.1,9,4.450980392156863,22.7
치지직,Aragakiyui,1280.8,1172,1305,1311,4.2,9,4.666666666666667,19.6
SOOP,wanew11,1281.4,1407,1640,860,15.6,7,3.301282051282051,51.5
치지직,콩실이s,1282.6,1407,1388,1115,6.9,7,4.318840579710145,29.8
치지직,유즈사 헤라,1282.8,1172,988,1633,1.6,9,6.875,11
치지직,부활이 BUHWAL,1283.8,1407,1464,1042,8.7,7,3.9885057471264367,34.7
SOOP,델핀Delphin,1283.8,1537,1176,1265,4.1,6,5.390243902439025,22.1
치지직,현 냥 0w0,1284,1282,1112,1457,2.5,8,5.88,14.7
치지직,김갤덕,1284.4,1282,1915,655,35.2,8,2.460227272727273,86.6
치지직,o빵봉투,1284.8,996,859,1855,0.9,11,8.333333333333334,7.5
치지직,치지직도붕이,1287.2,1282,1342,1235,5.2,8,4.519230769230769,23.5
치지직,거야,1289,1407,1441,1078,8,7,4.05,32.4
SOOP,말즈,1289,1407,1326,1193,5.6,7,4.571428571428571,25.6
치지직,다이진888,1289.4,1407,1314,1206,5.4,7,4.62962962962963,25
치지직,지우기,1292.4,1282,1391,1199,5.9,8,4.305084745762712,25.4
치지직,메다지,1293.6,1282,1263,1330,3.9,8,4.846153846153846,18.9
SOOP,이따비,1295.2,1172,1095,1557,2.1,9,6,12.6
치지직,한망울,1295.2,1282,925,1672,1.4,8,7.428571428571429,10.4
SOOP,후니Huniee,1295.8,1407,1188,1348,3.5,7,5.257142857142857,18.4
씨미,김탄2,1296,1282,1247,1352,3.7,8,4.945945945945946,18.3
씨미,애퍼타이트 apatite,1298.4,1172,1587,1073,9.3,9,3.5053763440860215,32.6
치지직,단세포군,1300,1172,1576,1088,9,9,3.5444444444444443,31.9
치지직,Setsuna 셋슈나,1301.4,1077,1186,1529,2.5,10,5.28,13.2
SOOP,벨로스레아,1302.2,1407,1686,866,16.2,7,3.154320987654321,51.1
치지직,사노님,1305.6,996,1768,998,12.7,11,2.952755905511811,37.5
치지직,단피아,1306.4,1282,1896,729,28,8,2.5214285714285714,70.6
치지직,메리 미,1306.8,1172,895,1786,1.1,9,7.818181818181818,8.6
SOOP,돌바난,1307.4,1407,1123,1442,2.6,7,5.8076923076923075,15.1
SOOP,도이한,1307.8,1407,1565,1001,10.4,7,3.576923076923077,37.2
치지직,차차삐,1308.4,1172,1272,1413,3.3,9,4.818181818181818,15.9
치지직,유세화 USeHwa,1308.4,1282,1206,1424,3,8,5.166666666666667,15.5
SOOP,닝야_Ningya,1308.6,1537,1542,961,11.2,6,3.669642857142857,41.1
치지직,델라DELLA,1309.2,1172,1349,1338,4.2,9,4.476190476190476,18.8
치지직,행주맨,1309.6,1172,1473,1215,6.2,9,3.9516129032258065,24.5
치지직,오늘도연하,1310.2,1407,1523,1049,9.1,7,3.758241758241758,34.2
치지직,곰도링,1310.4,1282,1219,1416,3.1,8,5.096774193548387,15.8
치지직,잭잭418,1310.4,1172,1226,1464,2.9,9,5.0344827586206895,14.6
치지직,은서하,1310.8,1172,1004,1687,1.5,9,6.733333333333333,10.1
치지직,에노1566,1310.8,1282,1070,1566,2,8,6.2,12.4
치지직,덕귤,1310.8,1282,1227,1409,3.2,8,5.03125,16.1
치지직,노아린o,1311,1407,1568,1006,10.4,7,3.5576923076923075,37
치지직,문리아,1311.8,1407,1442,1134,7.1,7,4.042253521126761,28.7
치지직,이월짱,1312,1282,1410,1229,5.6,8,4.232142857142857,23.7
치지직,Imalone,1315.2,1282,1078,1569,2,8,6.15,12.3
치지직,l아삭l,1316,1282,1409,1240,5.5,8,4.236363636363636,23.3
SOOP,화니다요,1316.2,1077,933,1819,1.1,10,7.363636363636363,8.1
SOOP,유브16,1317.6,1714,1287,1150,5.9,5,4.745762711864407,28
SOOP,심복춘,1317.8,1407,1105,1486,2.4,7,5.916666666666667,14.2
치지직,LEE여름,1318,1172,1060,1649,1.7,9,6.294117647058823,10.7
치지직,투유toyou,1320,1282,1913,746,27.3,8,2.4652014652014653,67.3
치지직,쑤쨔마,1320.6,1077,886,1877,0.9,10,7.888888888888889,7.1
치지직,호에얌,1321.2,996,735,2070,0.5,11,10,5
치지직,이구 IGU,1321.8,1537,1684,852,16.7,6,3.161676646706587,52.8
치지직,박아서,1324.6,1077,1480,1293,5.2,10,3.923076923076923,20.4
SOOP,윤봉.,1327.6,1714,1566,896,13.4,5,3.574626865671642,47.9
치지직,초련쌤,1328.6,1407,1228,1390,3.3,7,5.03030303030303,16.6
치지직,해설아 Haeseola,1330,1172,1033,1706,1.5,9,6.533333333333333,9.8
치지직,도하비,1330.2,1077,1709,1078,10.5,10,3.085714285714286,32.4
SOOP,백하누,1330.6,1407,1956,667,35.8,7,2.3491620111731844,84.1
치지직,아마네 라네,1331.2,996,748,2082,0.5,11,9.8,4.9
치지직,김세현123,1332.8,1172,1975,771,27.6,9,2.2971014492753623,63.4
치지직,Goo9ooCat,1333,1077,1431,1363,4.3,10,4.116279069767442,17.7
치지직,민므다요,1333.2,996,854,1981,0.7,11,8.428571428571429,5.9
치지직,쏘냥이,1334,1172,1659,1090,9.7,9,3.247422680412371,31.5
SOOP,판다비♥,1336,922,662,2217,0.3,12,11.333333333333334,3.4
치지직,안녕나기,1336.4,1282,1815,885,17.7,8,2.7796610169491527,49.2
치지직,IAmTeufel,1336.6,1407,1678,960,13,7,3.169230769230769,41.2
SOOP,시바멍,1338.4,1282,962,1743,1.3,8,7.076923076923077,9.2
치지직,아12시42분,1338.8,1172,1352,1409,3.6,9,4.472222222222222,16.1
치지직,후 야,1340.8,1172,1108,1658,1.8,9,5.888888888888889,10.6
SOOP,elvaow,1340.8,1714,1550,945,11.6,5,3.6293103448275863,42.1
SOOP,칡진욱,1341,1407,1275,1374,3.6,7,4.805555555555555,17.3
치지직,츄가린,1342,1282,1293,1421,3.3,8,4.7272727272727275,15.6
치지직,에나비아 라일린,1343.2,1282,1120,1597,2,8,5.85,11.7
치지직,마종수,1344,1282,2042,677,39,8,2.076923076923077,81
치지직,밋밋1,1344,1282,1213,1506,2.7,8,5.111111111111111,13.8
치지직,이태원압구정클럽,1345.6,1282,1478,1245,5.9,8,3.9322033898305087,23.2
치지직,앵 두몽,1346,1282,1885,839,21.4,8,2.5514018691588785,54.6
SOOP,단디팍,1346.2,1537,1341,1256,5,6,4.52,22.6
치지직,한조무래기,1348.4,1282,1125,1605,2,8,5.8,11.6
치지직,쮸베,1348.8,1282,1350,1381,3.8,8,4.473684210526316,17
치지직,클레버리1,1350,1172,1083,1706,1.6,9,6.125,9.8
치지직,호아랑,1350.4,1172,865,1925,0.8,9,8.25,6.6
SOOP,김호두._,1351.4,1537,1292,1318,4.1,6,4.7317073170731705,19.4
치지직,마민 mamin,1352.4,996,1225,1658,2.1,11,5.0476190476190474,10.6
SOOP,콩빈,1354,1714,1821,707,27,5,2.7555555555555555,74.4
치지직,마키 Makii,1354.6,1407,1767,916,15.3,7,2.954248366013072,45.2
치지직,비스켓 Biscuit,1355,1407,1636,1048,10.4,7,3.3076923076923075,34.4
SOOP,ArgonKHS,1357,1407,1433,1256,5.5,7,4.109090909090909,22.6
치지직,박페페z,1357.6,1282,1668,1085,10,8,3.21,32.1
치지직,후유네 S2,1358,996,735,2162,0.4,11,10,4
SOOP,그림자2,1359,1939,2018,410,83.6,4,2.161483253588517,180.7
치지직,먀림,1360,1172,1156,1658,1.9,9,5.578947368421052,10.6
SOOP,박오훈,1362.2,1939,1930,506,54.9,4,2.406193078324226,132.1
SOOP,임효람,1362.4,1282,1046,1719,1.5,8,6.4,9.6
SOOP,마키___,1363.8,1537,1728,913,15,6,3.026666666666667,45.4
치지직,세상 1234,1365,1537,1891,753,26.2,6,2.5381679389312977,66.5
치지직,너삼2,1365.6,1282,1259,1514,2.8,8,4.857142857142857,13.6
치지직,김테리TERY,1366.6,1077,985,1893,1,10,6.9,6.9
치지직,이히로 HERO,1367.8,1407,1444,1272,5.3,7,4.037735849056604,21.4
치지직,IlllIlIlIllIIllI,1368.4,1282,1650,1130,8.9,8,3.258426966292135,29
SOOP,김민석:0,1368.6,1537,1602,1051,9.8,6,3.479591836734694,34.1
SOOP,마철용3,1369.4,1939,1847,607,36.4,4,2.6868131868131866,97.8
치지직,솜달이,1369.6,1282,1538,1245,6.3,8,3.6825396825396823,23.2
SOOP,무캄바_,1370.2,1407,1374,1348,4.2,7,4.380952380952381,18.4
치지직,맛있는 너구리라면,1370.8,1172,1694,1147,9,9,3.1333333333333333,28.2
SOOP,최낙타.,1371.6,1172,888,1955,0.8,9,7.875,6.3
치지직,SCOOOOOOOTTIE,1374,1172,1912,937,17.3,9,2.468208092485549,42.7
치지직,이도은,1374,1282,1301,1493,3,8,4.7,14.1
SOOP,게코갬성,1375,1939,1646,822,17.2,4,3.2732558139534884,56.3
SOOP,김잇딥,1377.2,1282,1089,1713,1.6,8,6.0625,9.7
SOOP,김다원.,1378.4,1714,1508,1081,8.5,5,3.8,32.3
SOOP,지아송,1379.6,996,869,2082,0.6,11,8.166666666666666,4.9
SOOP,핑빠리,1381.8,811,545,2504,0.1,14,14,1.4
치지직,탕 Tang,1382,1282,1156,1658,1.9,8,5.578947368421052,10.6
치지직,제나의일기,1383,1407,1479,1275,5.4,7,3.925925925925926,21.2
SOOP,한남99호,1384.2,1407,1310,1447,3.2,7,4.65625,14.9
SOOP,잭잭,1384.2,1537,1252,1440,3.1,6,4.903225806451613,15.2
치지직,샤드님,1385.4,1077,1496,1429,4,10,3.85,15.4
치지직,김삼이,1386.2,1407,1253,1509,2.8,7,4.892857142857143,13.7
SOOP,요잉이라니까,1389.2,1714,1325,1291,4.5,5,4.5777777777777775,20.6
치지직,체이 서,1390,1714,1927,691,31.8,5,2.4276729559748427,77.2
치지직,서울토끼,1390.4,1172,1311,1579,2.6,9,4.653846153846154,12.1
SOOP,큰욱이,1390.6,1537,1309,1399,3.5,6,4.6571428571428575,16.3
치지직,DOYOULOVEME,1391.2,1172,1445,1447,3.7,9,4.027027027027027,14.9
치지직,PasaCrow,1391.2,1282,1014,1823,1.2,8,6.666666666666667,8
SOOP,김종국국,1391.6,2202,2028,350,112.6,3,2.136767317939609,240.6
치지직,ScARfaCE0231,1392,1282,1167,1672,1.9,8,5.473684210526316,10.4
치지직,헉븜켁븜,1392.2,1407,1180,1597,2.2,7,5.318181818181818,11.7
치지직,무시카092,1394,1172,1201,1698,1.9,9,5.2105263157894735,9.9
치지직,즘띠,1396.4,1282,1210,1640,2.1,8,5.142857142857143,10.8
치지직,호서윤,1397.2,1282,997,1855,1.1,8,6.818181818181818,7.5
치지직,김뀨띠,1398,996,1540,1457,4,11,3.675,14.7
치지직,슈니치,1398.8,1172,2049,862,24.9,9,2.0602409638554215,51.3
SOOP,동현*_*,1400.6,1537,1634,1099,9.3,6,3.3118279569892475,30.8
치지직,V1STA,1401.2,1172,1415,1502,3.3,9,4.212121212121212,13.9
치지직,민희님,1403.4,1407,1859,946,15.8,7,2.6582278481012658,42
치지직,련히,1403.4,1407,1411,1394,3.9,7,4.230769230769231,16.5
SOOP,소망망이,1403.8,1407,1070,1736,1.5,7,6.2,9.3
치지직,소보로시,1406.2,1407,1339,1473,3.2,7,4.53125,14.5
치지직,스맛꽁,1406.6,1537,1588,1160,7.8,6,3.5,27.3
치지직,다르 Dar,1406.8,1282,1314,1562,2.7,8,4.62962962962963,12.5
SOOP,꽃삐D.T.P,1407.4,1407,1233,1582,2.4,7,5,12
치지직,아스인asin,1407.4,1407,1358,1457,3.3,7,4.454545454545454,14.7
치지직,오히루,1408,1172,1535,1399,4.4,9,3.7045454545454546,16.3
치지직,시훈 Sihoon,1409.6,1172,946,1992,0.8,9,7.25,5.8
치지직,도똥이에오,1410,922,1358,1706,2.2,12,4.454545454545454,9.8
치지직,도로롱 ow,1410.4,1172,1583,1357,5.1,9,3.5294117647058822,18
SOOP,우거덩임,1411,1407,1144,1680,1.8,7,5.666666666666667,10.2
치지직,삼다수빈,1411.6,1282,1529,1359,4.8,8,3.7291666666666665,17.9
치지직,Goldang골댕이,1414.2,1407,1246,1586,2.4,7,4.958333333333333,11.9
치지직,오리궁뎅이06,1414.6,1537,1820,948,15.2,6,2.7565789473684212,41.9
치지직,치규 ChIGyu,1415.2,1282,1217,1680,2,8,5.1,10.2
치지직,치땅꾸,1416.4,1282,1077,1823,1.3,8,6.153846153846154,8
치지직,프린스후운,1416.8,1282,1645,1256,6.9,8,3.2753623188405796,22.6
치지직,폭풍팟쥐또로리,1417,1407,1788,1051,11.8,7,2.889830508474576,34.1
SOOP,배배랑,1417.8,1537,1382,1394,3.8,6,4.342105263157895,16.5
치지직,피꺄츄,1418,1282,1440,1464,3.6,8,4.055555555555555,14.6
SOOP,비얌_,1418.8,1282,890,2016,0.7,8,7.857142857142857,5.5
SOOP,META4,1419.2,1714,1331,1360,3.9,5,4.564102564102564,17.8
SOOP,버튼_,1423.8,1407,1050,1806,1.3,7,6.384615384615385,8.3
SOOP,기우기,1424,1714,1322,1381,3.7,5,4.594594594594595,17
치지직,네로 N3ro,1425.6,1714,1701,1006,11.9,5,3.1092436974789917,37
치지직,강후니 Hoony,1425.8,1407,1485,1376,4.4,7,3.909090909090909,17.2
치지직,고요히 GoYoHi,1428.2,1537,1878,924,16.9,6,2.5798816568047336,43.6
치지직,고우수,1428.8,1282,2052,879,24.3,8,2.0534979423868314,49.9
SOOP,서단아.,1429,1407,1220,1649,2.1,7,5.095238095238095,10.7
치지직,류한별,1429.2,1282,1849,1083,12,8,2.683333333333333,32.2
치지직,백땅구,1429.6,1282,1424,1509,3.3,8,4.151515151515151,13.7
치지직,달쩡,1430,1282,1095,1839,1.3,8,6,7.8
치지직,김민홍,1430.6,1407,1920,953,17,7,2.4411764705882355,41.5
SOOP,제인♭,1433.6,1172,893,2105,0.6,9,7.833333333333333,4.7
치지직,반 백 이,1434.2,1407,1675,1207,7.8,7,3.1923076923076925,24.9
SOOP,다민97,1436.8,1714,1580,1155,7.8,5,3.5384615384615383,27.6
치지직,윤봉2,1437.8,1407,1874,1017,14,7,2.6,36.4
SOOP,광안리김꽃돌,1438,1714,1539,1199,6.9,5,3.681159420289855,25.4
SOOP,솜솜둥,1438.4,1714,1831,908,16.7,5,2.7365269461077846,45.7
치지직,ow sig,1438.4,1282,1581,1374,4.9,8,3.5306122448979593,17.3
치지직,박주경,1439.6,1282,1233,1725,1.9,8,5,9.5
치지직,마우,1441.8,1537,1897,939,17,6,2.5058823529411764,42.6
치지직,여행감자,1442,1282,1196,1768,1.7,8,5.235294117647059,8.9
치지직,인티지,1444.2,1407,2177,730,39.7,7,1.7632241813602014,70
치지직,똑 비,1444.8,1282,1181,1790,1.6,8,5.3125,8.5
SOOP,무지개항아리,1446,1714,1631,1127,8.8,5,3.3181818181818183,29.2
씨미,역촌동윤민수,1446.2,1407,1843,1069,12.3,7,2.6991869918699187,33.2
치지직,안개은신술,1448.4,1282,1383,1597,2.7,8,4.333333333333333,11.7
치지직,이느낌은,1451,1537,2058,801,28.8,6,2.0381944444444446,58.7
SOOP,다쿠_,1451.4,1939,1526,1133,7.7,4,3.74025974025974,28.8
SOOP,욱스딱스,1452.2,1939,1547,1114,8.2,4,3.6463414634146343,29.9
치지직,(알 수 없음),1452.4,672,847,2448,0.2,17,8.5,1.7
치지직,샤오링링,1453,1407,1482,1447,3.8,7,3.9210526315789473,14.9
치지직,엘리시아 벨리오,1453.4,1407,1401,1529,3.1,7,4.258064516129032,13.2
치지직,자용이,1453.6,1282,1046,1947,1,8,6.4,6.4
치지직,김강생,1456.4,1282,2212,788,36.3,8,1.6721763085399448,60.7
치지직,밤한이,1456.8,1282,1641,1360,5.4,8,3.2962962962962963,17.8
치지직,임탐탐,1458,1282,988,2016,0.8,8,6.875,5.5
SOOP,Kimtan2,1458.6,1939,1527,1150,7.5,4,3.7333333333333334,28
SOOP,왕십리코난2,1460,1714,1353,1440,3.4,5,4.470588235294118,15.2
치지직,녹차쓰,1460,1282,1284,1725,2,8,4.75,9.5
치지직,정붕,1463.8,1077,1624,1497,4.2,10,3.3333333333333335,14
치지직,솜양,1464.4,1282,1095,1925,1.1,8,6,6.6
SOOP,하푸띠,1465,1939,1876,817,22,4,2.590909090909091,57
치지직,앤디게임,1465.8,1537,1944,952,17.6,6,2.3636363636363638,41.6
치지직,융하밍,1466.2,1077,1429,1698,2.4,10,4.125,9.9
치지직,지우나,1466.4,1282,1399,1626,2.6,8,4.269230769230769,11.1
치지직,예비말띠맘할미,1469,1407,1121,1848,1.3,7,5.846153846153846,7.6
SOOP,먕이♬,1469.8,1407,1181,1790,1.6,7,5.3125,8.5
치지직,아 켄,1469.8,1407,1181,1790,1.6,7,5.3125,8.5
치지직,소라비ravy,1471.8,1537,1224,1687,2,6,5.05,10.1
치지직,크온유,1473.4,1077,992,2153,0.6,10,6.833333333333333,4.1
치지직,이 크림,1473.4,1407,1383,1597,2.7,7,4.333333333333333,11.7
SOOP,소규.,1473.8,1939,1637,1078,9.8,4,3.306122448979592,32.4
치지직,빠니볼,1475.6,1282,1425,1623,2.7,8,4.148148148148148,11.2
치지직,0빵찐0,1475.8,1407,1567,1419,4.4,7,3.5681818181818183,15.7
치지직,죠프,1477.4,1077,1835,1320,7.1,10,2.7183098591549295,19.3
치지직,B4DGUY,1477.6,1172,1536,1572,3.3,9,3.696969696969697,12.2
치지직,OTHER,1477.8,1407,1716,1275,6.9,7,3.072463768115942,21.2
치지직,몰티의 게임,1478.2,1537,1910,1017,14.7,6,2.4761904761904763,36.4
치지직,김일분,1479.4,1407,1297,1698,2.1,7,4.714285714285714,9.9
치지직,김청귤,1481.2,1172,1615,1502,4.1,9,3.3902439024390243,13.9
치지직,에아 입니다,1482,1172,1233,1886,1.4,9,5,7
치지직,카나wind,1486.2,1407,1664,1348,5.7,7,3.2280701754385963,18.4
SOOP,후안백작,1486.2,1407,1031,1981,0.9,7,6.555555555555555,5.9
치지직,호떡02,1486.6,1077,1128,2050,0.9,10,5.777777777777778,5.2
치지직,범 쓰,1488.8,1282,1600,1481,4.1,8,3.4878048780487805,14.3
치지직,임우연,1489.6,1282,1928,1155,11.4,8,2.4210526315789473,27.6
치지직,POTG 멋쟁이토마토,1490,1172,1140,1999,1,9,5.7,5.7
치지직,니브 NIV,1490.8,1282,1036,2050,0.8,8,6.5,5.2
치지직,크로캣,1490.8,1714,2134,736,36.5,5,1.884931506849315,68.8
치지직,미에링,1490.8,1282,1036,2050,0.8,8,6.5,5.2
치지직,바이이잉,1492.2,1537,1528,1434,4.1,6,3.731707317073171,15.3
치지직,그저 향,1492.4,1172,992,2153,0.6,9,6.833333333333333,4.1
치지직,치로미2,1492.8,1172,1108,2038,0.9,9,5.888888888888889,5.3
치지직,김리제,1493,1537,1196,1768,1.7,6,5.235294117647059,8.9
SOOP,PLANNA유나,1493.8,1407,1301,1730,2,7,4.7,9.4
치지직,흘티,1493.8,1537,1422,1544,3.1,6,4.161290322580645,12.9
SOOP,현시경_,1496,1172,836,2318,0.3,9,8.666666666666666,2.6
치지직,TWOSUNPLACE,1497.4,1077,2173,1032,19.8,10,1.7777777777777777,35.2
치지직,설류은,1499.8,1407,1169,1877,1.3,7,5.461538461538462,7.1
SOOP,까복치,1502.2,1939,1680,1106,9.6,4,3.1666666666666665,30.4
치지직,PANDADA,1502.2,1537,1510,1477,3.8,6,3.789473684210526,14.4
치지직,감브1,1502.6,1537,2026,962,19.1,6,2.141361256544503,40.9
SOOP,쨔마マ,1504.8,1714,1396,1509,3.2,5,4.28125,13.7
치지직,달라찌,1505.4,1407,1317,1743,2,7,4.6,9.2
치지직,배니뮤,1505.4,1537,1574,1421,4.4,6,3.5454545454545454,15.6
SOOP,가쿠인,1505.8,1939,1651,1144,8.7,4,3.2528735632183907,28.3
치지직,둥지둥v,1506,1282,1209,1915,1.3,8,5.153846153846154,6.7
치지직,햄수달,1506,1172,1733,1446,5,9,3,15
SOOP,룬베이,1507,1077,946,2283,0.4,10,7.25,2.9
치지직,몽망 MONGMANG,1507.4,1407,1095,1970,1,7,6,6
치지직,릅이Reubi,1508.6,1537,1522,1481,3.8,6,3.763157894736842,14.3
치지직,김 민트,1508.8,1714,1632,1283,6.3,5,3.3174603174603177,20.9
치지직,나개누들,1511,1537,1512,1497,3.7,6,3.7837837837837838,14
SOOP,미스터.쿠,1511.8,1537,1305,1706,2.1,6,4.666666666666667,9.8
치지직,쟈홍,1512,1714,1877,1046,13.4,5,2.582089552238806,34.6
치지직,주섬주섬JS,1512.6,1537,1796,1217,8.5,6,2.8588235294117648,24.3
치지직,김한소리,1513.4,1407,1607,1473,4.2,7,3.4523809523809526,14.5
치지직,박원빈123,1513.8,1407,1966,1115,12.8,7,2.328125,29.8
SOOP,TenTen_ow,1515,1407,1334,1750,2,7,4.55,9.1
SOOP,도리。,1515.8,1407,1036,2050,0.8,7,6.5,5.2
치지직,머리부신,1516.2,1407,1731,1356,6,7,3.0166666666666666,18.1
치지직,꽃여우 피안화,1516.4,1282,1276,1874,1.5,8,4.8,7.2
SOOP,멍라라,1517.4,1407,1392,1698,2.3,7,4.304347826086956,9.9
치지직,ㅈ1윤,1517.8,1537,1833,1193,9.4,6,2.723404255319149,25.6
치지직,김화린,1518,1282,1629,1525,4,8,3.325,13.3
SOOP,청순딜러,1518.2,1537,1628,1399,4.9,6,3.326530612244898,16.3
치지직,헤븐 Havent,1518.4,1282,1875,1280,8.1,8,2.5925925925925926,21
치지직,연 린,1521.4,1407,1364,1736,2.1,7,4.428571428571429,9.3
치지직,앞투원,1522,1282,1259,1905,1.4,8,4.857142857142857,6.8
SOOP,일혼,1522.2,1407,1086,2016,0.9,7,6.111111111111111,5.5
치지직,여드레,1523.8,1407,1400,1706,2.3,7,4.260869565217392,9.8
치지직,오락도락,1524.2,1537,1721,1321,6.3,6,3.0476190476190474,19.2
치지직,한 설 휘,1524.6,1537,1987,1056,15,6,2.2533333333333334,33.8
SOOP,설음동,1525.4,1939,1604,1240,6.7,4,3.4776119402985075,23.3
치지직,모로리,1526.2,1537,1289,1758,1.9,6,4.7368421052631575,9
치지직,숑사리,1526.4,1172,1160,2070,0.9,9,5.555555555555555,5
SOOP,오누,1526.6,1537,1267,1781,1.8,6,4.833333333333333,8.7
SOOP,타로12,1527,1939,2030,818,26.5,4,2.128301886792453,56.4
치지직,E클립S,1527.2,1714,1608,1353,5.3,5,3.4339622641509435,18.2
치지직,누벨리,1527.6,1282,1128,2050,0.9,8,5.777777777777778,5.2
SOOP,프린스후운,1529,1939,1677,1176,8.2,4,3.1707317073170733,26
치지직,근토,1529,1407,1233,1886,1.4,7,5,7
치지직,지우개o,1529,1407,1733,1386,5.6,7,3,16.8
치지직,hangichanr6,1531.4,1077,1432,1858,1.8,10,4.111111111111111,7.4
치지직,유미호00,1531.8,1407,1340,1786,1.9,7,4.526315789473684,8.6
치지직,수파 supa,1533.8,1537,1408,1658,2.5,6,4.24,10.6
SOOP,세르초이,1534.6,1939,1627,1240,7,4,3.3285714285714287,23.3
치지직,식탁이,1535.6,1714,1548,1434,4.2,5,3.642857142857143,15.3
치지직,아자스토텔레스,1536.2,1077,1534,1768,2.4,10,3.7083333333333335,8.9
치지직,버추얼변호사김명변,1537.4,1407,1447,1693,2.5,7,4,10
치지직,스푸치,1537.4,1407,1554,1586,3.3,7,3.606060606060606,11.9
치지직,쫀띠,1538.2,1537,2322,755,46,6,1.4282608695652175,65.7
치지직,우거덩,1538.6,1407,1333,1810,1.8,7,4.555555555555555,8.2
치지직,까현,1539.4,1537,1367,1713,2.2,6,4.409090909090909,9.7
SOOP,하밍,1539.4,1077,735,2575,0.1,10,10,1
치지직,깡낭콩,1539.4,1537,1470,1610,2.9,6,3.9655172413793105,11.5
치지직,나는야캐여,1540.2,1407,1192,1955,1.2,7,5.25,6.3
치지직,권율3세,1540.4,1282,1317,1893,1.5,8,4.6,6.9
치지직,l하뇽이l,1541,1537,1898,1186,10.3,6,2.504854368932039,25.8
치지직,골 룡,1542.6,1537,1571,1517,3.8,6,3.5526315789473686,13.5
치지직,엘쁜,1542.6,1407,1395,1758,2.1,7,4.285714285714286,9
치지직,흑설월,1544.6,1407,1177,1981,1.1,7,5.363636363636363,5.9
치지직,루메룬,1545,1537,2304,790,40.7,6,1.4742014742014742,60
SOOP,루아4,1545.4,1939,1939,955,17.4,4,2.3793103448275863,41.4
SOOP,Ephemeral_,1546.6,1939,1552,1345,5.1,4,3.627450980392157,18.5
SOOP,안녕하곰,1548.6,1939,1780,1122,10.1,4,2.910891089108911,29.4
치지직,구운비,1549.8,1407,1531,1640,2.9,7,3.7241379310344827,10.8
치지직,풍선쥐,1551.6,1714,1697,1325,6.1,5,3.1147540983606556,19
치지직,별들의숫자만큼만나를,1551.6,1714,2113,909,23.3,5,1.9570815450643777,45.6
치지직,조아린,1552.4,1172,847,2448,0.2,9,8.5,1.7
치지직,물총빵야,1554.2,1537,1374,1743,2.1,6,4.380952380952381,9.2
SOOP,원형!,1556.2,1537,1258,1864,1.5,6,4.866666666666666,7.3
SOOP,근스근,1557.4,1537,1639,1486,4.3,6,3.302325581395349,14.2
SOOP,윽히,1557.6,1714,1652,1385,5.2,5,3.25,16.9
치지직,KimDino김디노,1561,1407,1775,1424,5.3,7,2.9245283018867925,15.5
치지직,오하순,1561,1537,1562,1572,3.4,6,3.588235294117647,12.2
치지직,멍듀,1561.8,1407,1353,1848,1.7,7,4.470588235294118,7.6
치지직,이호요이,1562.4,1172,1383,1937,1.5,9,4.333333333333333,6.5
SOOP,이달범,1563.4,1939,1803,1136,10.1,4,2.8316831683168315,28.6
SOOP,잉누^,1564,1714,1687,1366,5.6,5,3.142857142857143,17.6
치지직,갑자기 문뜩,1564.4,1282,1355,1915,1.5,8,4.466666666666667,6.7
SOOP,삐딱냥,1564.6,1537,1312,1831,1.7,6,4.647058823529412,7.9
치지직,촠바,1565.2,1282,1786,1486,4.9,8,2.8979591836734695,14.2
치지직,백이솔,1565.8,1537,1733,1413,5.3,6,3,15.9
SOOP,냐밍_,1565.8,1537,1108,2038,0.9,6,5.888888888888889,5.3
치지직,김규연 GYUYEON,1565.8,1407,1036,2175,0.6,7,6.5,3.9
치지직,갱모리,1566.6,1537,1974,1174,11.4,6,2.2982456140350878,26.2
SOOP,_몽총이,1567.8,1939,1469,1481,3.6,4,3.9722222222222223,14.3
치지직,송스루,1569.8,1537,1443,1713,2.4,6,4.041666666666667,9.7
치지직,luxoiv,1570,1172,1729,1610,3.8,9,3.026315789473684,11.5
치지직,윤탱구얌,1571.4,1537,2306,854,35.7,6,1.4677871148459383,52.4
치지직,금은구,1571.4,1537,1793,1367,6.1,6,2.8688524590163933,17.5
치지직,졸리비아,1572,1172,2126,1218,12.6,9,1.9126984126984128,24.1
치지직,서배,1572.2,1537,1381,1781,2,6,4.35,8.7
치지직,욱곰TV,1573,1939,2260,703,48.4,4,1.5516528925619835,75.1
치지직,김만섭999,1573,1939,2145,818,30.4,4,1.855263157894737,56.4
SOOP,왕오솔,1573.8,1537,1206,1960,1.2,6,5.166666666666667,6.2
SOOP,김알짱,1574.2,1939,1954,1012,15.6,4,2.3525641025641026,36.7
치지직,여믜여믜땅,1575.8,1537,1531,1640,2.9,6,3.7241379310344827,10.8
치지직,강여울yeoul,1576.4,1282,1138,2162,0.7,8,5.714285714285714,4
치지직,정복자v,1577.4,1537,1623,1552,3.8,6,3.3421052631578947,12.7
SOOP,벤큐테디,1577.8,1939,1494,1481,3.7,4,3.864864864864865,14.3
SOOP,신종이.,1579.8,1939,1762,1218,8.1,4,2.9753086419753085,24.1
치지직,마옐,1580.8,1714,1546,1549,3.5,5,3.657142857142857,12.8
SOOP,저항마,1582.8,2202,2069,787,30.2,3,2.0165562913907285,60.9
SOOP,김주헌,,1583.6,1714,1344,1758,2,5,4.5,9
치지직,줄 스,1585,1537,1813,1381,6.1,6,2.7868852459016393,17
SOOP,쭝매-,1587.2,1282,1070,2257,0.5,8,6.2,3.1
SOOP,불녀,1588,1714,1579,1534,3.7,5,3.5405405405405403,13.1
SOOP,.스텔라.,1588.2,1939,1733,1268,7.2,4,3,21.6
치지직,엪구카카,1589.8,1537,1801,1405,5.7,6,2.8421052631578947,16.2
SOOP,빠삐코TV,1589.8,1939,1680,1325,6,4,3.1666666666666665,19
치지직,Eldora,1591.6,1282,1588,1750,2.6,8,3.5,9.1
치지직,껴릴,1591.8,1537,1601,1610,3.3,6,3.484848484848485,11.5
치지직,쿠로 KUR0,1592,1714,1848,1275,7.9,5,2.6835443037974684,21.2
치지직,라마취,1593.8,1537,2204,1012,21.7,6,1.6912442396313363,36.7
치지직,히마루,1594.4,1172,808,2592,0.1,9,9,0.9
SOOP,냥코ㅇㅅㅇ,1594.6,1537,1263,1955,1.3,6,4.846153846153846,6.3
치지직,POTGOCHUHEHE,1595.4,1407,1812,1473,5.2,7,2.7884615384615383,14.5
치지직,tk4hyx,1601.8,1537,2199,1037,20.5,6,1.7073170731707317,35
치지직,흑달곰,1604.2,1407,1402,1905,1.6,7,4.25,6.8
치지직,앙오예,1605,1407,1880,1429,6,7,2.566666666666667,15.4
SOOP,누구냥패왕섹,1607.2,2202,1802,1115,10.5,3,2.8380952380952382,29.8
치지직,마이티 Mighty,1608.4,1714,1916,1248,9.4,5,2.4574468085106385,23.1
치지직,브야세,1609,1537,2235,1019,22.6,6,1.6061946902654867,36.3
SOOP,해얀,1609.6,1714,1290,1877,1.5,5,4.733333333333333,7.1
치지직,햄균,1610.2,1407,2050,1272,10.4,7,2.0576923076923075,21.4
SOOP,김진영1,1611.2,1714,1574,1597,3.3,5,3.5454545454545454,11.7
치지직,화맬,1611.4,1407,2202,1123,17.3,7,1.69364161849711,29.3
SOOP,한자리♪,1612.2,1407,1070,2257,0.5,7,6.2,3.1
치지직,차 메,1612.6,1537,2034,1229,11.2,6,2.1160714285714284,23.7
치지직,루네아 비쥬,1612.8,1282,1476,1915,1.7,8,3.9411764705882355,6.7
SOOP,이건-,1613.8,1939,1675,1390,5.2,4,3.1923076923076925,16.6
치지직,배서령,1615.6,1282,1390,2008,1.3,8,4.3076923076923075,5.6
치지직,리디즈,1615.8,1407,1710,1626,3.6,7,3.0833333333333335,11.1
치지직,카라스 쌤,1617.4,1537,1866,1409,6.1,6,2.639344262295082,16.1
치지직,배봉춘,1618.6,1537,1503,1775,2.3,6,3.8260869565217392,8.8
치지직,작토1,1618.8,1282,1336,2070,1.1,8,4.545454545454546,5
치지직,메인코,1619,1537,1765,1514,4.6,6,2.9565217391304346,13.6
치지직,전학생시로,1621,1537,1715,1569,4,6,3.075,12.3
치지직,네페르,1622.4,1282,1490,1925,1.7,8,3.8823529411764706,6.6
치지직,말렘,1624.6,1407,2302,1056,22.8,7,1.4824561403508771,33.8
치지직,단비임,1625,1537,1703,1591,3.8,6,3.1052631578947367,11.8
치지직,영월 yeongwoll,1625,1537,1817,1477,5.2,6,2.769230769230769,14.4
치지직,여울이세상,1627.2,1282,1769,1658,3.6,8,2.9444444444444446,10.6
치지직,하이로haiiro,1627.2,1714,2067,1144,14,5,2.0214285714285714,28.3
치지직,스트로베리쇼트케이크,1628.2,1407,1617,1750,2.7,7,3.3703703703703702,9.1
치지직,st3llar,1629.6,1172,1868,1620,4.3,9,2.627906976744186,11.3
치지직,김학,1630.2,1407,1373,1999,1.3,7,4.384615384615385,5.7
치지직,귤먹고노래짐,1632.6,1537,2192,1121,17.1,6,1.7251461988304093,29.5
치지직,오 밥,1632.6,1537,1305,2008,1.2,6,4.666666666666667,5.6
치지직,이롱롱이,1633.6,1714,1785,1442,5.2,5,2.9038461538461537,15.1
치지직,푸니1,1635.4,1407,1727,1658,3.5,7,3.0285714285714285,10.6
치지직,이다연이다연,1636.4,1714,2055,1179,12.7,5,2.0393700787401574,25.9
치지직,세린1004,1637,1537,1652,1672,3.2,6,3.25,10.4
치지직,꼬질꼬질여우,1638.2,1537,1789,1538,4.5,6,2.888888888888889,13
치지직,흐흐아저씨,1638.4,1714,1667,1572,3.8,5,3.210526315789474,12.2
치지직,POTG 루사루,1639,1407,1501,1893,1.8,7,3.8333333333333335,6.9
SOOP,유신곰,1640,1714,1722,1521,4.4,5,3.0454545454545454,13.4
치지직,권새벽,1642,1282,1517,1947,1.7,8,3.764705882352941,6.4
치지직,이민환 LeeMinHwan,1642.6,1407,1365,2038,1.2,7,4.416666666666667,5.3
치지직,선이서니 Sunny,1643.4,1537,1530,1810,2.2,6,3.727272727272727,8.2
SOOP,맹우주._.,1643.8,1939,1554,1586,3.3,4,3.606060606060606,11.9
SOOP,숲무원,1644.4,1714,1423,1831,1.9,5,4.157894736842105,7.9
치지직,갓붕,1644.4,1714,2164,1090,17.4,5,1.8103448275862069,31.5
치지직,한새몽,1644.6,1537,1293,2050,1.1,6,4.7272727272727275,5.2
치지직,서깜자,1645.2,1714,1967,1289,8.9,5,2.3258426966292136,20.7
치지직,김딱대,1645.4,1537,1783,1562,4.3,6,2.9069767441860463,12.5
SOOP,에라이e,1646.2,1939,1979,1167,11.7,4,2.2905982905982905,26.8
치지직,멧 지,1646.4,1282,2268,1207,16.2,8,1.537037037037037,24.9
SOOP,지니닌,1646.8,2202,2022,994,17.6,3,2.147727272727273,37.8
치지직,른자 leunja,1646.8,1714,2158,1102,16.8,5,1.8214285714285714,30.6
치지직,띠끼뿡,1647.4,1939,2048,1101,14.9,4,2.0604026845637584,30.7
SOOP,샤로토모,1647.8,1537,1474,1877,1.8,6,3.9444444444444446,7.1
치지직,최유설,1648.6,1407,1513,1905,1.8,7,3.7777777777777777,6.8
치지직,les예지주,1648.6,1407,1426,1992,1.4,7,4.142857142857143,5.8
치지직,이슬산,1650.4,1172,1447,2093,1.2,9,4,4.8
치지직,닉네임추천받습니도,1651.2,1714,2318,953,28.9,5,1.4359861591695502,41.5
SOOP,설하온,1652.2,1939,1609,1552,3.7,4,3.4324324324324325,12.7
치지직,먕옹ㅇ,1653,1407,2262,1167,17.3,7,1.5491329479768785,26.8
SOOP,강구리100,1653.2,2202,1764,1268,7.3,3,2.958904109589041,21.6
치지직,로멜이,1653.8,1407,1733,1698,3.3,7,3,9.9
치지직,므론,1654.2,1537,1718,1649,3.5,6,3.057142857142857,10.7
치지직,시십라sisipra,1654.4,1714,2064,1215,12.1,5,2.024793388429752,24.5
치지직,게임하는 백상아리,1654.6,1537,1763,1605,3.9,6,2.9743589743589745,11.6
SOOP,도크리1,1654.6,1939,2044,1123,14.2,4,2.063380281690141,29.3
치지직,윤YOUN,1655.8,1407,1630,1806,2.5,7,3.32,8.3
치지직,민포포,1658,1714,1569,1719,2.7,5,3.5555555555555554,9.6
SOOP,단미♥,1659.8,1537,1254,2127,0.9,6,4.888888888888889,4.4
치지직,띵동 Ddingdong,1659.8,1537,1254,2127,0.9,6,4.888888888888889,4.4
치지직,Kasurin,1660.4,1282,2366,1144,21.5,8,1.3162790697674418,28.3
SOOP,파류☆,1664,1714,1233,2070,1,5,5,5
치지직,한자연,1665,1537,1413,1981,1.4,6,4.214285714285714,5.9
치지직,우키대,1667,1407,1517,1947,1.7,7,3.764705882352941,6.4
치지직,삐딱냥,1667.6,1714,1787,1525,4.6,5,2.891304347826087,13.3
치지직,흑두꺼비,1669.8,1537,1336,2070,1.1,6,4.545454545454546,5
치지직,인사이트,1672.2,1537,1797,1615,4,6,2.85,11.4
치지직,마곰이,1672.6,1407,1620,1858,2.2,7,3.3636363636363638,7.4
치지직,육큐,1673.2,1714,1711,1615,3.7,5,3.081081081081081,11.4
SOOP,꿈망,1676.6,1939,1472,1750,2.3,4,3.9565217391304346,9.1
치지직,엘브스,1677.2,1714,2147,1189,13.9,5,1.8489208633093526,25.7
SOOP,브로켄,1678,1714,1794,1544,4.5,5,2.8666666666666667,12.9
SOOP,휴지상,1679.2,2202,2120,977,20.6,3,1.9320388349514563,39.8
치지직,미선화,1679.8,1407,1369,2127,1,7,4.4,4.4
SOOP,혀기-_-;,1681.2,1714,1380,1966,1.4,5,4.357142857142857,6.1
치지직,그림자2,1681.6,1714,2587,760,82.1,5,0.7929354445797807,65.1
SOOP,킴슈,1683.2,1714,1474,1877,1.8,5,3.9444444444444446,7.1
치지직,김밍슈,1684.4,1714,1429,1925,1.6,5,4.125,6.6
SOOP,재현_06,1687.6,1714,1498,1864,1.9,5,3.8421052631578947,7.3
치지직,연세음,1687.6,1714,1498,1864,1.9,5,3.8421052631578947,7.3
치지직,사카오라,1688.8,1714,1953,1412,6.8,5,2.3529411764705883,16
치지직,화승,1690.6,1537,1477,1981,1.5,6,3.933333333333333,5.9
SOOP,우진­,1691.6,1714,1417,1955,1.5,5,4.2,6.3
SOOP,설이안,1692.4,1714,1313,2061,1.1,5,4.636363636363637,5.1
치지직,듀비 Dubee,1693.2,1282,1144,2448,0.3,8,5.666666666666667,1.7
치지직,프롬이 FromYi,1693.4,1537,1845,1620,4.2,6,2.6904761904761907,11.3
SOOP,그럼TV,1693.8,1939,1642,1623,3.4,4,3.2941176470588234,11.2
치지직,임다은,1694.6,1537,1995,1473,6.5,6,2.230769230769231,14.5
치지직,웬 디고,1694.6,1407,1733,1800,2.8,7,3,8.4
SOOP,정게임정,1695.4,1537,1284,2186,0.8,6,4.75,3.8
치지직,키나 KIN A,1696.2,1537,1379,2093,1.1,6,4.363636363636363,4.8
치지직,핼런,1697.4,1407,1447,2093,1.2,7,4,4.8
치지직,치지직 세린,1698.4,1282,1774,1831,2.7,8,2.925925925925926,7.9
SOOP,얼탭,1699.4,1537,1175,2305,0.5,6,5.4,2.7
치지직,이쩜쩜,1700.4,1714,1842,1552,4.7,5,2.702127659574468,12.7
치지직,김딩가,1701,1939,2054,1229,11.6,4,2.043103448275862,23.7
치지직,랑 이 랑,1701.8,1537,1638,1848,2.3,6,3.3043478260869565,7.6
SOOP,가가1,1702.6,1939,1647,1640,3.3,4,3.272727272727273,10.8
치지직,때으니,1702.8,1282,1276,2340,0.5,8,4.8,2.4
치지직,kirtw472832,1703.4,1537,1969,1521,5.8,6,2.310344827586207,13.4
치지직,세웅99,1703.8,1939,2403,887,39.6,4,1.2323232323232323,48.8
치지직,l김성경l,1704.8,1714,1871,1534,5,5,2.62,13.1
치지직,뚀랑이,1706.2,1537,1447,2050,1.3,6,4,5.2
치지직,송실,1706.8,1714,1844,1566,4.6,5,2.6956521739130435,12.4
치지직,realyoo,1707,1939,2122,1176,13.5,4,1.9259259259259258,26
치지직,sry1,1707.2,1714,2232,1179,16,5,1.61875,25.9
치지직,식신달,1707.2,1714,2115,1296,10.4,5,1.9423076923076923,20.2
치지직,참치는모옷참치,1707.6,1714,2110,1302,10.1,5,1.9702970297029703,19.9
치지직,겨울누렁이,1710.2,1537,1867,1640,4.1,6,2.6341463414634148,10.8
SOOP,게임백상아리,1713.8,1939,1733,1582,4,4,3,12
SOOP,늘쫑,1715.8,1537,1203,2318,0.5,6,5.2,2.6
치지직,아라리 Arari,1716.6,1537,1804,1719,3.4,6,2.823529411764706,9.6
SOOP,태르_,1718.8,1714,1358,2082,1.1,5,4.454545454545454,4.9
SOOP,기무댕,1719,1537,1297,2232,0.7,6,4.714285714285714,3.3
치지직,망고 TV,1719.2,1714,1504,1937,1.7,5,3.823529411764706,6.5
SOOP,임쩡,1719.8,1939,1985,1345,8.2,4,2.2560975609756095,18.5
치지직,라스투스 Lastus,1720.6,1939,2007,1325,8.7,4,2.1839080459770117,19
치지직,홍재에용,1721,1537,1724,1810,2.7,6,3.037037037037037,8.2
치지직,우 요,1721,1537,1419,2115,1.1,6,4.181818181818182,4.6
치지직,미쯔MIZ,1721,1537,1419,2115,1.1,6,4.181818181818182,4.6
치지직,햄똥이,1721.8,1537,1887,1649,4.2,6,2.5476190476190474,10.7
치지직,아따재미따,1725.4,1939,2175,1169,15,4,1.7733333333333334,26.6
치지직,칠칠복,1725.4,1537,1553,1992,1.6,6,3.625,5.8
치지직,티앤TN,1725.4,1939,2014,1330,8.7,4,2.1724137931034484,18.9
치지직,가 짜 양 파,1725.6,1714,1817,1640,3.9,5,2.769230769230769,10.8
치지직,도찐개찐,1727,1537,2274,1275,13.9,6,1.525179856115108,21.2
SOOP,동그리dk,1727,1939,1733,1615,3.8,4,3,11.4
치지직,월림,1727,1537,1511,2038,1.4,6,3.7857142857142856,5.3
치지직,뜌듸,1727.2,1714,2160,1301,11,5,1.8181818181818181,20
치지직,김독자82,1728,1714,2352,1111,22.2,5,1.364864864864865,30.3
치지직,미소롭게,1728.4,1714,1517,1947,1.7,5,3.764705882352941,6.4
치지직,서춘광,1728.4,1714,2178,1286,11.8,5,1.7627118644067796,20.8
SOOP,_CHR_Horner_,1728.6,1939,1447,1905,1.7,4,4,6.8
치지직,뿌도사,1728.8,1714,1845,1620,4.2,5,2.6904761904761907,11.3
치지직,내가바로칸나,1729,1407,2162,1457,8.1,7,1.8148148148148149,14.7
치지직,나 단,1729.4,1537,1712,1843,2.5,6,3.08,7.7
치지직,광대 체셔,1730,1714,2239,1229,14.8,5,1.6013513513513513,23.7
치지직,조아님,1730,1714,1563,1905,1.9,5,3.5789473684210527,6.8
SOOP,힌힌0,1733.2,1714,1438,2038,1.3,5,4.076923076923077,5.3
SOOP,배린123,1733.8,1939,1944,1421,6.6,4,2.3636363636363638,15.6
치지직,사랑캔디,1734.6,1537,1326,2242,0.7,6,4.571428571428571,3.2
치지직,cheriot,1736,1714,1702,1781,2.8,5,3.107142857142857,8.7
치지직,김피신,1736.6,1407,1838,1800,3.1,7,2.7096774193548385,8.4
SOOP,teufel94,1737.2,2202,1852,1390,6.2,3,2.6774193548387095,16.6
치지직,라코타,1738.2,1537,1192,2385,0.4,6,5.25,2.1
치지직,달명,1738.8,1282,1698,2008,1.8,8,3.111111111111111,5.6
치지직,김땡땡72,1738.8,1714,2301,1189,17.3,5,1.4855491329479769,25.7
치지직,후유네,1739.2,1714,1421,2070,1.2,5,4.166666666666667,5
치지직,리노rino,1739.2,1714,1652,1839,2.4,5,3.25,7.8
치지직,마우가,1740,1714,2340,1153,19.9,5,1.3919597989949748,27.7
치지직,최대현s,1741,1537,1707,1877,2.3,6,3.0869565217391304,7.1
SOOP,허콩98,1741.2,1714,1369,2127,1,5,4.4,4.4
치지직,수연1004,1742,1714,1698,1800,2.7,5,3.111111111111111,8.4
치지직,김복밥,1742.6,1537,1483,2105,1.2,6,3.9166666666666665,4.7
치지직,곽상츄,1742.6,1537,1557,2031,1.5,6,3.6,5.4
치지직,반갑새우,1742.6,1537,1483,2105,1.2,6,3.9166666666666665,4.7
치지직,마아나리,1743,1537,1436,2153,1,6,4.1,4.1
치지직,04T,1744.4,1714,2206,1298,11.9,5,1.6890756302521008,20.1
치지직,렌보샤,1744.6,1537,2112,1481,7.3,6,1.9589041095890412,14.3
SOOP,조빈트,1745,1939,1811,1582,4.3,4,2.7906976744186047,12
치지직,말카디아,1745.2,1282,1165,2557,0.2,8,5.5,1.1
치지직,AURA1,1746.2,1537,1515,2082,1.3,6,3.769230769230769,4.9
치지직,양잉,1746.8,1714,1624,1886,2.1,5,3.3333333333333335,7
치지직,이모이,1748.2,1537,1816,1786,3.1,6,2.774193548387097,8.6
치지직,나하밍,1748.8,1714,1790,1725,3.3,5,2.878787878787879,9.5
치지직,하꼼,1749.8,1939,1888,1517,5.3,4,2.547169811320755,13.5
치지직,김 타 오,1750.4,1714,1861,1658,4,5,2.65,10.6
SOOP,J제이,1750.6,1407,1317,2356,0.5,7,4.6,2.3
SOOP,일단비둘기,1750.6,1939,1882,1525,5.2,4,2.5576923076923075,13.3
치지직,오뵤,1750.8,1714,1822,1698,3.6,5,2.75,9.9
치지직,Yukime,1750.8,1714,1929,1591,4.9,5,2.4081632653061225,11.8
치지직,오만찡,1751,1939,2245,1163,17.1,4,1.590643274853801,27.2
SOOP,김배려,1752.8,2202,2046,1235,11.4,3,2.06140350877193,23.5
치지직,Xylo,1754.2,1537,2193,1424,9,6,1.7222222222222223,15.5
치지직,제이크 jake,1755.4,1537,1621,1999,1.7,6,3.3529411764705883,5.7
SOOP,변호사김명변,1756.2,1939,1611,1810,2.4,4,3.4166666666666665,8.2
치지직,전하랑10,1757,1537,1776,1848,2.6,6,2.923076923076923,7.6
치지직,최심청,1757.2,1714,1713,1823,2.6,5,3.076923076923077,8
치지직,양석이,1757.2,1714,1713,1823,2.6,5,3.076923076923077,8
SOOP,코코넛프라페,1757.4,1939,1694,1730,3,4,3.1333333333333333,9.4
SOOP,화콜로대마왕,1758.2,1939,1603,1823,2.3,4,3.4782608695652173,8
SOOP,예민보스해니,1759,1939,1986,1442,6.7,4,2.253731343283582,15.1
치지직,백 신 우,1759.2,1714,1480,2061,1.3,5,3.923076923076923,5.1
치지직,잘치는캥고,1759.8,1939,2227,1203,15.5,4,1.6258064516129032,25.2
치지직,김쁘이 PPEUIII,1760,1282,1557,2202,1,8,3.6,3.6
씨미,이야녕,1760.4,718,2437,1605,10,16,1.16,11.6
치지직,내가왜 why so fxxking me,1761,1939,1976,1457,6.4,4,2.296875,14.7
치지직,송은하,1761.6,1714,1772,1775,3,5,2.933333333333333,8.8
치지직,병덕이,1761.6,1714,1828,1719,3.5,5,2.742857142857143,9.6
SOOP,당근먹는사장,1764,2202,1792,1517,4.7,3,2.872340425531915,13.5
SOOP,이정e,1764.2,1939,1705,1736,3,4,3.1,9.3
치지직,시지니,1764.6,1537,2255,1388,10.7,6,1.560747663551402,16.7
치지직,김페포,1766.4,1714,1543,2016,1.5,5,3.6666666666666665,5.5
치지직,멸성,1766.6,1407,1894,1819,3.2,7,2.53125,8.1
치지직,박잔망,1766.8,1714,1437,2123,1.1,5,4.090909090909091,4.5
SOOP,하마인디,1767.4,1939,1572,1877,2,4,3.55,7.1
SOOP,카스퍼,1767.8,1939,1881,1569,4.8,4,2.5625,12.3
SOOP,동과백,1768.6,1939,1733,1719,3.2,4,3,9.6
치지직,제니벱,1769.2,1714,1886,1680,4,5,2.55,10.2
치지직,해나 HN,1769.6,1714,1497,2070,1.3,5,3.8461538461538463,5
치지직,자쪽,1770,1714,1326,2242,0.7,5,4.571428571428571,3.2
SOOP,균잉-,1770.2,1939,1807,1649,3.8,4,2.8157894736842106,10.7
치지직,오미짱,1771.6,1714,1914,1658,4.3,5,2.4651162790697674,10.6
치지직,해달슈슈,1771.8,1537,1486,2175,1,6,3.9,3.9
치지직,deka 데카,1773.4,1537,1822,1843,2.8,6,2.75,7.7
치지직,빠쿄,1776,1714,1533,2050,1.4,5,3.7142857142857144,5.2
치지직,Starboard 우현,1776.6,1537,1317,2356,0.5,6,4.6,2.3
치지직,코 제,1776.6,1939,1958,1514,5.8,4,2.3448275862068964,13.6
치지직,초요 Choyo,1778,1714,1633,1955,1.9,5,3.3157894736842106,6.3
치지직,꿀곰이,1779,1537,1921,1758,3.7,6,2.4324324324324325,9
치지직,은라비,1779,1537,1680,1999,1.8,6,3.1666666666666665,5.7
SOOP,호아띠☆,1781.2,1714,1588,2008,1.6,5,3.5,5.6
치지직,백은환,1784.6,1537,1778,1915,2.3,6,2.9130434782608696,6.7
치지직,겜창 멘헤라,1786.2,1537,1284,2413,0.4,6,4.75,1.9
SOOP,뿌뿌박스,1786.4,1714,1447,2162,1,5,4,4
SOOP,짜이건,1787,1939,1698,1800,2.7,4,3.111111111111111,8.4
SOOP,킴캐리,1788,2202,2105,1264,11.2,3,1.9821428571428572,22.2
치지직,프 록 시,1788,922,1971,2038,2.3,12,2.3043478260869565,5.3
치지직,불뚜기,1788.2,1939,1726,1775,2.9,4,3.0344827586206895,8.8
치지직,대추야자,1788.4,1714,2439,1175,22.7,5,1.1497797356828194,26.1
치지직,마찌롱,1788.6,1537,1610,2093,1.4,6,3.4285714285714284,4.8
SOOP,SIGN_vlrt,1789,1939,1717,1786,2.8,4,3.0714285714285716,8.6
치지직,김웅잉,1790.4,1714,1402,2217,0.8,5,4.25,3.4
치지직,팔시기,1790.4,1714,1402,2217,0.8,5,4.25,3.4
치지직,챠시아,1790.8,1714,1621,1999,1.7,5,3.3529411764705883,5.7
SOOP,리제람,1791.2,2202,1978,1399,7.1,3,2.295774647887324,16.3
치지직,정흐앵,1792.2,1537,1720,1992,1.9,6,3.0526315789473686,5.8
치지직,니크스,1792.2,1407,1840,1937,2.4,7,2.7083333333333335,6.5
치지직,동그리dk,1793.2,1714,1733,1893,2.3,5,3,6.9
치지직,꽃라오,1793.2,1714,1883,1743,3.6,5,2.5555555555555554,9.2
SOOP,산하1,1793.8,1939,1994,1521,6,4,2.2333333333333334,13.4
치지직,vantana,1798.2,1537,1853,1874,2.7,6,2.6666666666666665,7.2
치지직,배연준,1798.2,1939,2219,1307,11.9,4,1.6638655462184875,19.8
치지직,꾸쭈미살겹삼덥밮,1798.4,1282,2065,1790,4.2,8,2.0238095238095237,8.5
SOOP,테룹,1799,1939,1680,1848,2.4,4,3.1666666666666665,7.6
치지직,100001,1800,1172,2108,1806,4.2,9,1.9761904761904763,8.3
치지직,최도비choidobby,1800.2,1537,1588,2144,1.2,6,3.5,4.2
치지직,크뚜뚜,1801,1537,1369,2365,0.5,6,4.4,2.2
치지직,카스퍼,1801,1537,2047,1687,4.9,6,2.061224489795918,10.1
치지직,신티나,1801.4,1939,1724,1810,2.7,4,3.037037037037037,8.2
치지직,호식e,1801.6,1714,1949,1698,4.2,5,2.357142857142857,9.9
치지직,쀼연,1801.6,1714,1524,2123,1.2,5,3.75,4.5
SOOP,권용팔,1802,1714,1968,1680,4.4,5,2.3181818181818183,10.2
치지직,해마햄,1802.4,1714,1447,2202,0.9,5,4,3.6
치지직,눈초인데용,1803.4,1939,1948,1591,5,4,2.36,11.8
치지직,2no ow,1803.8,1939,2019,1521,6.2,4,2.161290322580645,13.4
치지직,가난한사람,1804.8,1714,1685,1970,1.9,5,3.1578947368421053,6
치지직,루 안 Luan,1805.4,1537,2106,1639,5.5,6,1.981818181818182,10.9
치지직,비니초보,1805.6,1714,1899,1758,3.6,5,2.5,9
치지직,헤개,1805.6,1714,1799,1858,2.6,5,2.8461538461538463,7.4
치지직,멧비둘기0,1805.6,1714,2151,1506,7.5,5,1.84,13.8
치지직,모험가다람,1805.6,1714,2008,1649,4.9,5,2.183673469387755,10.7
치지직,베프혀기,1806,1714,1890,1768,3.5,5,2.5428571428571427,8.9
치지직,랑2몽,1807.2,1714,2263,1398,10.6,5,1.5471698113207548,16.4
치지직,보라세,1808.2,1537,1095,2657,0.1,6,6,0.6
치지직,honestpig,1809.8,1939,2598,957,54.2,4,0.7619926199261993,41.3
SOOP,dlgmldud4277,1810.2,2467,2070,1222,12,2,2,24
치지직,쭈쿵,1810.4,1714,1869,1800,3.2,5,2.625,8.4
SOOP,어요,1810.4,2202,2111,1314,9.9,3,1.9696969696969697,19.5
치지직,오하루땅,1810.8,1714,1588,2082,1.4,5,3.5,4.9
치지직,광안리김꽃돌,1811.8,1537,2182,1579,6.9,6,1.7536231884057971,12.1
치지직,향우0,1813.2,1714,2271,1405,10.6,5,1.528301886792453,16.2
치지직,빞케이 Vipk,1816.4,1714,1703,1981,1.9,5,3.1052631578947367,5.9
치지직,곰쑤니,1816.4,1714,1836,1848,2.8,5,2.7142857142857144,7.6
치지직,픽셀 X,1818.4,1714,1447,2242,0.8,5,4,3.2
치지직,메키MEKI,1820.6,1939,1814,1768,3.2,4,2.78125,8.9
치지직,초보영,1823,1537,1808,1981,2.1,6,2.8095238095238093,5.9
SOOP,콜로니,1826.6,1939,1515,2082,1.3,4,3.769230769230769,4.9
치지직,하상연,1827.2,1714,1549,2162,1.1,5,3.6363636363636362,4
SOOP,권용우,1828.4,1714,1233,2481,0.3,5,5,1.5
치지직,애공천,1828.8,1714,2163,1552,7,5,1.8142857142857143,12.7
치지직,시옷 동쨩,1830.6,1537,1233,2575,0.2,6,5,1
치지직,배린123,1831,1939,2161,1447,8.2,4,1.8170731707317074,14.9
치지직,달이레오,1831,1537,1305,2504,0.3,6,4.666666666666667,1.4
치지직,제나라임,1831.6,1714,1864,1858,2.8,5,2.642857142857143,7.4
치지직,SIN PROJECT 서준,1832.6,1939,1687,1925,2.1,4,3.142857142857143,6.6
치지직,재알라,1832.6,1407,2148,1730,5.1,7,1.8431372549019607,9.4
치지직,과천호,1833,1537,1687,2127,1.4,6,3.142857142857143,4.4
치지직,박도롱,1833.6,1714,1959,1768,3.8,5,2.3421052631578947,8.9
치지직,남매차이,1839.4,1537,2020,1810,3.8,6,2.1578947368421053,8.2
치지직,뉴국재,1839.6,1714,1884,1858,2.9,5,2.5517241379310347,7.4
치지직,유리로제많이먹어요,1839.6,1714,1911,1831,3.2,5,2.46875,7.9
치지직,김고겸,1840.2,1537,1939,1893,2.9,6,2.3793103448275863,6.9
치지직,꼬꼬밥,1841.4,1939,2157,1477,7.9,4,1.8227848101265822,14.4
치지직,작은클라운,1842.2,1407,1383,2519,0.3,7,4.333333333333333,1.3
치지직,쀼삐삐,1842.4,1714,1492,2257,0.8,5,3.875,3.1
치지직,김종국KIMJONGKOOK,1842.6,1939,2708,929,113,4,0.3831858407079646,43.3
SOOP,서인택,1842.8,1714,1784,1966,2.1,5,2.9047619047619047,6.1
치지직,여화진,1843,1939,1838,1800,3.1,4,2.7096774193548385,8.4
치지직,간장기린,1844.6,1939,2070,1572,6.1,4,2,12.2
치지직,도민,1847,1537,1647,2202,1.1,6,3.272727272727273,3.6
치지직,유혀니,1848.8,1282,2138,1843,4.1,8,1.8780487804878048,7.7
치지직,아퀼라,1848.8,1714,1850,1915,2.5,5,2.68,6.7
치지직,아서 1887,1850.4,2202,2195,1330,11,3,1.7181818181818183,18.9
치지직,이걸찌,1852.4,1714,2236,1538,8.1,5,1.6049382716049383,13
치지직,카미 K4M1,1852.8,1714,1543,2232,0.9,5,3.6666666666666665,3.3
치지직,알감자고양이,1856,1714,1944,1839,3.3,5,2.3636363636363638,7.8
SOOP,문태자,1857.6,1714,1447,2340,0.6,5,4,2.4
SOOP,DENDENDENDEN,1857.6,2202,2009,1534,6,3,2.183333333333333,13.1
치지직,로스터패치,1858.4,1714,1666,2123,1.4,5,3.2142857142857144,4.5
치지직,플랙시,1858.6,1939,1661,2016,1.7,4,3.235294117647059,5.5
치지직,은조의 세상,1858.8,1714,1865,1925,2.5,5,2.64,6.6
치지직,하네루 미유,1859.6,1714,1606,2186,1.1,5,3.4545454545454546,3.8
치지직,빨간애옹이,1860.2,1537,2139,1743,4.9,6,1.8775510204081634,9.2
치지직,봄애,1862,1714,1588,2210,1,5,3.5,3.5
치지직,멍 지,1862,1714,1588,2210,1,5,3.5,3.5
치지직,반호,1862.2,1939,1936,1750,3.8,4,2.3947368421052633,9.1
SOOP,다크리퍼,1863.4,1939,1447,2242,0.8,4,4,3.2
치지직,렌173,1864.2,1939,1817,1874,2.6,4,2.769230769230769,7.2
치지직,갓찬영,1864.8,1714,2165,1640,6,5,1.8,10.8
치지직,오플몬,1865.2,1714,1662,2144,1.3,5,3.230769230769231,4.2
치지직,한푼냥,1865.6,1714,1769,2038,1.8,5,2.9444444444444446,5.3
치지직,최인턴,1866.2,1537,1804,2093,1.7,6,2.823529411764706,4.8
치지직,고소한누룽지탕,1867,1939,2196,1502,8.1,4,1.7160493827160495,13.9
치지직,PLANNA 유나공주,1867.2,1714,1569,2242,0.9,5,3.5555555555555554,3.2
치지직,벼리미,1867.8,1537,1931,1970,2.5,6,2.4,6
치지직,하루비 Fuyubi,1868.4,1714,1687,2127,1.4,5,3.142857142857143,4.4
치지직,세하르,1870.6,1537,1543,2365,0.6,6,3.6666666666666665,2.2
치지직,망령 mangryeong,1870.8,1714,2107,1713,4.9,5,1.9795918367346939,9.7
치지직,튜마,1871.8,1537,2121,1790,4.4,6,1.9318181818181819,8.5
치지직,다재무능,1872.6,1939,1922,1790,3.5,4,2.4285714285714284,8.5
치지직,밤이도,1873.2,1714,1860,1966,2.3,5,2.652173913043478,6.1
치지직,칠쉬피,1873.4,1939,2056,1658,5.2,4,2.0384615384615383,10.6
치지직,블루45,1873.6,1714,1922,1905,2.8,5,2.4285714285714284,6.8
치지직,오예린,1874,1714,2070,1758,4.5,5,2,9
치지직,옥농이,1876.2,1407,1777,2210,1.2,7,2.9166666666666665,3.5
치지직,이류몽,1878,1714,1822,2016,2,5,2.75,5.5
치지직,구름9아재,1878.6,1537,1991,1937,2.9,6,2.2413793103448274,6.5
치지직,루네리 Luneri,1879.2,1714,1771,2070,1.7,5,2.9411764705882355,5
치지직,심심미,1881.8,1537,1344,2592,0.2,6,4.5,0.9
치지직,네르히야,1881.8,1939,1719,2016,1.8,4,3.0555555555555554,5.5
치지직,달냥 MOONCAT,1882.8,1714,1402,2448,0.4,5,4.25,1.7
치지직,띠로리천사,1883,1939,2194,1544,7.5,4,1.72,12.9
치지직,리안S2,1883.4,1407,1524,2481,0.4,7,3.75,1.5
치지직,아라비아Arabia,1885.8,1537,1853,2093,1.8,6,2.6666666666666665,4.8
치지직,척소해,1888,1714,2015,1848,3.5,5,2.1714285714285713,7.6
치지직,쮸냐,1888.6,1939,2155,1597,6.4,4,1.828125,11.7
치지직,볼링곰11,1888.8,1714,2135,1730,5,5,1.88,9.4
치지직,다노야,1890.4,2202,2365,1260,17,3,1.3176470588235294,22.4
치지직,ZO2im,1892.2,1537,1705,2257,1,6,3.1,3.1
치지직,정알테,1893.8,1939,1850,1915,2.5,4,2.68,6.7
치지직,헥스X,1894.4,1714,1829,2050,1.9,5,2.736842105263158,5.2
치지직,7H쩡,1894.4,1714,1829,2050,1.9,5,2.736842105263158,5.2
치지직,시구레 켄지,1895.4,1939,1892,1877,2.8,4,2.5357142857142856,7.1
치지직,유타나,1896,1714,1588,2295,0.8,5,3.5,2.8
치지직,박 민,1898.6,1939,1840,1937,2.4,4,2.7083333333333335,6.5
치지직,세이키,1898.8,1714,1997,1893,3.1,5,2.225806451612903,6.9
치지직,드드또,1899,1939,2433,1345,15.8,4,1.1708860759493671,18.5
치지직,블랙워치KR,1901.2,1714,2444,1452,13,5,1.1384615384615384,14.8
치지직,강다봄,1901.6,1714,1937,1960,2.6,5,2.3846153846153846,6.2
치지직,고연히,1902.4,1714,1861,2038,2,5,2.65,5.3
SOOP,네이프_,1902.6,1939,1447,2340,0.6,4,4,2.4
치지직,게임하는하양,1903.4,1939,1808,1981,2.1,4,2.8095238095238093,5.9
치지직,요츠네,1906,1714,2282,1626,7.4,5,1.5,11.1
SOOP,리수냥,1906.2,1939,1797,1999,2,4,2.85,5.7
치지직,형렬,1907,1939,2249,1549,8.1,4,1.5802469135802468,12.8
SOOP,All라이튼,1907.4,1939,1694,2105,1.5,4,3.1333333333333333,4.7
치지직,청순딜러,1908.2,1939,2425,1376,14.4,4,1.1944444444444444,17.2
치지직,SG Sol,1908.8,1714,1899,2016,2.2,5,2.5,5.5
치지직,비제이대천사,1909,1939,2568,1235,27.3,4,0.8608058608058609,23.5
치지직,마이클 춘례,1909.4,1939,2128,1676,5.4,4,1.9074074074074074,10.3
치지직,삼광조,1910.4,1714,1233,2686,0.1,5,5,0.5
치지직,양믜,1910.4,1714,1233,2686,0.1,5,5,0.5
치지직,용준 YONGJUN,1911,1537,1971,2038,2.3,6,2.3043478260869565,5.3
치지직,설미우,1911.2,1714,1508,2413,0.5,5,3.8,1.9
SOOP,기미니_,1911.6,2202,2068,1610,5.7,3,2.017543859649123,11.5
치지직,눈나무,1913.4,1939,1687,2127,1.4,4,3.142857142857143,4.4
치지직,부산촌놈최씨,1913.6,1714,2197,1730,5.5,5,1.709090909090909,9.4
치지직,정또치,1915.8,1939,2149,1671,5.7,4,1.8421052631578947,10.5
치지직,천시우,1916,1714,2183,1750,5.2,5,1.75,9.1