플랫폼,스트리머,포인트,최고 시청자 순위,평균 시청자 순위,뷰어십 순위,방송시간,최고시청자,평균시청자,뷰어십
SOOP,봉준,1.4,1,1,2,21.6,49279,21527.675925925927,464997.8
SOOP,김민교.,1.6,2,2,1,36.6,31742,16765.081967213115,613602
SOOP,이상호,3.6,4,4,3,25.3,20185,11695.636363636364,295899.6
SOOP,항상#킴성태,5.2,6,6,4,26.7,13840,7087.902621722847,189247
SOOP,감스트,6.6,3,5,10,5.7,20633,8758.298245614034,49922.3
SOOP,owesports,7.2,8,8,6,19.1,7559,5592.701570680629,106820.6
SOOP,남순,10.8,10,11,11,11.8,6766,4178.669491525424,49308.3
SOOP,저라뎃,11,13,16,5,36.5,5154,2967.594520547945,108317.2
SOOP,이지상:),13.4,11,19,9,23.7,6339,2176.5274261603377,51583.7
치지직,아카네 리제,13.6,14,12,15,9.9,4482,3459.7272727272725,34251.3
SOOP,타요*,14,12,10,19,7,5786,4569.142857142857,31984
SOOP,철구형2↑,14.6,7,9,24,4.3,7824,5568.558139534884,23944.8
SOOP,오아,15.2,18,22,7,43.9,3872,1649.75854214123,72424.4
SOOP,A-염보성!!,16.2,5,3,35,1.2,15311,11775.166666666666,14130.2
SOOP,징버거☆,17.2,16,15,20,10.1,4194,2977.4158415841584,30071.9
SOOP,비챤,19.4,17,14,26,7.2,3915,3091.1666666666665,22256.4
치지직,탬탬버린,19.8,9,7,38,2.1,7189,6085.523809523809,12779.6
SOOP,임아니,20.6,19,34,8,63,3586,1075.1730158730159,67735.9
SOOP,지피티,21.2,22,21,21,16,2654,1855.1625,29682.6
SOOP,깨박이깨박이,21.4,15,17,29,7.6,4240,2508.8026315789475,19066.9
SOOP,수피,21.4,21,27,16,24.9,3454,1319.1847389558234,32847.7
치지직,빅헤드,23.6,30,26,18,23.1,1997,1389.2121212121212,32090.8
SOOP,감블러,27.6,36,39,12,42.7,1742,972.4355971896955,41523
치지직,아오쿠모 린,27.6,20,13,46,2.9,3584,3202.6206896551726,9287.6
SOOP,클리드1,27.8,29,32,23,21.6,2083,1145.537037037037,24743.6
SOOP,깐숙,29,39,36,17,31.6,1621,1024.5189873417721,32374.8
SOOP,일루전_,29.8,23,41,22,30.7,2574,915.6351791530944,28110
SOOP,강만식,30,26,49,13,53.6,2275,763.7854477611941,40938.9
SOOP,띵귤_,36.4,32,24,51,4.9,1880,1566.0816326530612,7673.8
SOOP,쪼낙,37.2,38,40,34,16.2,1655,918.5246913580247,14880.1
치지직,소우릎,37.8,51,42,27,25.7,1255,849.8054474708172,21840
치지직,서넹,39,53,57,14,55,1214,664.92,36570.6
SOOP,도현ツ,39.2,40,53,25,32,1601,707.11875,22627.8
SOOP,EscA_에스카,41.4,27,58,32,24.2,2132,653.5867768595041,15816.8
치지직,치킨쿤,44.8,48,44,44,12.2,1343,838.5819672131148,10230.7
SOOP,Calm_김윤환,45.8,25,20,82,2.1,2289,1963.7142857142858,4123.8
치지직,마뫄,46,50,37,53,7.1,1290,1018.7183098591549,7232.9
치지직,류시호 RyuSiho,47.2,44,29,67,4.8,1489,1216.625,5839.8
SOOP,지붕위소희,47.4,55,50,41,16.8,1183,736.8571428571429,12379.2
SOOP,끠끼,50.2,47,38,64,6.2,1368,1008.0322580645161,6249.8
SOOP,Alo.조경훈,50.4,34,25,84,2.8,1787,1453.392857142857,4069.5
SOOP,나는상윤,51.6,64,66,31,30.2,1029,541.1490066225166,16342.7
SOOP,중력∀,54.2,75,61,37,20.9,813,613.0334928229665,12812.4
SOOP,양도끼,55,61,67,40,23.8,1040,529.390756302521,12599.5
치지직,유즈하 리코,57.2,24,18,113,1.1,2367,2228.4545454545455,2451.3
SOOP,(주)박사장$,57.4,63,47,65,7.6,1031,818.6184210526316,6221.5
SOOP,피넛ㅁ,58,42,35,89,3.8,1581,1038.5526315789473,3946.5
SOOP,상어녀,60.2,31,81,54,16.2,1891,436.9691358024691,7078.9
SOOP,바밍_,60.4,62,90,30,45.9,1033,378.7080610021786,17382.7
SOOP,김된모!,61.2,58,75,49,15.9,1092,493.3207547169811,7843.8
치지직,블레어 로즈,61.4,37,31,104,2.3,1663,1168.2173913043478,2686.9
SOOP,애교용,61.8,33,72,66,11.8,1836,501.23728813559325,5914.6
SOOP,디임,62.4,54,56,73,8,1188,666.95,5335.6
SOOP,해리,63,73,69,52,14.5,832,528.4068965517241,7661.9
SOOP,기뉴다,63.6,28,28,117,1.8,2125,1314.888888888889,2366.8
SOOP,악어∀,64.2,65,70,58,13.2,1021,516.4772727272727,6817.5
SOOP,키마,64.6,49,43,94,4.1,1324,840.0731707317074,3444.3
치지직,핑맨,65.4,43,33,109,2.3,1533,1109.2173913043478,2551.2
SOOP,“클로이”,66.6,81,93,33,44,694,356.50454545454545,15686.2
SOOP,설레랑,67.6,60,79,60,14.3,1057,446.09090909090907,6379.1
SOOP,한결___,67.8,59,54,86,5.8,1077,694.948275862069,4030.7
SOOP,김진솔,68.4,52,109,36,47.8,1229,280.3577405857741,13401.1
SOOP,뽀린걸,69.2,86,80,50,17.6,666,438.22159090909093,7712.7
SOOP,한갱,69.6,46,30,121,1.9,1369,1206.8947368421052,2293.1
SOOP,학살~,70.4,56,89,59,17.2,1149,380.2906976744186,6541
SOOP,조디악악악,70.6,91,103,28,66.8,624,305.9116766467066,20434.9
SOOP,[JS]박퍼니,70.6,57,46,102,3.3,1099,830.060606060606,2739.2
SOOP,챈나,73.4,67,45,105,3.2,940,837.25,2679.2
치지직,아구이뽀,78.6,35,64,115,4.3,1760,555.1162790697674,2387
SOOP,앵지,79,83,108,48,28.7,684,285,8179.5
SOOP,한남맛종욱,80.4,90,113,43,40.7,640,273.1793611793612,11118.4
SOOP,파니_,81.6,80,125,39,53.1,730,239.4689265536723,12715.8
치지직,실프,82.2,79,65,101,5.2,731,549.1923076923077,2855.8
SOOP,나나문,82.6,111,106,45,34.3,526,290.81632653061223,9975
치지직,담유이,82.6,91,85,76,12.6,624,394.1507936507937,4966.3
SOOP,으냉이,82.6,89,94,68,16.1,646,348.45341614906835,5610.1
SOOP,울산큰고래,82.6,97,73,85,8.2,614,496.109756097561,4068.1
SOOP,키이세,84,72,111,63,22.7,891,276.40969162995594,6274.5
치지직,푸린,85.2,96,88,77,12.5,615,389.584,4869.8
SOOP,한둬얼,85.6,66,51,130,2.6,955,736,1913.6
치지직,이선생,88,126,115,42,42.4,402,263.12264150943395,11156.4
SOOP,아이치,88.2,77,84,98,7.9,795,405.2151898734177,3201.2
SOOP,성기사샬롯,88.6,45,102,97,10.7,1425,306.21495327102804,3276.5
치지직,짜누1,90.2,117,120,47,35.7,458,247.54621848739495,8837.4
치지직,임나은,90.8,106,91,83,10.9,566,377.2477064220183,4112
치지직,비올레타 모네,91.4,69,55,139,2.5,900,680.16,1700.4
치지직,바이올렛잇고,94.6,117,97,81,12.5,458,337.68,4221
SOOP,배그나,94.8,68,52,151,2.1,913,723.6666666666666,1519.7
SOOP,꾸티뉴,95,95,74,116,4.8,616,494.4166666666667,2373.2
SOOP,하루묭.,95,119,122,56,28.1,455,242.8896797153025,6825.2
SOOP,데스해머쵸로,96.6,85,92,107,6.9,677,375.7826086956522,2592.9
치지직,행돌,96.8,88,78,120,4.7,647,488.72340425531917,2297
치지직,설백,97.4,121,112,71,20.1,428,275.7761194029851,5543.1
SOOP,마다옴_,98.8,98,136,62,29.3,612,214.73037542662115,6291.6
SOOP,혜응이_,99.4,93,128,74,22.7,621,229.81057268722466,5216.7
SOOP,우리밍_,100.8,134,124,61,26.2,375,242.4236641221374,6351.5
SOOP,견자희,102.4,132,118,72,21.3,378,255.28169014084506,5437.5
SOOP,안녕수야,103,71,77,145,3.2,893,491.125,1571.6
치지직,shu1,105.4,123,99,103,8.2,420,332.5853658536585,2727.2
SOOP,˚다누리,106.6,103,82,133,4.3,572,420.6511627906977,1808.8
SOOP,태영♥,107.2,82,63,164,2.2,687,600.9545454545455,1322.1
SOOP,천양,107.2,70,48,185,1.5,898,766.8,1150.2
치지직,선데이1,107.2,100,143,75,24.3,586,205.25925925925927,4987.8
SOOP,또해영♥,107.6,78,62,168,2.1,749,612.3809523809524,1286
치지직,볼가지 bug,109.8,143,146,57,34.2,330,199.3830409356725,6818.9
SOOP,빙밍_,110.2,131,140,70,26.7,380,208.11610486891385,5556.7
SOOP,라로시_,111,109,144,79,23.4,535,201.27350427350427,4709.8
SOOP,진성준짱,111.2,152,147,55,35.5,312,197.4676056338028,7010.1
SOOP,베베리,113.6,116,101,125,7,466,307.85714285714283,2155
치지직,꽃핀,113.8,105,98,134,5.4,570,332.94444444444446,1797.9
SOOP,뮤즈_MUSE,115.2,124,148,78,24.6,418,195.04471544715446,4798.1
SOOP,마로니!,115.4,135,110,111,9.1,368,277.7032967032967,2527.1
치지직,이로나묭 치카,117,103,71,170,2.5,572,507.8,1269.5
치지직,양아지,117,107,68,171,2.4,562,528.6666666666666,1268.8
SOOP,히댕,120,74,137,126,9.8,817,214.5,2102.1
SOOP,빵지니♥,120.4,112,121,124,8.9,513,243.8426966292135,2170.2
SOOP,하나나,120.6,109,159,88,23.6,535,167.64406779661016,3956.4
SOOP,깡담비,121,113,156,90,21.8,493,173.94954128440367,3792.1
SOOP,남수댕,122.4,128,155,87,22.7,394,175.30396475770925,3979.4
치지직,눈꽃,122.4,122,150,95,18.2,423,183.5934065934066,3341.4
SOOP,꿀탱탱,124.4,158,163,69,35.8,295,156.42737430167597,5600.1
SOOP,초롱CH0R0NG,124.4,162,139,91,18,285,210.04444444444445,3780.8
SOOP,리타∀,128,102,127,142,6.9,581,234.7391304347826,1619.7
SOOP,쥐돌이쥐돌이,131,153,152,99,16.5,311,179.3212121212121,2958.8
치지직,포포포포 POPOPOPO,134.4,114,87,192,2.8,486,390.2142857142857,1092.6
SOOP,유설아♡,136,154,119,144,6.4,304,248.21875,1588.6
SOOP,유시에,136.6,129,197,80,40.4,392,111.38861386138613,4500.1
치지직,삐부,136.8,142,142,129,9.3,331,206.40860215053763,1919.6
치지직,윤산삼,139.2,184,160,96,19.6,227,167.23469387755102,3277.8
치지직,Akaros83,140.6,161,130,141,7.5,286,225.74666666666667,1693.1
SOOP,떵규_,141.2,144,181,100,23.1,329,126.37229437229438,2919.2
SOOP,가습기,141.8,127,95,196,2.9,395,346.7931034482759,1005.7
SOOP,연초록♪,146.4,84,59,265,0.9,683,649,584.1
SOOP,쿠우♪,146.6,139,114,183,4.4,361,263.45454545454544,1159.2
치지직,일루전입니다,148.4,108,179,138,13.1,544,132.06106870229007,1730
SOOP,서나앙,148.8,76,207,127,20.7,801,101.4975845410628,2101
치지직,에땁01,149.8,147,187,114,20.7,323,118.28985507246377,2448.6
SOOP,해기_,150,154,138,160,6.6,304,212.3181818181818,1401.3
SOOP,나무늘봉순,150.6,101,86,240,1.9,584,390.4736842105263,741.9
치지직,주루,150.8,170,199,93,32.4,262,110.40123456790124,3577
치지직,쿠레나이 나츠키,151.8,115,83,239,1.8,479,412.77777777777777,743
SOOP,모카:b,153.8,157,141,165,6.3,301,207.28571428571428,1305.9
SOOP,블랙워크,156.6,87,76,272,1.1,662,492,541.2
치지직,해마티엘,156.6,133,116,209,3.6,377,258.5833333333333,930.9
SOOP,사과몽,157.6,130,237,92,42,387,86.93571428571428,3651.3
치지직,아야 AYA,158.2,159,153,163,7.6,291,179.1184210526316,1361.3
SOOP,도맑음,160.6,193,170,135,11.9,200,147.3109243697479,1753
SOOP,구루미:9,163.6,180,157,162,7.9,236,173.22784810126583,1368.5
치지직,청묘,164.8,120,126,226,3.4,451,235.23529411764707,799.8
치지직,Proud,166.2,147,176,166,9.5,323,136.85263157894738,1300.1
SOOP,홍현성.,167.4,211,205,108,25,161,102.964,2574.1
SOOP,란란_,168,150,134,211,4.2,317,219.83333333333334,923.3
SOOP,김세노,168.4,166,135,203,4.5,273,216.15555555555557,972.7
SOOP,또오냥♥,170.4,172,204,136,16.9,257,103.2189349112426,1744.4
SOOP,안예슬띠,171.6,138,100,260,1.9,367,313.4736842105263,595.6
치지직,유후의피아노래,171.6,164,132,215,4,281,222.15,888.6
치지직,김덕만 KDM,173.4,173,174,173,8.7,253,143.367816091954,1247.3
SOOP,토끼예나,174.2,185,166,177,8,225,151.4875,1211.9
치지직,한스토리,177,125,243,137,20.5,409,84.8,1738.4
치지직,권세이,177.6,218,213,122,22.4,154,98.87946428571429,2214.9
치지직,새 담,178.2,231,224,106,27.7,143,95.43682310469315,2643.6
치지직,펠리칸인디용,179.4,217,212,128,20.9,156,98.9377990430622,2067.8
치지직,용봉탕,179.6,220,220,119,24,152,96.775,2322.6
SOOP,김레인♥,179.6,154,260,112,35.9,304,68.85515320334262,2471.9
SOOP,임밍지,181.4,169,211,158,14.4,263,99.02083333333333,1425.9
치지직,나무늘보OW,184.2,209,246,110,30,163,84.38,2531.4
SOOP,나비,185.6,174,165,212,5.9,243,156,920.4
SOOP,윤이샘,186.2,167,131,251,2.9,272,225,652.5
SOOP,김규태,186.6,175,261,118,34.4,241,68.44186046511628,2354.4
치지직,미하루 Miharu,187.4,141,104,294,1.6,338,297.75,476.4
SOOP,기래민,189,191,172,205,6.5,213,145.8153846153846,947.8
치지직,세노 SEN5,189.4,197,162,213,5.7,194,158.03508771929825,900.8
치지직,Bernar,189.8,149,145,255,3.2,322,200.9375,643
SOOP,김순지,190.4,190,180,201,7.6,214,128.82894736842104,979.1
SOOP,♡소유나♡,192.2,233,209,155,14.6,140,99.52739726027397,1453.1
치지직,텐플라스텐 텐텐,192.2,197,195,187,9.9,194,112.42424242424242,1113
치지직,치요우,192.8,214,221,154,15.3,160,96.72549019607843,1479.9
SOOP,aidragon,193.2,236,208,157,14.2,139,101.4225352112676,1440.2
SOOP,딴딴2당,193.2,144,262,149,22.5,329,68.36,1538.1
SOOP,오리-3-,194.8,182,168,228,5.3,235,148.69811320754718,788.1
SOOP,모요,195.2,244,234,132,20.8,132,87.98557692307692,1830.1
치지직,멋사,195.8,135,96,326,1.2,368,345.1666666666667,414.2
치지직,쪼낙,196,140,123,297,1.9,352,242.47368421052633,460.7
SOOP,낭니♥,196.8,200,173,219,6,188,143.71666666666667,862.3
SOOP,슬돌이,197,175,149,256,3.3,241,194.27272727272728,641.1
SOOP,목츄리,197.4,179,225,179,12.6,238,95.11111111111111,1198.4
SOOP,안산저격수,198.2,135,226,202,10.3,368,95.04854368932038,979
SOOP,하리미★ミ,198.8,94,60,390,0.5,620,614.8,307.4
SOOP,아뚱.,201.4,167,240,180,13.8,272,86.1304347826087,1188.6
SOOP,라무,201.8,209,206,194,10.1,163,102.2871287128713,1033.1
SOOP,문모모,202.6,205,182,222,6.8,177,125.6470588235294,854.4
SOOP,김야미♥,203.4,99,298,161,25.5,609,54.79607843137255,1397.3
치지직,디엠이무니다,208.2,239,251,150,19.4,138,78.52061855670104,1523.3
SOOP,냥냥두둥,208.6,259,245,147,18.5,119,84.3945945945946,1561.3
SOOP,새라새라♥,209.6,202,192,231,6.8,183,115,782
치지직,삐라입니다,214.8,254,241,169,14.9,124,85.22818791946308,1269.9
SOOP,김대휘,216.2,247,269,148,23.2,129,66.32758620689656,1538.8
치지직,내가미라지,216.8,194,191,254,5.6,198,115.14285714285714,644.8
SOOP,수힛,217,203,183,258,4.9,182,124.87755102040816,611.9
SOOP,비숑b,217.6,222,242,191,12.9,151,84.96899224806202,1096.1
치지직,댕 균,218.4,186,151,302,2.5,224,179.48,448.7
SOOP,사내.박재박,219.8,165,169,298,3.1,279,147.8709677419355,458.4
치지직,아이치,221.2,180,185,278,4.3,236,121.23255813953489,521.3
SOOP,oPuTo,221.8,277,285,131,31.2,101,59.82051282051282,1866.4
치지직,도로시 dorothy,224.4,220,189,262,5.1,152,115.86274509803921,590.9
SOOP,달묘_,225.4,183,273,199,15.4,230,64.46753246753246,992.8
치지직,쿨 쿨 이,226,262,267,167,19.3,117,66.72538860103627,1287.8
SOOP,데이드림,226,228,210,241,7.4,145,99.36486486486487,735.3
SOOP,디엠이무니다,226.2,211,317,143,33.8,161,47.23668639053255,1596.6
SOOP,하두링,227.4,201,158,310,2.6,184,169.30769230769232,440.2
SOOP,연치민,229.2,178,306,178,23.7,239,51.0126582278481,1209
치지직,근모닝,230.2,265,254,189,14.3,115,77.34965034965035,1106.1
SOOP,이스타추멘!,231,199,178,300,3.4,190,134.26470588235293,456.5
치지직,아론페이지,231.6,224,188,279,4.4,150,118.18181818181819,520
SOOP,옥맨,233.2,194,167,319,2.8,198,150.46428571428572,421.3
치지직,사야플,233.4,233,286,181,19.8,140,59.61616161616162,1180.4
SOOP,칸_김동하,234.8,236,255,214,11.6,139,76.67241379310344,889.4
치지직,썸원,235.2,226,190,285,4.4,146,115.81818181818181,509.6
SOOP,성예린♥,237,187,154,345,2.1,223,178.28571428571428,374.4
치지직,후추,237.6,214,216,271,5.5,160,98.49090909090908,541.7
SOOP,히츠메,238.2,245,283,190,17.8,131,61.58988764044944,1096.3
치지직,미도미도 마요,238.8,274,235,225,9.2,107,87.93478260869566,809
치지직,텝텝,239,247,228,246,7.4,129,92.22972972972973,682.5
치지직,김정민 해변킴,239.2,226,287,198,16.9,146,59.23668639053255,1001.1
SOOP,홍타쿠!,240.2,219,175,316,3.1,153,139.58064516129033,432.7
SOOP,정다니,240.2,267,295,172,22.7,113,55.76211453744494,1265.8
SOOP,채윤아,242,236,347,140,41.5,139,40.80963855421687,1693.6
SOOP,김웰로,242.2,289,266,195,15.3,93,67.05228758169935,1025.9
SOOP,마냥_,243,211,171,331,2.8,161,146,408.8
치지직,땅컹이ㅋ,244.6,285,310,159,28.5,95,49.86666666666667,1421.2
SOOP,모리_,244.8,192,198,318,3.8,205,110.92105263157895,421.5
SOOP,빅토리~!,245.2,196,161,354,2.2,196,163.77272727272728,360.3
치지직,자몽뀨1,246.2,239,232,264,6.5,138,90.0923076923077,585.6
SOOP,마이곰이_,249.8,41,23,581,0.1,1596,1596,159.6
SOOP,뢴트게늄,249.8,163,117,426,1,284,257.7,257.7
치지직,체크메이트입니다,251.4,225,249,267,6.9,149,80.20289855072464,553.4
SOOP,효짱♥,252,256,239,263,6.8,123,86.36764705882354,587.3
치지직,게구리,253.2,208,218,311,4.5,164,97.77777777777777,440
SOOP,누눙지,256.2,159,129,432,1.1,291,226,248.6
치지직,베릴20,258,254,229,289,5.3,124,91.60377358490567,485.5
SOOP,니코♡,260.2,189,177,379,2.4,218,135.25,324.6
치지직,김동학,261.6,204,196,356,3.2,181,111.78125,357.7
치지직,Uann 유안,262.4,270,313,208,19.2,110,48.489583333333336,931
SOOP,카히리,263.8,291,314,200,20.5,92,48.41951219512195,992.6
치지직,제이큐브 JCUBE,263.8,281,322,197,21.5,100,46.58139534883721,1001.5
치지직,Kaiser카이저,265,271,343,184,27.5,108,42.13090909090909,1158.6
SOOP,쪼이.,268.2,277,282,250,10.8,101,61.94444444444444,669
SOOP,춘봉_,269.6,300,301,223,16,87,53.2625,852.2
SOOP,욱하는형,270.6,175,372,217,23.8,241,36.365546218487395,865.5
SOOP,김하선,272,262,315,234,15.9,117,47.80503144654088,760.1
SOOP,늑대채린,273.2,266,230,320,4.6,114,91.3913043478261,420.4
치지직,쏭이,273.8,277,370,176,33.1,101,36.62235649546828,1212.2
SOOP,로기다,274.6,229,214,358,3.6,144,98.83333333333333,355.8
SOOP,링고._.,274.6,271,258,293,6.7,108,71.32835820895522,477.9
SOOP,〃라미〃,279.8,243,238,340,4.4,135,86.4090909090909,380.2
치지직,야켓,282.4,344,388,146,47.6,68,32.88235294117647,1565.2
치지직,감수,282.4,308,364,188,29.9,84,37.147157190635454,1110.7
SOOP,란쵸_,282.6,271,365,206,25.6,108,37.01953125,947.7
SOOP,소주양,285.6,206,164,447,1.5,175,156.06666666666666,234.1
SOOP,호진LEE,290.2,275,247,341,4.5,106,84.06666666666666,378.3
SOOP,하디아_,291.8,151,105,549,0.6,313,293.6666666666667,176.2
치지직,ㅇ연이ㅇ,294.4,146,107,556,0.6,324,288,172.8
SOOP,곽춘식,294.6,319,333,244,15.6,78,44.467948717948715,693.7
치지직,네이키드 naked,296.8,308,264,324,6.2,84,67.38709677419355,417.8
치지직,하예솜,297,385,397,153,46.4,56,32.16594827586207,1492.5
SOOP,최세상,298.6,283,337,268,12.7,98,43.53543307086614,552.9
SOOP,류키∀,300,252,223,401,3.1,127,95.83870967741936,297.1
치지직,냐 미 Nyami,302.4,264,227,397,3.2,116,93.5,299.2
SOOP,밤하밍,303.8,289,263,352,5.3,93,68.28301886792453,361.9
SOOP,오조은,305,207,203,456,2.2,165,104.72727272727273,230.4
SOOP,진호.,306,324,385,218,25.5,76,33.8235294117647,862.5
SOOP,다키_,307.4,329,272,332,6.3,74,64.60317460317461,407
치지직,HANBIN02,307.6,222,214,444,2.4,151,98.83333333333333,237.2
치지직,헤이 heyy,309.2,366,354,236,19.1,61,39.64921465968586,757.3
SOOP,현단아v,310.4,366,341,252,15.1,61,42.78145695364238,646
SOOP,연보라♥,312.2,313,349,275,13,81,40.753846153846155,529.8
SOOP,오녀리,313.4,267,280,370,5.4,113,62.51851851851852,337.6
SOOP,한비。,314.6,389,362,230,20.9,55,37.50717703349282,783.9
치지직,아 즈 AZ,316.6,247,231,437,2.7,129,90.96296296296296,245.6
치지직,은뿌,318.8,232,184,497,1.6,142,124.1875,198.7
SOOP,태민98,321.8,321,308,336,7.8,77,50.743589743589745,395.8
SOOP,숩니찡,325,385,434,186,40.5,56,28.187654320987654,1141.6
치지직,슈이입니다,326.2,303,331,333,9.1,86,44.65934065934066,406.4
치지직,빅박스,329,295,311,364,7,88,49.371428571428574,345.6
SOOP,샤르망,329.6,284,270,412,4.3,97,65.25581395348837,280.6
SOOP,반히._.,333,399,451,182,42.5,52,27.28470588235294,1159.6
SOOP,온네님,333,277,233,461,2.5,101,89.84,224.6
SOOP,호미밍,334,430,375,245,19,47,36,684
SOOP,개리∀,335,347,382,282,15,67,34.53333333333333,518
치지직,와팬,335,303,324,362,7.5,86,46.373333333333335,347.8
SOOP,viperdemon,335,313,330,351,8.1,81,44.74074074074074,362.4
SOOP,뽀끔o3o,335.6,374,442,210,33.5,59,27.737313432835823,929.2
치지직,한나금,335.8,353,439,224,29.9,65,27.752508361204015,829.8
치지직,Sley,336.2,311,305,380,6.3,82,51.03174603174603,321.5
SOOP,나옹이빵,337.8,421,401,233,24.3,48,31.2880658436214,760.3
SOOP,바름이ϐ,338.8,216,507,232,32.2,157,23.81055900621118,766.7
치지직,WhoRU01,339.8,295,281,421,4.3,88,62.13953488372093,267.2
SOOP,서한결,340.2,389,504,152,62.7,55,24.049441786283893,1507.9
치지직,판누,340.2,413,437,207,33.9,50,27.914454277286136,946.3
SOOP,돌애정,342,326,387,305,13.4,75,33.28358208955224,446
SOOP,립LIP,344.2,245,202,536,1.7,131,107.88235294117646,183.4
SOOP,김쁘피,344.4,366,340,338,9.1,61,42.879120879120876,390.2
SOOP,임하밍,344.6,295,256,458,3,88,75.53333333333333,226.6
SOOP,더빙레이디♥,345.2,374,386,290,14.4,59,33.55555555555556,483.2
치지직,마무 Mamuu,346.8,366,323,361,7.5,61,46.53333333333333,349
SOOP,아이코_,347,285,455,270,20.1,95,26.970149253731343,542.1
SOOP,딩굴♡,348.4,316,360,353,9.6,80,37.59375,360.9
SOOP,린링,348.4,330,464,242,27.7,73,26.498194945848375,734
치지직,이복만,351.4,435,445,216,31.9,46,27.570532915360502,879.5
SOOP,김옥독,352.4,430,429,237,26.2,47,28.702290076335878,752
치지직,먀 리린,352.8,308,257,471,2.9,84,73.96551724137932,214.5
SOOP,설설설=333,357.6,344,461,261,22.2,68,26.78828828828829,594.7
SOOP,차쯔키,358,242,186,588,1.3,136,119.84615384615384,155.8
SOOP,야무지♪,358.4,330,290,441,4.2,73,57.61904761904762,242
SOOP,쿠아♪,358.6,171,476,335,15.6,261,25.57051282051282,398.9
SOOP,김배키이,359.6,370,312,402,6.1,60,48.59016393442623,296.4
치지직,기령,363.4,353,303,429,4.9,65,51.53061224489796,252.5
SOOP,유후피아노래,363.8,313,271,482,3.2,81,64.75,207.2
치지직,말카디아,366.4,300,353,413,7,87,40.05714285714286,280.4
SOOP,류헤나,366.4,474,413,266,18.9,40,30.275132275132275,572.2
SOOP,후룽카카,368.2,459,470,221,32.7,42,26.149847094801224,855.1
SOOP,owesportsjp,370.6,413,493,227,32.1,50,24.8006230529595,796.1
치지직,제에스트,372.6,291,259,527,2.7,92,69.81481481481481,188.5
치지직,이쿠롬,372.6,353,296,459,4.1,65,55.21951219512195,226.4
SOOP,세이지.,372.8,474,391,304,13.8,40,32.44927536231884,447.8
SOOP,코코양,373.8,377,358,388,8,58,38.5375,308.3
치지직,슬히찡,374.2,377,355,392,7.8,58,39.205128205128204,305.8
치지직,Lup1ne,374.8,344,473,292,18.5,68,25.854054054054053,478.3
SOOP,아칸_,377,421,475,257,24,48,25.6375,615.3
SOOP,백송_,377,287,490,309,17.7,94,24.903954802259886,440.8
치지직,시메빈,377.4,363,339,423,6.1,62,43.16393442622951,263.3
SOOP,햄쏘따,378.4,442,366,359,9.6,45,36.958333333333336,354.8
SOOP,찰리씨,378.4,370,374,387,8.6,60,36.06976744186046,310.2
치지직,알파이입니다,380.8,336,350,434,6.1,71,40.721311475409834,248.4
SOOP,HyuN.고석현,380.8,374,326,439,5.3,59,45.83018867924528,242.9
SOOP,오리꿍_,381,251,193,634,1.2,128,112.75,135.3
SOOP,손유진,381.4,287,253,557,2.2,94,78.36363636363636,172.4
SOOP,찌미♥,383,459,572,156,72.9,42,19.766803840877916,1441
SOOP,김무무,386.4,442,552,193,49.8,45,20.943775100401606,1043
치지직,서벌캣 례이,388.8,362,395,396,9.3,63,32.225806451612904,299.7
SOOP,김군,390.8,330,414,398,9.9,73,30.171717171717173,298.7
SOOP,우냥v,391,485,486,249,26.8,39,25.02238805970149,670.6
SOOP,은조:E,391.6,324,299,518,3.5,76,54.628571428571426,191.2
SOOP,하나링구,392.2,421,404,366,11.1,48,31.027027027027028,344.4
SOOP,이투__,393.2,442,380,382,9.1,45,34.86813186813187,317.3
SOOP,#일어나,394.2,303,289,545,3.1,86,57.774193548387096,179.1
치지직,유제이와 고양이,394.6,399,544,243,34.4,52,21.186046511627907,728.8
치지직,Mer1t,395.4,321,300,528,3.5,77,53.65714285714286,187.8
SOOP,난초.,396.6,385,368,431,6.8,56,36.94117647058823,251.2
SOOP,고채린,396.6,399,443,349,13.3,52,27.63157894736842,367.5
치지직,김피엔,397.2,350,332,486,4.6,66,44.54347826086956,204.9
SOOP,꼬부기07.,397.4,303,482,360,14,86,25.192857142857143,352.7
치지직,숀쟝,397.6,316,294,542,3.2,80,56.15625,179.7
치지직,낭지킴,398,410,468,322,16,51,26.21875,419.5
SOOP,공태연,399.4,293,292,560,3,90,57.13333333333333,171.4
치지직,smurf5,399.6,410,384,410,8.3,51,33.91566265060241,281.5
치지직,머라냥 I Meolanyang,399.8,399,565,235,37.5,52,20.264,759.9
치지직,무화 Moohwa,400.6,385,634,175,71.8,56,17.185236768802227,1233.9
치지직,전게,401.8,503,477,276,20.6,37,25.5,525.3
SOOP,최은뽀1,405.8,241,252,642,1.7,137,78.41176470588235,133.3
SOOP,김나오!,406.6,381,406,420,8.7,57,30.79310344827586,267.9
치지직,엄덕구1,407.6,330,517,337,17.2,73,22.947674418604652,394.7
SOOP,싸패!,409,257,546,348,17.5,121,21.17142857142857,370.5
SOOP,기찬하,410.4,370,316,525,4,60,47.325,189.3
SOOP,상득,410.8,452,459,342,14.1,43,26.80141843971631,377.9
치지직,도이입니다,410.8,442,498,308,18.2,45,24.36263736263736,443.4
SOOP,Patiizz,411,233,219,692,1.2,140,97.33333333333333,116.8
치지직,owheesung,414.2,363,421,433,8.4,62,29.583333333333332,248.5
치지직,쫑 민,414.4,474,487,312,17.6,40,24.982954545454547,439.7
치지직,나나링 Nanaring,414.6,353,291,569,2.9,65,57.48275862068966,166.7
치지직,rus1,415.4,389,527,317,19.3,55,22.181347150259068,428.1
SOOP,깅미잉,415.4,529,491,283,20.8,34,24.870192307692307,517.3
치지직,메메s,418.6,491,597,204,51,38,18.880392156862744,962.9
치지직,혤캉,419.6,430,396,438,7.6,47,32.171052631578945,244.5
치지직,초깨비,423.6,370,367,507,5.3,60,36.943396226415096,195.8
치지직,레비얀 Leviyan,425.2,336,284,611,2.4,71,60.291666666666664,144.7
치지직,벨로스레아,425.4,399,499,365,14.2,52,24.316901408450704,345.3
치지직,옵쪽이,428.2,503,581,238,38.3,37,19.480417754569192,746.1
SOOP,백청미,428.6,467,453,385,11.5,41,27.078260869565216,311.4
치지직,하얘1,428.8,300,278,644,2.1,87,63.142857142857146,132.6
치지직,감정적으로겜함,429,347,376,523,5.3,67,35.924528301886795,190.4
치지직,멜랴,429.4,359,336,558,3.9,64,44.17948717948718,172.3
치지직,예나츄,429.8,459,568,277,26,42,20.088461538461537,522.3
치지직,킴쿼카,431,421,744,123,156.6,48,13.999361430395913,2192.3
치지직,루시 Luci,431,359,293,605,2.6,64,56.46153846153846,146.8
치지직,마카04,431.2,452,484,368,13.6,43,25.11764705882353,341.6
치지직,햇밤식,432,430,489,376,13.1,47,24.9618320610687,327
SOOP,성하늘,434.4,542,531,284,23.4,33,21.918803418803417,512.9
SOOP,초아♬,435,503,550,286,24.1,37,20.987551867219917,505.8
SOOP,새잎,436.6,435,426,448,8.1,46,28.814814814814813,233.4
SOOP,똘복!,438,518,556,280,25,36,20.744,518.6
SOOP,이지수^^*,439.4,417,398,492,6.3,49,31.952380952380953,201.3
SOOP,청링고,439.6,542,533,295,21.5,33,21.88372093023256,470.5
치지직,손필범,441.8,435,469,418,10.4,46,26.173076923076923,272.2
SOOP,미라지720,445.8,247,381,610,4.2,129,34.61904761904762,145.4
SOOP,꿀혜,447.2,474,472,409,10.9,40,25.889908256880734,282.2
SOOP,단수아,447.4,467,458,427,9.6,41,26.822916666666668,257.5
치지직,히레 hire,449.8,491,516,363,15,38,23.046666666666667,345.7
SOOP,김병살,451,339,277,681,1.9,70,63.21052631578947,120.1
치지직,요이 VRECORD,452.6,449,378,529,5.3,44,35.20754716981132,186.6
SOOP,삐삐♪,453.6,318,629,346,21.6,79,17.305555555555557,373.8
SOOP,이릴_,453.6,562,514,339,16.7,31,23.269461077844312,388.6
SOOP,지한이또,454.6,339,402,565,5.4,70,31.25925925925926,168.8
SOOP,큐티섹시♪,455.4,485,513,383,13.6,39,23.308823529411764,317
SOOP,푸마고치,456,350,338,627,3.2,66,43.5,139.2
치지직,훈톨이,457,605,620,220,48.2,28,17.763485477178424,856.2
SOOP,한쪼니,458,330,319,661,2.7,73,46.851851851851855,126.5
SOOP,또야몽,458.4,578,488,369,13.6,30,24.96323529411765,339.5
SOOP,맛지!,458.6,399,352,595,3.8,52,40.39473684210526,153.5
치지직,해나 Haena,459.4,343,302,675,2.3,69,53.21739130434783,122.4
SOOP,다나짱♥,462.2,339,321,665,2.7,70,46.592592592592595,125.8
치지직,푸후,462.2,381,318,647,2.8,57,47.07142857142857,131.8
SOOP,앨리스얌,462.6,259,244,783,1.1,119,84.72727272727273,93.2
SOOP,이깨굴,462.6,485,600,314,23.3,39,18.742489270386265,436.7
치지직,선준,462.8,396,377,582,4.5,53,35.44444444444444,159.5
SOOP,슘,463,529,463,430,9.5,34,26.557894736842105,252.3
치지직,Ares 아레스,464.2,353,492,492,8.1,65,24.85185185185185,201.3
치지직,김달걀,464.4,326,268,730,1.6,75,66.625,106.6
SOOP,밀크티냠,464.6,435,361,583,4.2,46,37.523809523809526,157.6
치지직,이수민05,464.8,518,536,367,15.7,36,21.872611464968152,343.4
치지직,페오 PEO,467.4,435,551,400,14.2,46,20.964788732394368,297.7
치지직,샘물남,468,452,467,477,8,43,26.35,210.8
SOOP,쟈닌!,468.2,253,265,779,1.4,125,67.21428571428571,94.1
치지직,광살탄,468.8,562,566,325,20.6,31,20.21359223300971,416.4
SOOP,냥수디,469,421,346,616,3.5,48,40.82857142857143,142.9
SOOP,×야뿌×,471.2,518,538,381,14.6,36,21.80821917808219,318.4
치지직,TaeJong2,472.2,503,534,395,13.9,37,21.87769784172662,304.1
SOOP,네이!,472.4,578,519,373,14.8,30,22.56756756756757,334
SOOP,푸닝,472.6,295,615,419,15,88,18.126666666666665,271.9
치지직,화이트fps,473.4,491,609,329,22.2,38,18.436936936936938,409.3
치지직,중괄호,474.2,359,309,697,2.3,64,50.34782608695652,115.8
SOOP,하츠☆,474.4,590,564,327,20.2,29,20.306930693069308,410.2
SOOP,뿌리.,482.6,467,500,473,8.7,41,24.298850574712645,211.4
SOOP,네링_,482.6,491,427,534,6.4,38,28.75,184
SOOP,뽀꿈_,483.4,503,441,516,6.9,37,27.73913043478261,191.4
SOOP,주드,485.2,452,657,330,24.7,43,16.5668016194332,409.2
치지직,나나는못말려,485.4,605,658,253,39.1,28,16.50383631713555,645.3
SOOP,현주♥,490,562,653,291,28.7,31,16.72822299651568,480.1
치지직,빛나람 starnaram,490.6,467,407,586,5.1,41,30.725490196078432,156.7
SOOP,잼율이,490.8,442,357,649,3.4,45,38.705882352941174,131.6
SOOP,연솔,494.2,549,450,511,7.1,32,27.366197183098592,194.3
치지직,쪼뭉,495.2,562,650,307,26.4,31,16.814393939393938,443.9
SOOP,얀시로,496.4,542,431,539,6.4,33,28.59375,183
SOOP,시냐비,497.2,590,485,463,8.9,29,25.078651685393258,223.2
SOOP,하이요,498.6,259,194,923,0.6,119,112.66666666666667,67.6
SOOP,요요에요∀,498.8,396,335,714,2.5,53,44.2,110.5
치지직,SEjFiNN,499.8,413,535,508,8.9,50,21.876404494382022,194.7
SOOP,요닝♡.,500.2,229,200,936,0.6,144,110.16666666666667,66.1
치지직,문창식,500.6,549,603,374,17.9,32,18.56983240223464,332.4
치지직,프로펫 Prophet,501.2,430,430,608,5.1,47,28.607843137254903,145.9
치지직,I최맑음I,501.8,399,782,273,41.1,52,13.116788321167883,539.1
SOOP,한아밍,502.8,452,390,641,4.1,43,32.53658536585366,133.4
치지직,윤니,503,503,558,448,11.3,37,20.654867256637168,233.4
SOOP,유혜미♥,504.6,311,250,856,1,82,79,79
SOOP,하루비_,506,326,274,828,1.3,75,64.3076923076923,83.6
치지직,배빛,508.4,590,729,247,46.6,29,14.46351931330472,674
SOOP,삐요코,510.6,417,344,724,2.6,49,41.65384615384615,108.3
SOOP,히키☆,512,524,416,602,5,35,29.84,149.2
SOOP,손진석.,512,634,619,344,21.2,26,17.7688679245283,376.7
SOOP,버드_♥,512.6,399,328,754,2.2,52,45.5,100.1
SOOP,낑토순,514,524,529,494,9.1,35,22.054945054945055,200.7
치지직,인지상지형,515.4,529,588,436,12.8,34,19.21875,246
SOOP,수셈이,515.4,549,509,505,8.3,32,23.698795180722893,196.7
SOOP,머라냥,516.2,459,773,288,36.6,42,13.292349726775956,486.5
SOOP,설레지히,516.2,677,778,174,94.1,24,13.233793836344315,1245.3
SOOP,재닌,518.6,503,415,630,4.6,37,29.847826086956523,137.3
SOOP,시즈애,519.4,549,540,484,9.5,32,21.652631578947368,205.7
치지직,플 레 타,519.6,282,288,870,1.3,99,58.84615384615385,76.5
SOOP,볼가지,521.8,659,672,303,28.2,25,15.882978723404255,447.9
치지직,계연화,525.8,399,611,504,10.8,52,18.25,197.1
SOOP,문콩_,527.6,578,483,547,7.1,30,25.154929577464788,178.6
SOOP,김세아,528.4,590,506,520,8,29,23.85,190.8
SOOP,아눙,530,542,639,415,16.3,33,17.01840490797546,277.4
SOOP,콩심♡,531.4,363,363,784,2.5,62,37.2,93
SOOP,찌킹♥:D,531.6,258,217,983,0.6,120,98.16666666666667,58.9
SOOP,푸릉_,533.2,590,635,403,17,29,17.147058823529413,291.5
SOOP,코태,533.2,578,465,579,6.1,30,26.42622950819672,161.2
SOOP,눈길.,533.4,459,713,391,20.6,42,14.888349514563107,306.7
SOOP,냥쏘,534,474,369,729,2.9,40,36.827586206896555,106.8
SOOP,카코_,535.6,542,481,587,6.2,33,25.20967741935484,156.3
SOOP,헤다ㆍ,536.6,549,557,510,9.4,32,20.680851063829788,194.4
SOOP,성장,536.6,393,495,650,5.3,54,24.735849056603772,131.1
치지직,잗만한라마,536.8,518,768,315,32.6,36,13.392638036809815,436.6
치지직,축닭이,537.8,449,457,663,4.7,44,26.872340425531913,126.3
SOOP,판다율,538,562,805,259,47.5,31,12.618947368421052,599.4
SOOP,BJ보혜,539,381,379,778,2.7,57,34.888888888888886,94.2
SOOP,사봉디,539.2,614,655,386,18.6,27,16.682795698924732,310.3
SOOP,딸기슈몽이♡,542,614,800,248,52.9,27,12.724007561436673,673.1
SOOP,히요코,542,276,222,995,0.6,102,96.66666666666667,58
치지직,실크로,543.8,347,582,604,7.6,67,19.44736842105263,147.8
SOOP,우히,544.6,677,630,393,17.6,24,17.295454545454547,304.4
SOOP,오파리,547.8,659,578,462,11.4,25,19.67543859649123,224.3
SOOP,수지:3,548.2,435,351,802,2.2,46,40.63636363636363,89.4
치지직,휴이휴이 Hyu2,550.6,549,636,466,13,32,17.107692307692307,222.4
SOOP,해파린~,551.6,590,520,564,7.5,29,22.56,169.2
SOOP,하티하티,552,474,405,738,3.4,40,30.794117647058822,104.7
치지직,름딱이,553.8,449,420,740,3.5,44,29.685714285714287,103.9
SOOP,구본좌,554,696,763,274,39.8,23,13.472361809045227,536.2
치지직,해옥 HAEOK,554.6,491,410,731,3.5,38,30.428571428571427,106.5
SOOP,어쩜냥이,554.6,421,644,532,10.9,48,16.96330275229358,184.9
SOOP,화양씨,555.4,421,418,760,3.3,48,29.757575757575758,98.2
SOOP,김혀니,557.8,677,632,424,15.1,24,17.225165562913908,260.1
치지직,쵸꾸미,558.2,503,417,727,3.6,37,29.833333333333332,107.4
SOOP,백원이야,560.6,381,325,886,1.6,57,46.125,73.8
SOOP,김마늘∀,561.8,393,307,901,1.4,54,50.785714285714285,71.1
치지직,루아나 Official,563.4,435,412,779,3.1,46,30.35483870967742,94.1
치지직,욤미 Yommi,563.4,491,579,584,8,38,19.6625,157.3
치지직,모베,564.2,459,721,460,15.3,42,14.738562091503267,225.5
치지직,얌록,564.8,634,794,301,35.5,26,12.811267605633804,454.8
SOOP,꼼모리,564.8,396,348,866,1.9,53,40.78947368421053,77.5
치지직,난선미,565.4,467,764,416,20.4,41,13.46078431372549,274.6
치지직,최윤주,568.4,562,607,533,10,31,18.45,184.5
치지직,이정웅,569,491,411,766,3.2,38,30.40625,97.3
치지직,귤 복 복,569.8,459,440,755,3.6,42,27.75,99.9
치지직,Gen111,570,524,666,497,12.4,35,16.024193548387096,198.7
SOOP,김막댕,570.2,677,585,502,10.2,24,19.372549019607842,197.6
치지직,움팡,570.4,578,709,428,17.1,30,14.976608187134502,256.1
SOOP,보리담,571,485,409,776,3.1,39,30.516129032258064,94.6
SOOP,예니_ouo,574,696,765,322,31.2,23,13.445512820512821,419.5
SOOP,뚜닝,575.2,578,549,600,7.2,30,21.09722222222222,151.9
SOOP,비현_Vhyun,578.4,614,521,618,6.3,27,22.555555555555557,142.1
SOOP,도라임,580.2,777,715,347,25.1,20,14.844621513944222,372.6
치지직,냐류98,580.4,452,432,793,3.2,43,28.4375,91
치지직,로쥬마리,580.6,529,435,752,3.6,34,28.11111111111111,101.2
치지직,망 난 이,582.2,529,522,669,5.5,34,22.545454545454547,124
SOOP,마두,582.4,590,848,313,37.5,29,11.653333333333334,437
SOOP,망야_,584,350,371,914,1.9,66,36.421052631578945,69.2
SOOP,heiser72,584.8,518,462,741,3.9,36,26.58974358974359,103.7
치지직,삐제리,585.2,562,614,568,9.2,31,18.195652173913043,167.4
치지직,아차찹쌀책,586,524,781,422,20.3,35,13.123152709359607,266.4
SOOP,유상츄,586.4,562,480,705,4.5,31,25.31111111111111,113.9
치지직,얼도우,586.4,634,750,399,21.5,26,13.865116279069767,298.1
SOOP,김뱅글:Þ,586.8,442,705,541,12,45,15.041666666666666,180.5
치지직,워터빈,587,485,671,554,10.9,39,15.889908256880734,173.2
SOOP,류버들,588.6,491,524,702,5.1,38,22.470588235294116,114.6
치지직,준버드,589.2,474,393,843,2.5,40,32.44,81.1
치지직,owjasm1ne,589.8,303,248,1075,0.6,86,84,50.4
SOOP,백우주,590.8,634,539,621,6.5,26,21.73846153846154,141.3
SOOP,해봄♡,591.8,503,422,806,3,37,29.566666666666666,88.7
SOOP,마우낭,592.2,549,651,555,10.3,32,16.78640776699029,172.9
SOOP,김민혁-,592.4,726,741,377,23.1,22,14.12987012987013,326.4
치지직,광배언니,595,605,684,501,12.7,28,15.606299212598426,198.2
SOOP,배민정,595.6,696,701,440,16,23,15.16875,242.7
SOOP,치유+,596,614,688,495,13,27,15.423076923076923,200.5
SOOP,모비*,597.4,269,201,1158,0.4,111,108,43.2
SOOP,현르시,598.4,696,879,269,49.3,23,11.156186612576064,550
SOOP,루센_,600,696,599,553,9.3,23,18.817204301075268,175
SOOP,레티아030,600.4,578,502,710,4.6,30,24.08695652173913,110.8
치지직,TTia 띠아,600.4,614,748,446,16.9,27,13.905325443786982,235
SOOP,아즈_,601.8,399,820,485,16.7,52,12.305389221556887,205.5
치지직,벌거숭이야,604.6,549,515,722,4.7,32,23.127659574468087,108.7
SOOP,찐랑,604.6,503,448,812,3.2,37,27.46875,87.9
SOOP,히누히누,605.8,339,275,1070,0.8,70,64.125,51.3
SOOP,하링!,607.6,696,596,575,8.7,23,18.908045977011493,164.5
SOOP,나월_,611.2,726,623,542,10.2,22,17.61764705882353,179.7
SOOP,쏭이♥,612.6,503,471,809,3.4,37,26.029411764705884,88.5
SOOP,하밍,613,677,788,406,22.1,24,12.841628959276019,283.8
치지직,드로시,613.2,474,559,737,5.1,40,20.58823529411765,105
SOOP,동산,613.8,293,345,1043,1.3,90,41.23076923076923,53.6
치지직,용사98,614.2,503,511,773,4.1,37,23.390243902439025,95.9
SOOP,고미호♡,615.2,634,532,689,5.4,26,21.90740740740741,118.3
SOOP,정애더,615.6,726,663,513,11.9,22,16.285714285714285,193.8
SOOP,비비-3-,616,806,831,306,36.8,19,12.103260869565217,445.4
치지직,진짜 안스,616.8,452,424,892,2.5,43,29.12,72.8
SOOP,김땃쥐060,618,590,842,408,23.9,29,11.832635983263598,282.8
SOOP,천짱짱이,618,806,758,384,23.1,19,13.636363636363637,315
치지직,혤미 HM,621.8,659,868,357,31.6,25,11.310126582278482,357.4
SOOP,냥가링,622.2,659,613,613,7.9,25,18.20253164556962,143.8
SOOP,떤디,623.6,696,591,620,7.4,23,19.135135135135137,141.6
SOOP,금시키,624.6,867,832,296,38.4,17,12.0703125,463.5
치지직,희재네케찹도둑,625.8,549,543,747,4.8,32,21.3125,102.3
SOOP,띠꾸♥,626,562,446,838,3,31,27.566666666666666,82.7
SOOP,차투리,626.6,503,400,915,2.2,37,31.363636363636363,69
SOOP,앙다봉=♥,627,677,622,607,8.3,24,17.626506024096386,146.3
치지직,AKA 아카,627.8,389,1094,281,64.1,55,8.08424336973479,518.2
SOOP,찬이,629,605,526,744,4.6,28,22.391304347826086,103
SOOP,애디_,630.6,399,444,933,2.4,52,27.625,66.3
SOOP,김먕이,632.6,605,510,769,4.1,28,23.609756097560975,96.8
치지직,아리토리에스,632.6,485,707,632,9.1,39,15,136.5
SOOP,카린야,632.8,336,276,1138,0.7,71,63.857142857142854,44.7
치지직,리마파트로나,633,529,681,637,8.6,34,15.63953488372093,134.5
SOOP,만조,633.6,696,590,646,6.9,23,19.159420289855074,132.2
SOOP,유태_,635.2,562,479,828,3.3,31,25.333333333333332,83.6
치지직,Kirei 키레이,636.8,614,649,636,8,27,16.825,134.6
치지직,은가비v,637.4,549,555,764,4.7,32,20.74468085106383,97.5
SOOP,히마리♥,639,659,702,566,11.1,25,15.153153153153154,168.2
SOOP,손승아_♥,639.2,474,419,942,2.2,40,29.727272727272727,65.4
SOOP,김멘탈,639.4,917,911,229,75.7,16,10.408190224570674,787.9
치지직,아이스초코1,639.6,726,785,451,17.9,22,12.972067039106145,232.2
SOOP,개용해,640.4,590,956,350,37.3,29,9.780160857908847,364.8
치지직,호서윤,642.6,677,814,454,18.6,24,12.413978494623656,230.9
치지직,튜티,644.8,578,880,443,21.4,30,11.154205607476635,238.7
SOOP,하빵~,645.4,837,728,467,15.2,18,14.546052631578947,221.1
SOOP,부바,645.6,806,804,407,22.4,19,12.651785714285714,283.4
SOOP,은초롱.,645.8,777,739,487,14.4,20,14.159722222222221,203.9
SOOP,시루♪,645.8,421,327,1077,1.1,48,45.72727272727273,50.3
SOOP,제감펀,646,696,676,591,9.8,23,15.76530612244898,154.5
SOOP,연자몽,646.6,659,823,464,18.2,25,12.241758241758241,222.8
SOOP,광수야.,647,529,604,749,5.5,34,18.563636363636363,102.1
치지직,상일2,649.6,614,882,435,22.1,27,11.149321266968325,246.4
SOOP,_콩이_,649.8,755,669,578,10.1,21,15.970297029702971,161.3
SOOP,소호,650.2,467,425,967,2.1,41,29.095238095238095,61.1
치지직,무 운,650.4,614,908,411,26.6,27,10.575187969924812,281.3
SOOP,쥬멩이,651.8,529,403,962,2,34,31.2,62.4
SOOP,르미루~,652.6,777,734,509,13.6,20,14.308823529411764,194.6
치지직,갇핑거,657,659,723,590,10.6,25,14.669811320754716,155.5
SOOP,구월이_,657.2,726,745,535,13.2,22,13.931818181818182,183.9
SOOP,떵이。,661.2,634,685,651,8.4,26,15.511904761904763,130.3
SOOP,서이지,661.6,696,901,405,26.5,23,10.71320754716981,283.9
SOOP,채니☆,661.8,755,786,491,15.6,21,12.967948717948717,202.3
SOOP,이학일.,662.6,677,742,576,11.6,24,14,162.4
SOOP,하쿠마,663,659,575,753,5.1,25,19.686274509803923,100.4
SOOP,앵이,666.4,726,706,597,10.2,22,15.019607843137255,153.2
SOOP,루디딕,668.4,614,577,787,4.7,27,19.680851063829788,92.5
치지직,kspoa,668.4,614,717,647,8.9,27,14.808988764044944,131.8
SOOP,호발☆,671.2,634,548,813,4.1,26,21.146341463414632,86.7
치지직,IZAYAKI222,671.8,659,659,691,7.1,25,16.492957746478872,117.1
치지직,상 애,671.8,777,913,378,31.3,20,10.380191693290735,324.9
SOOP,바먀,672.8,696,637,697,6.8,23,17.029411764705884,115.8
치지직,세피람,672.8,634,512,853,3.4,26,23.323529411764707,79.3
SOOP,바미__,673,659,528,825,3.8,25,22.157894736842106,84.2
SOOP,박디라,675.2,474,383,1068,1.5,40,34.266666666666666,51.4
치지직,미르다요,675.4,319,279,1250,0.6,78,62.833333333333336,37.7
SOOP,유복실,675.6,410,389,1095,1.5,51,32.6,48.9
치지직,혜나낭,677,529,438,990,2.1,34,27.857142857142858,58.5
SOOP,하솔。,677.6,806,802,489,16,19,12.675,202.8
SOOP,리엘*,678.8,562,505,911,2.9,31,24.03448275862069,69.7
치지직,세찬 SECHAN,679.8,491,660,794,5.5,38,16.490909090909092,90.7
SOOP,시루냥,681.2,578,478,936,2.6,30,25.423076923076923,66.1
치지직,커밍순하리,681.8,677,727,639,9.2,24,14.554347826086957,133.9
치지직,꾸꾸몽,683,677,1082,287,61,24,8.147540983606557,497
SOOP,닥터고블린,683.2,524,554,892,3.5,35,20.8,72.8
치지직,마카 VRECORD,684.6,605,530,879,3.4,28,21.941176470588236,74.6
SOOP,영웅』,687.2,696,602,768,5.2,23,18.653846153846153,97
SOOP,강뿌잉_,687.2,590,466,957,2.4,29,26.416666666666668,63.4
치지직,잉투IngToo,688.6,605,737,682,8.4,28,14.25,119.7
SOOP,요디딛,688.6,755,683,661,8.1,21,15.617283950617283,126.5
치지직,박평구천,688.6,467,1133,355,47,41,7.638297872340425,359
SOOP,고영팔,688.8,696,618,756,5.6,23,17.821428571428573,99.8
치지직,김공은,688.8,696,1031,343,42.4,23,8.898584905660377,377.3
SOOP,A1IEN,692.8,562,497,954,2.6,31,24.46153846153846,63.6
SOOP,니즈__,694.4,696,808,580,12.8,23,12.5234375,160.3
치지직,따람지,694.8,330,320,1252,0.8,73,46.625,37.3
SOOP,모치,695.6,726,580,796,4.6,22,19.652173913043477,90.4
SOOP,치치º^º,695.8,659,703,707,7.4,25,15.094594594594595,111.7
치지직,켈란 Kellan,696.2,529,496,980,2.4,34,24.625,59.1
치지직,육두희,700.4,634,1135,299,60,26,7.626666666666667,457.6
SOOP,성여올,700.8,562,955,516,19.5,31,9.815384615384616,191.4
치지직,데이빗96,702.4,578,977,490,21.1,30,9.601895734597157,202.6
치지직,navi2,705,549,967,521,19.7,32,9.6751269035533,190.6
치지직,과학잡지,705.6,614,1085,372,41.4,27,8.135265700483092,336.8
치지직,은하최강태영,705.8,529,541,959,2.9,34,21.620689655172413,62.7
SOOP,뚜덩,706,634,571,877,3.8,26,19.842105263157894,75.4
SOOP,＊홍주아＊,706.2,755,766,622,10.5,21,13.438095238095238,141.1
SOOP,산적왕윤수철,708.4,188,133,1544,0.1,222,222,22.2
SOOP,도도디_,709,755,725,670,8.5,21,14.564705882352941,123.8
치지직,우히나,711,755,885,515,17.4,21,11.005747126436782,191.5
SOOP,흑구_,712.4,634,968,496,20.6,26,9.674757281553399,199.3
SOOP,가니꾸,716.2,659,801,660,10,25,12.72,127.2
치지직,화 릴,719,917,894,445,21.8,16,10.84862385321101,236.5
치지직,훈논,720.6,755,954,470,21.9,21,9.831050228310502,215.3
치지직,종이의집,720.8,634,759,726,7.9,26,13.620253164556962,107.6
SOOP,졔리,721.2,614,656,840,4.9,27,16.632653061224488,81.5
SOOP,박듀듀:P,723.4,377,297,1323,0.6,58,55.166666666666664,33.1
SOOP,^초선^,724.8,806,689,720,7.1,19,15.366197183098592,109.1
SOOP,SeungAn,724.8,696,716,748,6.9,23,14.81159420289855,102.2
치지직,무미띠,725.2,696,990,475,22.5,23,9.382222222222222,211.1
SOOP,d햄비b,725.2,614,1112,394,38.7,27,7.863049095607235,304.3
SOOP,지아송,725.2,634,697,799,5.9,26,15.220338983050848,89.8
치지직,초사샤샤,727.4,755,783,658,9.8,21,13.071428571428571,128.1
치지직,리네 Renee,729,755,965,480,21.5,21,9.693023255813953,208.4
치지직,마리owo,732.4,634,560,954,3.1,26,20.516129032258064,63.6
치지직,윤우 YunWoo,732.6,777,849,594,13.2,20,11.651515151515152,153.8
SOOP,호진맨,732.8,726,583,886,3.8,22,19.42105263157895,73.8
SOOP,천수이,733.4,417,474,1151,1.7,49,25.647058823529413,43.6
SOOP,지별,736,806,1062,375,39,19,8.402564102564103,327.7
SOOP,리아벨_,739.8,777,679,782,6,20,15.65,93.9
SOOP,레어_,741,867,762,657,9.5,17,13.494736842105263,128.2
치지직,꼼댕이,742.2,755,1144,334,53.6,21,7.5559701492537314,405
SOOP,이루희,744,562,494,1085,2,31,24.75,49.5
SOOP,설빈달,745.6,726,640,861,4.6,22,17,78.2
치지직,k4neow,745.8,529,722,878,5.1,34,14.686274509803921,74.9
치지직,냥금이,752,806,810,667,10,19,12.51,125.1
SOOP,엄키키,754.2,491,652,988,3.5,38,16.742857142857144,58.6
SOOP,이백조,754.2,777,769,728,8,20,13.3875,107.1
SOOP,시로♥,754.6,677,545,1003,2.7,24,21.185185185185187,57.2
SOOP,나몽♥,755.2,614,586,995,3,27,19.333333333333332,58
SOOP,강띠_,755.4,917,829,601,12.4,16,12.161290322580646,150.8
SOOP,마또,755.4,549,436,1178,1.5,32,28,42
치지직,자하진,755.4,777,821,679,9.9,20,12.262626262626263,121.4
치지직,체리아씨,759,777,662,847,4.9,20,16.428571428571427,80.5
치지직,데자뷰12,759,677,1080,479,25.5,24,8.188235294117646,208.8
SOOP,희꾸미,759.6,806,840,656,10.8,19,11.88888888888889,128.4
SOOP,진비유,760.8,696,574,980,3,23,19.7,59.1
SOOP,빵미유,763.6,726,563,983,2.9,22,20.310344827586206,58.9
치지직,눈싸람2,763.8,605,589,1018,2.9,28,19.17241379310345,55.6
치지직,티네케,764.4,726,732,816,6,22,14.35,86.1
치지직,호진리,764.4,726,664,884,4.6,22,16.108695652173914,74.1
SOOP,고호.,766,726,606,946,3.5,22,18.514285714285716,64.8
SOOP,츄잉♡,766.8,696,646,923,4,23,16.9,67.6
SOOP,다트,770.6,917,916,552,16.9,16,10.366863905325443,175.2
SOOP,참새-,772.2,961,873,577,14.4,15,11.243055555555555,161.9
치지직,카논제이,772.4,696,631,952,3.7,23,17.27027027027027,63.9
SOOP,류새콤,772.6,867,780,718,8.3,17,13.204819277108435,109.6
치지직,리네양,772.6,917,997,476,22.7,16,9.290748898678414,210.9
SOOP,흐여름,773.4,867,857,643,11.6,17,11.456896551724139,132.9
SOOP,깅면기,774,806,700,832,5.5,19,15.181818181818182,83.5
SOOP,스노,776,614,617,1016,3.1,27,18.06451612903226,56
SOOP,묭씨,776.2,491,399,1296,1.1,38,31.545454545454547,34.7
SOOP,도화εз,776.8,542,408,1263,1.2,33,30.583333333333332,36.7
치지직,땡은,776.8,634,760,865,5.7,26,13.614035087719298,77.6
SOOP,박.준.영,777.8,867,866,645,11.7,17,11.316239316239317,132.4
SOOP,킴나니_,780.4,590,501,1155,1.8,29,24.11111111111111,43.4
치지직,설 묘,780.6,755,710,864,5.2,21,14.942307692307692,77.7
SOOP,지유_♥,782.6,837,678,860,5,18,15.68,78.4
SOOP,예쁘Gee♥,783,867,929,595,15,17,10.233333333333333,153.5
SOOP,총소녀,783.4,777,638,932,3.9,20,17.025641025641026,66.4
SOOP,김할짓,784.2,755,770,813,6.5,21,13.338461538461539,86.7
SOOP,사만다_,784.4,1020,1130,321,54.7,14,7.670932358318098,419.6
SOOP,강천남,785.6,1020,930,524,18.6,14,10.231182795698924,190.3
SOOP,상기님,785.8,917,921,585,15.2,16,10.322368421052632,156.9
치지직,킴율미,787.2,634,761,890,5.4,26,13.518518518518519,73
SOOP,김지마,788.4,1020,902,559,16.1,14,10.695652173913043,172.2
치지직,녕지,789.8,867,1116,425,33.1,17,7.818731117824774,258.8
SOOP,기나,790.8,562,452,1244,1.4,31,27.142857142857142,38
SOOP,아르르_,795.6,696,692,949,4.2,23,15.30952380952381,64.3
SOOP,수키ㅋ,796.4,806,648,940,3.9,19,16.871794871794872,65.8
치지직,벨라짱,798.2,867,996,566,18.1,17,9.292817679558011,168.2
SOOP,♡쿠라,799,867,714,850,5.4,17,14.851851851851851,80.2
치지직,슈퍼루키2,801,659,963,710,11.4,25,9.719298245614034,110.8
SOOP,디뚜♥,802.4,614,909,790,8.7,27,10.528735632183908,91.6
SOOP,채하,802.6,837,687,901,4.6,18,15.456521739130435,71.1
SOOP,림별:),803.8,917,869,682,10.6,16,11.29245283018868,119.7
씨미,N3K0 BOT 네코봇,805.2,726,587,1063,2.7,22,19.296296296296298,52.1
SOOP,깅제제,807.2,696,668,1002,3.6,23,15.972222222222221,57.5
치지직,살균제,809.4,777,1074,561,20.8,20,8.221153846153847,171
SOOP,죠아써,809.6,696,616,1060,2.9,23,18.06896551724138,52.4
치지직,Clovi,809.8,755,884,763,8.8,21,11.113636363636363,97.8
치지직,사쿠야 하나미,810,634,985,723,11.4,26,9.508771929824562,108.4
SOOP,봄덕이,810.4,696,553,1125,2.2,23,20.90909090909091,46
치지직,윈 트,810.6,867,980,613,15,17,9.586666666666666,143.8
치지직,먀우 myau,810.8,726,837,827,7,22,11.957142857142857,83.7
SOOP,타올이,811,837,836,773,8,18,11.9875,95.9
치지직,릴썬,813.8,917,943,633,13.6,16,10.014705882352942,136.2
SOOP,홍길순,815.8,503,392,1396,0.9,37,32.44444444444444,29.2
치지직,백 정 이,816.6,777,1061,592,18.3,20,8.426229508196721,154.2
SOOP,나린.,817.6,474,359,1448,0.7,40,38.142857142857146,26.7
치지직,쿠마루,818.6,295,236,1663,0.2,88,87,17.4
SOOP,키비스으,819.6,634,576,1156,2.2,26,19.681818181818183,43.3
SOOP,뉴냥이,820.8,696,593,1111,2.5,23,19,47.5
치지직,나 견,821.2,634,1366,370,56.7,26,5.954144620811287,337.6
치지직,으농2,822.4,726,1181,512,26.7,22,7.262172284644195,193.9
치지직,담비꺼야,825.4,867,905,725,10.2,17,10.607843137254902,108.2
치지직,o으에o,826,726,896,806,8.2,22,10.817073170731707,88.7
치지직,탑드래곤,826.8,590,790,982,4.6,29,12.826086956521738,59
SOOP,롤명산,827.8,755,569,1123,2.3,21,20.043478260869566,46.1
치지직,맹총가리,828,806,845,822,7.2,19,11.75,84.6
치지직,데스퍼,830.2,755,643,1055,3.1,21,16.967741935483872,52.6
치지직,송찐빵,830.8,578,561,1227,1.9,30,20.473684210526315,38.9
SOOP,하리=ㅅ=,831.6,806,767,909,5.2,19,13.423076923076923,69.8
치지직,케이먼 Cayman,832.2,867,957,690,12,17,9.766666666666667,117.2
치지직,문히온,833.8,755,1072,635,16.4,21,8.24390243902439,135.2
SOOP,BJ소심,834.2,393,304,1585,0.4,54,51.25,20.5
치지직,구길동,834.2,917,961,666,12.9,16,9.736434108527131,125.6
치지직,한두울,836,806,877,810,7.9,19,11.189873417721518,88.4
SOOP,샤치_ξ,838,806,776,916,5.2,19,13.25,68.9
SOOP,우엉,838.4,614,508,1281,1.5,27,23.733333333333334,35.6
치지직,TWOSUNPLACE,839,659,1364,404,48.5,25,5.9649484536082475,289.3
SOOP,#김미키,839.2,1020,925,663,12.3,14,10.268292682926829,126.3
SOOP,옌이.,840.8,1100,982,570,17.4,13,9.53448275862069,165.9
SOOP,또니´,841,777,625,1089,2.8,20,17.571428571428573,49.2
치지직,delululu,842.6,917,1231,417,39.9,16,6.857142857142857,273.6
SOOP,김동욱_,842.8,562,562,1264,1.8,31,20.333333333333332,36.6
치지직,요디딛,843.8,777,933,788,9.1,20,10.142857142857142,92.3
치지직,유자 Yuja,844.4,1020,1099,502,24.6,14,8.032520325203253,197.6
치지직,뽀 얌,845.4,837,1096,599,18.9,18,8.058201058201059,152.3
치지직,김쑤앙,847.4,917,1007,653,14.1,16,9.170212765957446,129.3
치지직,유예니,847.8,867,1009,677,13.4,17,9.119402985074627,122.2
치지직,정크랫패스,848.8,614,1426,389,55.2,27,5.574275362318841,307.7
치지직,김나리,849,867,1239,450,34.4,17,6.781976744186046,233.3
SOOP,서으뉴♡,849,377,373,1561,0.6,58,36.166666666666664,21.7
치지직,선드 SeonD,849.4,917,1114,551,22.4,16,7.834821428571429,175.5
SOOP,얼이,849.4,961,937,706,11.2,15,10.133928571428571,113.5
치지직,이나0704,849.8,917,1078,588,19,16,8.2,155.8
치지직,고노바,850.6,961,854,792,7.9,15,11.544303797468354,91.2
치지직,류한별,851.4,837,887,823,7.7,18,10.974025974025974,84.5
SOOP,정서린,851.8,605,518,1309,1.5,28,22.6,33.9
치지직,명나뇽,853.2,806,960,770,9.9,19,9.747474747474747,96.5
치지직,서여은,853.6,726,633,1138,2.6,22,17.192307692307693,44.7
SOOP,이고!,855.4,961,919,739,10.1,15,10.336633663366337,104.4
치지직,콩콩,856.6,321,329,1652,0.4,77,44.75,17.9
SOOP,천상츄,857.2,590,456,1392,1.1,29,26.90909090909091,29.6
SOOP,리네샤,859.2,614,542,1299,1.6,27,21.5,34.4
치지직,묘링 Myoring,860.6,677,584,1229,2,24,19.4,38.8
SOOP,피에로-,860.6,777,1311,452,36.9,20,6.289972899728998,232.1
SOOP,제갈_통,862.4,634,567,1272,1.8,26,20.166666666666668,36.3
치지직,포 근,864.2,677,872,950,5.7,24,11.263157894736842,64.2
SOOP,ㆍ포포ㆍ,864.2,837,696,1046,3.5,18,15.228571428571428,53.3
치지직,혼 광,864.2,961,1198,482,29.4,15,7.0476190476190474,207.2
SOOP,찬욱,864.2,755,598,1185,2.2,21,18.818181818181817,41.4
치지직,조근우,864.6,677,601,1222,2.1,24,18.666666666666668,39.2
치지직,마지텐시0,868.2,529,460,1446,1,34,26.8,26.8
SOOP,라율,868.2,659,525,1316,1.5,25,22.466666666666665,33.7
SOOP,suna03,869,837,1276,478,32.1,18,6.507788161993769,208.9
치지직,푸시아베리,869.8,777,1108,678,15.4,20,7.915584415584416,121.9
치지직,wkdrbwls,869.8,867,1203,538,26.1,17,7.015325670498084,183.1
치지직,현식1111,870,542,1153,751,13.6,33,7.463235294117647,101.5
SOOP,세레나,870.2,421,356,1609,0.5,48,38.8,19.4
SOOP,너구리아,871,777,742,1047,3.8,20,14,53.2
치지직,라붕,873,677,675,1169,2.7,24,15.777777777777779,42.6
SOOP,백노루,875.2,1020,907,771,9.1,14,10.593406593406593,96.4
SOOP,hiwchakiew,875.8,961,1029,680,13.6,15,8.919117647058824,121.3
SOOP,강칠득,876.4,578,503,1399,1.2,30,24.083333333333332,28.9
SOOP,댕이댕이,878.4,1020,973,713,11.5,14,9.626086956521739,110.7
치지직,김통수,878.4,726,1224,609,21.1,22,6.9052132701421804,145.7
SOOP,그묘♪,879,961,891,826,7.7,15,10.883116883116884,83.8
치지직,하리코,879.2,806,865,930,5.9,19,11.322033898305085,66.8
SOOP,야옹민지,880.6,659,746,1126,3.3,25,13.909090909090908,45.9
SOOP,감자빵77,881.4,413,1115,882,9.5,50,7.831578947368421,74.4
SOOP,배청순,881.8,961,1016,708,12.3,15,9.05691056910569,111.4
SOOP,뚜민찡,882.2,867,756,1016,4.1,17,13.658536585365853,56
SOOP,수수한세리,884.2,417,522,1480,1.1,49,22.545454545454547,24.8
치지직,Akie8,884.8,806,1194,615,20.3,19,7.078817733990148,143.7
SOOP,시루엣,885,961,1129,603,19.3,15,7.694300518134715,148.5
치지직,오유자,888,806,720,1097,3.3,19,14.787878787878787,48.8
SOOP,히어로레드,888.8,726,628,1231,2.2,22,17.545454545454547,38.6
SOOP,셀키_,888.8,590,447,1480,0.9,29,27.555555555555557,24.8
SOOP,다정언니,888.8,1238,1189,414,39.1,11,7.112531969309463,278.1
SOOP,강희또,890.2,549,427,1524,0.8,32,28.75,23
SOOP,손근원,890.6,867,738,1055,3.7,17,14.216216216216216,52.6
치지직,aino 카리,890.6,837,1047,761,11.4,18,8.596491228070175,98
치지직,유토링,891,777,753,1086,3.6,20,13.722222222222221,49.4
치지직,부뚱이는 부뚱해,893,961,1057,695,13.7,15,8.459854014598541,115.9
치지직,아 켄,893,867,789,1010,4.4,17,12.840909090909092,56.5
치지직,쎄나츄,895,961,1126,631,17.6,15,7.767045454545454,136.7
SOOP,아연링,896.6,961,928,833,8.1,15,10.234567901234568,82.9
치지직,고구마둘리,896.6,961,1274,487,31.3,15,6.514376996805112,203.9
SOOP,한자리♪,898.2,777,818,1039,4.4,20,12.318181818181818,54.2
치지직,드알,898.2,837,787,1040,4.2,18,12.880952380952381,54.1
치지직,화울Whaul,899.4,837,827,1003,4.7,18,12.170212765957446,57.2
SOOP,유제이와냥이,901.6,1100,1247,457,34,13,6.7558823529411764,229.7
SOOP,투미츠,902.4,726,592,1301,1.8,22,19.055555555555557,34.3
치지직,하스딩,903,777,892,977,5.5,20,10.872727272727273,59.8
치지직,콩난이,903.4,677,570,1350,1.6,24,19.9375,31.9
치지직,하시우v,903.6,1020,1249,500,29.4,14,6.7482993197278915,198.4
치지직,천룩희,905.2,1020,949,804,9,14,9.88888888888889,89
치지직,탬퍼,906.6,867,1260,573,24.8,17,6.637096774193548,164.6
SOOP,free윤용태,906.8,518,423,1585,0.7,36,29.285714285714285,20.5
치지직,불녀,907.8,867,1160,676,16.5,17,7.412121212121212,122.3
SOOP,시후†,908.6,837,730,1123,3.2,18,14.40625,46.1
SOOP,연아리.,912.8,726,627,1292,2,22,17.55,35.1
SOOP,힐링동키,913,867,952,897,7.3,17,9.849315068493151,71.9
치지직,냐루 NYARU,916.8,634,547,1428,1.3,26,21.153846153846153,27.5
SOOP,미냐호,917,867,694,1165,2.8,17,15.25,42.7
SOOP,안경뚱떙이,917.4,1159,1088,626,17.2,12,8.116279069767442,139.6
치지직,타마마 V,918.6,961,1348,468,36.2,15,6.060773480662983,219.4
치지직,이르딘 leeruedin,920.6,837,1036,847,9.1,18,8.846153846153847,80.5
SOOP,도월하,921,837,673,1211,2.5,18,15.88,39.7
치지직,조개구2임,921.8,755,1217,710,16,21,6.925,110.8
치지직,어써미,924.6,867,774,1104,3.6,17,13.277777777777779,47.8
치지직,소 하린,925,917,912,942,6.3,16,10.380952380952381,65.4
SOOP,타쵸쵸,926.2,961,830,1005,4.7,15,12.148936170212766,57.1
치지직,오민omin,926.8,696,1444,525,34.5,23,5.48695652173913,189.3
치지직,아키루 님,927.4,961,1097,741,12.9,15,8.03875968992248,103.7
SOOP,로지rozi,928,1416,1284,328,63.2,9,6.488924050632911,410.1
치지직,뮨1,928.6,961,855,986,5.1,15,11.529411764705882,58.8
치지직,미우먀우,928.8,806,833,1086,4.1,19,12.048780487804878,49.4
SOOP,다훈갓_,929.8,917,775,1091,3.7,16,13.27027027027027,49.1
SOOP,동아형,934,1020,1196,629,19.5,14,7.056410256410256,137.6
SOOP,요한.3.,935.2,806,852,1083,4.3,19,11.581395348837209,49.8
SOOP,뚜란,935.8,867,876,1030,4.9,17,11.204081632653061,54.9
SOOP,소댕,937.4,867,969,941,6.8,17,9.661764705882353,65.7
SOOP,댕뚜비,938.6,777,694,1264,2.4,20,15.25,36.6
SOOP,석시문,940.2,1319,1236,455,33.8,10,6.819526627218935,230.5
치지직,므슈77,940.8,1100,1337,465,36.4,13,6.118131868131868,222.7
치지직,하곰루,941.4,503,394,1708,0.5,37,32.4,16.2
치지직,호랭찌,942,1100,1256,549,26.4,13,6.674242424242424,176.2
치지직,부부워치,942.2,917,1045,852,9.2,16,8.695652173913043,80
SOOP,화여니,942.6,755,626,1353,1.8,21,17.555555555555557,31.6
SOOP,준신,942.8,1020,1068,779,11.3,14,8.327433628318584,94.1
SOOP,짭봉,942.8,806,645,1309,2,19,16.95,33.9
SOOP,이루♡,944.8,1100,870,942,5.8,13,11.275862068965518,65.4
치지직,킴이슬,945.4,659,989,1045,5.7,25,9.385964912280702,53.5
치지직,민지지,946,726,665,1337,2,22,16.1,32.2
치지직,김민재05,947.8,353,342,1851,0.3,65,42.666666666666664,12.8
SOOP,하리농,953,1159,1002,801,9.7,12,9.22680412371134,89.5
치지직,미츠나,954.6,867,1026,927,7.5,17,8.96,67.2
치지직,앙탈깜지,954.6,961,809,1097,3.9,15,12.512820512820513,48.8
SOOP,못말리는춘식,955.2,1100,1003,835,9,13,9.2,82.8
SOOP,히수레,955.8,1159,1015,795,10,12,9.06,90.6
치지직,메리 MARY,955.8,961,922,987,5.7,15,10.298245614035087,58.7
치지직,키미도리 메로,956.4,442,334,1836,0.3,45,44.333333333333336,13.3
치지직,Chzzk또랑이,957.4,1159,1295,519,29.9,12,6.391304347826087,191.1
치지직,모모팡,957.4,837,1042,933,7.6,18,8.723684210526315,66.3
치지직,하밍이,958.2,777,682,1325,2.1,20,15.619047619047619,32.8
치지직,어서옵냥,959.2,1100,1318,530,29.8,13,6.25503355704698,186.4
치지직,라레몽,960.2,755,647,1376,1.8,21,16.88888888888889,30.4
치지직,찐우02,963.6,1020,1127,772,12.4,14,7.766129032258065,96.3
치지직,수 담,964.2,777,661,1361,1.9,20,16.473684210526315,31.3
치지직,포이Poye,966.8,1020,1025,882,8.3,14,8.963855421686747,74.4
SOOP,현신_,967.8,917,1044,917,7.9,16,8.69620253164557,68.7
치지직,최올림,968.2,1159,1360,481,34.8,12,5.985632183908046,208.3
치지직,헤카테문,969.8,867,1156,835,11.1,17,7.45945945945946,82.8
치지직,람보람1,970.2,459,910,1286,3.4,42,10.441176470588236,35.5
SOOP,기혁_,971,917,850,1119,4,16,11.65,46.6
치지직,우티안,971.2,696,1018,1062,5.8,23,9.017241379310345,52.3
치지직,삶은구운계란,971.8,961,1103,846,10.1,15,7.98019801980198,80.6
치지직,마 웨,972.4,806,691,1337,2.1,19,15.333333333333334,32.2
치지직,공하시,974,696,704,1383,2,23,15.05,30.1
SOOP,로로냥,974.4,1100,923,963,6,13,10.283333333333333,61.7
치지직,그늘이야,976,806,693,1344,2.1,19,15.285714285714286,32.1
치지직,콩빈e,977.2,1020,1321,612,23.1,14,6.233766233766234,144
SOOP,희각,978.4,1100,1192,704,16.1,13,7.093167701863354,114.2
치지직,비 라,979.8,677,731,1380,2.1,24,14.380952380952381,30.2
SOOP,클리프,981,1159,1012,861,8.6,12,9.093023255813954,78.2
치지직,티타냥,981.8,1159,1159,716,14.8,12,7.418918918918919,109.8
치지직,지눙2,982.6,917,1179,819,11.7,16,7.264957264957265,85
치지직,서여주,983.8,917,1315,686,19,16,6.2631578947368425,119
치지직,코우세이 우키,985,777,816,1258,3,20,12.366666666666667,37.1
SOOP,근모닝TV,985.2,1020,1118,835,10.6,14,7.811320754716981,82.8
SOOP,말론님,986,1100,1170,745,14,13,7.3428571428571425,102.8
SOOP,권아온,986.4,634,751,1398,2.1,26,13.80952380952381,29
SOOP,홍산_,987.2,1100,1201,717,15.6,13,7.032051282051282,109.7
치지직,그누그누gunugunu,987.2,1020,1436,522,34.4,14,5.537790697674419,190.5
SOOP,Gur3um.,987.4,961,893,1095,4.5,15,10.866666666666667,48.9
씨미,아야네 호타루,987.4,837,825,1225,3.2,18,12.1875,39
치지직,홍일이,988,1100,998,922,7.3,13,9.273972602739725,67.7
치지직,유네넴,988.2,777,1050,1032,6.4,20,8.5625,54.8
SOOP,세으나,989,867,779,1260,2.8,17,13.214285714285714,37
치지직,하찮은돌맹이,989,961,924,1068,5,15,10.28,51.4
치지직,한 상 현,989.2,726,718,1392,2,22,14.8,29.6
치지직,쿠아 Qua,990.8,1020,953,1014,5.7,14,9.842105263157896,56.1
SOOP,화려희,991.8,961,946,1053,5.3,15,9.943396226415095,52.7
SOOP,#정군,991.8,1319,1378,442,41.1,10,5.883211678832117,241.8
치지직,신바람 baram,993.4,867,1487,563,32.4,17,5.231481481481482,169.5
SOOP,순수콩♧,994.4,1100,1390,546,30.7,13,5.827361563517916,178.9
치지직,정복자v,994.6,837,1375,693,19.7,18,5.908629441624366,116.4
치지직,갤러해드1,994.8,1238,1270,598,23.3,11,6.55793991416309,152.8
SOOP,해따,996.4,1020,1077,904,8.6,14,8.209302325581396,70.6
SOOP,하나랑께,997.2,1100,1035,908,7.9,13,8.848101265822784,69.9
치지직,하파,998,806,1438,654,23.4,19,5.512820512820513,129
치지직,한심한김진돌,999.8,961,1019,1000,6.4,15,9.015625,57.7
SOOP,츄르°,1000,1238,1066,815,10.3,11,8.368932038834952,86.2
SOOP,BJ김민기,1000.4,1416,1220,573,23.8,9,6.915966386554622,164.6
SOOP,새턴-,1002.2,1159,1473,453,43.7,12,5.304347826086956,231.8
SOOP,이모이_,1003.4,777,610,1510,1.3,20,18.307692307692307,23.8
SOOP,양지랖,1003.8,491,449,1815,0.5,38,27.4,13.7
SOOP,썬형.,1004,1100,966,994,6,13,9.683333333333334,58.1
치지직,미즈야,1005.6,1100,1263,701,17.4,13,6.609195402298851,115
치지직,언더,1008,1100,1422,548,31.9,13,5.58307210031348,178.1
SOOP,고백일,1008.2,837,712,1390,2,18,14.9,29.8
SOOP,묭땅,1008.2,917,858,1204,3.5,16,11.428571428571429,40
SOOP,수백이_,1008.6,917,757,1306,2.5,16,13.64,34.1
치지직,도지음,1011.6,1100,1138,841,10.7,13,7.607476635514018,81.4
치지직,디안 dian,1012.8,726,917,1252,3.6,22,10.36111111111111,37.3
치지직,앉은태은,1016.6,659,948,1264,3.7,25,9.891891891891891,36.6
SOOP,♥핑꾸♥,1017.6,1100,994,1000,6.2,13,9.306451612903226,57.7
치지직,고먐미님,1018,806,1250,892,10.8,19,6.7407407407407405,72.8
치지직,마스미,1019.4,961,1054,1014,6.6,15,8.5,56.1
SOOP,나무늘보_ow,1020.2,1319,1351,540,29.9,10,6.050167224080267,180.9
치지직,행성이 게임,1021.2,1020,1322,721,17.5,14,6.222857142857142,108.9
치지직,니치 nichi,1021.4,961,972,1101,5,15,9.64,48.2
SOOP,연우얌z,1021.8,961,796,1278,2.8,15,12.75,35.7
치지직,삼 백,1022,726,867,1325,2.9,22,11.310344827586206,32.8
SOOP,유지한,1022,1238,1145,791,12.1,11,7.553719008264463,91.4
SOOP,드행이,1022.2,1159,1064,912,8.3,12,8.385542168674698,69.6
SOOP,유솜_,1023.2,1020,938,1110,4.7,14,10.127659574468085,47.6
치지직,OwTUKI,1025.2,726,899,1301,3.2,22,10.71875,34.3
치지직,굽신,1026.2,917,834,1273,3,16,12.033333333333333,36.1
SOOP,깡밍_♥,1026.8,1416,1345,514,31.9,9,6.072100313479623,193.7
치지직,대건1004,1027,837,1125,1024,7.1,18,7.774647887323944,55.2
SOOP,힙비,1029.4,917,826,1289,2.9,16,12.172413793103448,35.3
SOOP,코로미♪,1030.2,917,746,1371,2.2,16,13.909090909090908,30.6
SOOP,별이쓰.,1032,1020,843,1227,3.3,14,11.787878787878787,38.9
치지직,휘틀릭,1033.4,777,605,1590,1.1,20,18.545454545454547,20.4
치지직,빠삐코TV,1034.4,1238,1495,472,40.9,11,5.200488997555012,212.7
치지직,동동씨,1034.8,1100,1350,687,19.6,13,6.051020408163265,118.6
치지직,광무리,1036.6,961,1427,684,21.4,15,5.565420560747664,119.1
SOOP,김띵수,1037.2,1238,1306,668,19.6,11,6.346938775510204,124.4
SOOP,유바미!,1037.6,1238,1086,889,9,11,8.133333333333333,73.2
치지직,나송진,1039.4,867,807,1358,2.5,17,12.56,31.4
SOOP,미닛이에용,1039.6,1020,949,1140,4.5,14,9.88888888888889,44.5
치지직,수녕,1040.6,867,861,1307,3,17,11.333333333333334,34
치지직,김오쥐,1040.6,867,861,1307,3,17,11.333333333333334,34
치지직,진짜김꼬비,1040.6,961,1185,936,9.2,15,7.184782608695652,66.1
치지직,민잉이,1041.6,1020,1261,833,12.5,14,6.632,82.9
SOOP,마름모,1043,1159,1409,619,24.9,12,5.694779116465863,141.8
SOOP,찰지지,1043,917,740,1409,2,16,14.15,28.3
치지직,정따따,1043.2,806,791,1414,2.2,19,12.818181818181818,28.2
SOOP,안즈!,1044.8,1020,933,1169,4.2,14,10.142857142857142,42.6
SOOP,LOVE_젠투,1045.2,1100,1028,1035,6.1,13,8.934426229508198,54.5
SOOP,천강형,1046.8,1020,889,1218,3.6,14,10.944444444444445,39.4
SOOP,Flower73,1050.4,1020,1013,1103,5.3,14,9.075471698113208,48.1
SOOP,YANGJUN_,1052.6,961,976,1175,4.4,15,9.613636363636363,42.3
치지직,호 람,1053.4,1159,1134,920,8.9,12,7.629213483146067,67.9
치지직,해령임둥,1053.6,1238,1173,842,11.1,11,7.315315315315315,81.2
치지직,아댕 ADANG,1054.6,1159,1384,673,21.1,12,5.848341232227488,123.4
치지직,CASKER,1055.8,867,815,1391,2.4,17,12.375,29.7
치지직,웅 철,1056.4,1020,975,1156,4.5,14,9.622222222222222,43.3
SOOP,뚠개냥,1058,1020,1051,1084,5.8,14,8.551724137931034,49.6
SOOP,사자º,1059,1159,1020,1048,5.9,12,9,53.1
SOOP,슈힌,1059.4,837,640,1590,1.2,18,17,20.4
SOOP,sp1nt07,1059.6,806,711,1535,1.5,19,14.933333333333334,22.4
치지직,알라쫀득쿠키,1059.6,1238,1561,469,45,11,4.833333333333333,217.5
치지직,이단홍,1061.2,1020,932,1211,3.9,14,10.179487179487179,39.7
치지직,구름위에달,1061.8,1159,1255,820,12.7,12,6.68503937007874,84.9
SOOP,하얀율무차,1063,1159,1199,879,10.6,12,7.037735849056604,74.6
치지직,양엔젤,1063.6,1020,1349,800,14.8,14,6.054054054054054,89.6
치지직,백하누,1065,867,1612,617,31.7,17,4.485804416403785,142.2
SOOP,햄쩌구,1065.2,726,608,1692,0.9,22,18.444444444444443,16.6
SOOP,김프디:SoifD,1065.4,867,680,1550,1.4,17,15.642857142857142,21.9
치지직,오미짱,1065.4,1159,1553,531,38,12,4.894736842105263,186
치지직,코혼,1067.4,1159,942,1147,4.4,12,10.022727272727273,44.1
SOOP,♡효구리♡,1067.8,961,771,1418,2.1,15,13.333333333333334,28
치지직,도희린,1068.6,917,1010,1203,4.4,16,9.113636363636363,40.1
치지직,Aester,1069.4,917,906,1309,3.2,16,10.59375,33.9
치지직,잉닝밍,1070.8,1238,1093,965,7.6,11,8.092105263157896,61.5
치지직,감정갱,1072.2,961,856,1344,2.8,15,11.464285714285714,32.1
치지직,너구리 살생부,1073.2,1238,1191,873,10.7,11,7.093457943925234,75.9
SOOP,둥희!,1073.4,867,670,1580,1.3,17,15.923076923076923,20.7
SOOP,혜지,1074,1100,1071,1064,6.3,13,8.253968253968255,52
SOOP,ㄱ해삼,1075.2,1416,1237,743,15.2,9,6.815789473684211,103.6
치지직,타로12,1075.4,1159,1503,606,28.5,12,5.140350877192983,146.5
SOOP,철이ㅤ,1076.6,867,818,1440,2.2,17,12.318181818181818,27.1
SOOP,이나라,1077,837,724,1550,1.5,18,14.6,21.9
SOOP,심성°,1077,1319,1267,766,14.8,10,6.574324324324325,97.3
치지직,현브,1077.2,1020,1172,1011,7.7,14,7.324675324675325,56.4
SOOP,한나금,1077.6,1020,853,1331,2.8,14,11.571428571428571,32.4
치지직,아 르네,1078.4,1020,1313,873,12.1,14,6.2727272727272725,75.9
치지직,Trekking,1079,837,1584,695,24.8,18,4.673387096774194,115.9
SOOP,고슬로,1080.2,1319,1128,913,9,10,7.722222222222222,69.5
SOOP,윈터º,1080.2,1319,1182,859,10.9,10,7.201834862385321,78.5
SOOP,또한아,1080.6,777,612,1701,0.9,20,18.22222222222222,16.4
치지직,디룽지,1081.6,1238,1327,758,15.9,11,6.188679245283019,98.4
SOOP,기보기;,1082.8,1020,870,1327,2.9,14,11.275862068965518,32.7
치지직,이깡빈,1087.8,867,824,1462,2.1,17,12.19047619047619,25.6
치지직,에이나 EINA,1088.6,837,1000,1303,3.7,18,9.243243243243244,34.2
치지직,유 보 라,1089,961,1052,1190,4.8,15,8.541666666666666,41
치지직,하늘뇽,1089.8,961,841,1403,2.4,15,11.875,28.5
SOOP,리베♡,1090,696,537,1840,0.6,23,21.833333333333332,13.1
치지직,져니콩,1090.2,961,993,1252,4,15,9.325,37.3
치지직,고보미,1091.2,634,621,1790,0.8,26,17.75,14.2
치지직,김흑둥이,1092.2,961,1678,572,39.1,15,4.232736572890025,165.5
SOOP,김초밥:>,1094.6,1319,1111,966,7.8,10,7.871794871794871,61.4
SOOP,렉스___,1094.8,1100,926,1261,3.6,13,10.25,36.9
씨미,애퍼타이트 apatite,1095,1159,1290,868,12,12,6.425,77.1
치지직,콩이라고해,1095,961,1228,1029,8,15,6.8875,55.1
SOOP,뇽이♥,1097.6,806,654,1687,1,19,16.7,16.7
치지직,낌어라,1097.6,1100,1090,1104,5.9,13,8.101694915254237,47.8
치지직,여나몽,1097.8,1159,1293,872,11.9,12,6.4033613445378155,76.2
치지직,고망지,1098,1020,914,1321,3.2,14,10.375,33.2
SOOP,하루네_,1098.4,726,573,1810,0.7,22,19.714285714285715,13.8
치지직,삐쭉v,1099.8,917,795,1496,1.9,16,12.789473684210526,24.3
치지직,메타 몽,1100,1238,1222,909,10.1,11,6.910891089108911,69.8
치지직,간디쨩,1100.8,1020,984,1258,3.9,14,9.512820512820513,37.1
SOOP,상머니,1101.6,1416,1406,640,23.4,9,5.713675213675214,133.7
치지직,하안별,1102.8,1020,1212,1035,7.8,14,6.987179487179487,54.5
SOOP,:신우,1103.2,1020,813,1435,2.2,14,12.454545454545455,27.4
SOOP,sp1nel,1103.6,1416,1223,828,12.1,9,6.909090909090909,83.6
SOOP,유근수,1103.6,1238,1107,1033,6.9,11,7.927536231884058,54.7
치지직,즘띠,1105,867,1202,1127,6.5,17,7.030769230769231,45.7
SOOP,얼도우우,1105.8,1159,1113,1072,6.5,12,7.861538461538461,51.1
SOOP,비뚜리,1108.8,1020,859,1403,2.5,14,11.4,28.5
치지직,엄현빈,1110,1100,1601,624,30.7,13,4.5732899022801305,140.4
치지직,푹찌익,1111.4,917,1492,828,16,16,5.225,83.6
SOOP,owesportsth,1113.2,1100,987,1246,4,13,9.475,37.9
SOOP,리카_,1114.2,837,690,1677,1.1,18,15.363636363636363,16.9
치지직,Charlotte 샤를로트,1115,1159,1081,1127,5.6,12,8.160714285714286,45.7
치지직,뮤로나,1115.2,1020,992,1286,3.8,14,9.342105263157896,35.5
치지직,디딛띱,1115.6,1238,1633,537,41.5,11,4.416867469879518,183.3
치지직,실디아 Sildia,1116.6,917,736,1597,1.4,16,14.285714285714286,20
SOOP,밍또얌,1117.2,590,433,2065,0.3,29,28.333333333333332,8.5
치지직,버스타는 지렁이,1117.4,961,1353,960,10.4,15,6.009615384615385,62.5
SOOP,쪼아나♥,1119,755,881,1539,2,21,11.15,22.3
치지직,하감,1119.8,917,888,1453,2.4,16,10.958333333333334,26.3
치지직,우동집딸래미,1121.4,917,1308,1037,8.6,16,6.325581395348837,54.4
치지직,갈치링,1121.8,1319,1368,777,15.9,10,5.943396226415095,94.5
SOOP,꼬마거북이_,1122.4,1020,959,1337,3.3,14,9.757575757575758,32.2
SOOP,최르_,1123.4,961,749,1579,1.5,15,13.866666666666667,20.8
SOOP,ArgonKHS,1124.4,1100,940,1321,3.3,13,10.06060606060606,33.2
치지직,덤덤보,1124.6,961,936,1395,2.9,15,10.137931034482758,29.4
치지직,히사원,1125.2,1020,1188,1115,6.6,14,7.136363636363637,47.1
치지직,Casey,1125.4,1159,1519,715,21.9,12,5.027397260273973,110.1
치지직,레츠 Letsu,1126.2,917,874,1483,2.2,16,11.227272727272727,24.7
치지직,king,1126.8,1100,1303,964,9.7,13,6.350515463917525,61.6
SOOP,핑빠리,1131,917,735,1634,1.3,16,14.307692307692308,18.6
치지직,아이샤 AISHA,1131,961,838,1509,2,15,11.95,23.9
치지직,예티사냥꾼,1132.6,867,1190,1208,5.6,17,7.107142857142857,39.8
SOOP,이종윤ㅇ,1132.8,1100,1095,1187,5.1,13,8.07843137254902,41.2
치지직,뽀실애기,1134.8,1020,926,1401,2.8,14,10.25,28.7
치지직,노나는 게임중,1134.8,1100,1238,1049,7.8,13,6.782051282051282,52.9
치지직,다빙o,1136,1238,1147,1074,6.7,11,7.537313432835821,50.5
치지직,이고 Ego,1136.8,1238,1374,849,13.6,11,5.911764705882353,80.4
치지직,감성대왕,1137,1159,988,1275,3.8,12,9.421052631578947,35.8
치지직,뒤시메임정면안봄,1137.2,1020,1741,592,38.6,14,3.994818652849741,154.2
치지직,라이부v,1138.2,917,1151,1236,5.1,16,7.470588235294118,38.1
치지직,미오29살,1138.4,806,698,1745,1,19,15.2,15.2
치지직,얌상츄,1139,837,822,1607,1.6,18,12.25,19.6
치지직,프로겐,1139,837,962,1467,2.6,18,9.73076923076923,25.3
치지직,용 훈,1140,1238,1606,625,30.9,11,4.53074433656958,140
SOOP,정뜨_,1141.2,1020,811,1532,1.8,14,12.5,22.5
치지직,필살나노융화,1141.4,867,1425,995,10.4,17,5.576923076923077,58
치지직,알파맨,1145,1159,970,1313,3.5,12,9.657142857142857,33.8
SOOP,u유에e,1146.2,1159,1034,1252,4.2,12,8.880952380952381,37.3
치지직,AZENT,1148,1020,1124,1236,4.9,14,7.775510204081633,38.1
치지직,승또삐,1148.4,1020,1100,1261,4.6,14,8.021739130434783,36.9
SOOP,홍스즈,1150.6,867,698,1745,1,17,15.2,15.2
SOOP,정연ㅇㅅㅇ,1150.8,1238,1499,759,19,11,5.173684210526316,98.3
치지직,미우 MiWoo,1152,1020,1006,1364,3.4,14,9.176470588235293,31.2
SOOP,다네,1155.2,1020,793,1585,1.6,14,12.8125,20.5
치지직,바나나다용,1155.6,696,1482,1059,10,23,5.25,52.5
SOOP,여백이다,1157.6,1416,1310,876,12,9,6.3,75.6
치지직,윤다온 daon,1158.2,837,718,1759,1,18,14.8,14.8
치지직,도비두비두밥,1158.2,1159,1119,1197,5.2,12,7.8076923076923075,40.6
치지직,쭈망이,1159.2,1020,1008,1380,3.3,14,9.151515151515152,30.2
치지직,I 제야 I,1159.4,1159,1416,903,12.6,12,5.611111111111111,70.7
SOOP,류소리,1160.6,1159,1027,1295,3.9,12,8.948717948717949,34.9
치지직,라멜Ramel,1161.4,1159,1075,1249,4.6,12,8.217391304347826,37.8
치지직,Iris 아이리스,1162,1020,1282,1113,7.3,14,6.493150684931507,47.4
치지직,티니얌,1163,1319,1462,786,17.3,10,5.358381502890174,92.7
치지직,까복치,1164.2,1319,1361,890,12.2,10,5.983606557377049,73
치지직,멍써,1164.6,867,1014,1464,2.8,17,9.071428571428571,25.4
SOOP,이윤성_,1165,1159,915,1418,2.7,12,10.37037037037037,28
치지직,o쏘쏘야o,1167.2,1416,1704,506,47.5,9,4.1284210526315785,196.1
치지직,유즈사 헤라,1167.8,917,898,1563,2,16,10.75,21.5
치지직,뀨 미 호,1171.4,867,776,1719,1.2,17,13.25,15.9
치지직,뚝딱장인대현씨,1172.8,1020,1091,1331,4,14,8.1,32.4
SOOP,차쑤냥,1174.2,1319,1288,988,9.1,10,6.43956043956044,58.6
치지직,레 티 LETI,1174.6,1159,1105,1252,4.7,12,7.9361702127659575,37.3
치지직,투투넘,1175.2,1100,1136,1252,4.9,13,7.612244897959184,37.3
치지직,비글명수,1175.4,1159,1176,1183,5.7,12,7.280701754385965,41.5
치지직,이게 모람,1176.2,867,1001,1506,2.6,17,9.23076923076923,24
SOOP,시움_,1176.2,1159,1200,1161,6.1,12,7.032786885245901,42.9
씨미,머적,1177.4,917,1234,1251,5.5,16,6.836363636363636,37.6
SOOP,Faith3,1177.4,1159,995,1369,3.3,12,9.303030303030303,30.7
치지직,다정언니,1180,1416,1672,570,39,9,4.253846153846154,165.9
SOOP,피야.,1180.2,1159,1058,1313,4,12,8.45,33.8
SOOP,권류빈,1180.2,1159,947,1424,2.8,12,9.928571428571429,27.8
치지직,햄 민 이,1182,1020,1148,1297,4.6,14,7.5,34.5
치지직,동글1동글,1183.2,1416,1557,693,23.9,9,4.870292887029288,116.4
치지직,범식 sick tiger,1183.6,1416,1486,765,18.6,9,5.236559139784946,97.4
치지직,철갑상어탄,1186.4,1100,1394,1022,9.6,13,5.78125,55.5
치지직,멍 한,1186.4,1238,1396,951,11.1,11,5.774774774774775,64.1
SOOP,정깜.,1188,1416,1195,1067,7.3,9,7.068493150684931,51.6
SOOP,빈쫑,1189.8,1319,1507,808,17.4,10,5.091954022988506,88.6
SOOP,뉴찌,1191.2,1416,1485,785,17.7,9,5.242937853107344,92.8
치지직,어글리덕,1193.8,837,726,1840,0.9,18,14.555555555555555,13.1
SOOP,서이찌,1194.4,1238,958,1409,2.9,11,9.758620689655173,28.3
치지직,콩 시 루,1195.6,1238,1482,888,14,11,5.25,73.5
치지직,현 수 아,1197.6,1100,941,1503,2.4,13,10.041666666666666,24.1
치지직,민 빵,1200.4,1020,1245,1246,5.6,14,6.767857142857143,37.9
SOOP,자두zz,1200.4,1100,1037,1414,3.2,13,8.8125,28.2
치지직,도구의맹세,1200.6,1159,1046,1376,3.5,12,8.685714285714285,30.4
SOOP,달달햇,1200.6,961,903,1618,1.8,15,10.666666666666666,19.2
치지직,황빵태,1201.4,1159,1471,953,12,12,5.308333333333334,63.7
SOOP,문영달,1201.6,1238,1072,1313,4.1,11,8.24390243902439,33.8
치지직,강 지 은,1203.2,1020,933,1565,2.1,14,10.142857142857142,21.3
SOOP,김레미_,1204.6,1159,1259,1173,6.4,12,6.640625,42.5
치지직,안찡,1206,1020,883,1622,1.7,14,11.117647058823529,18.9
치지직,김 돌 돌,1206.4,1020,897,1609,1.8,14,10.777777777777779,19.4
치지직,owkamo,1206.6,867,1379,1204,6.8,17,5.882352941176471,40
치지직,스트로베리쇼트케이크,1207.2,806,1326,1289,5.7,19,6.192982456140351,35.3
치지직,육식하는 토끼,1208,1020,1017,1493,2.7,14,9.037037037037036,24.4
SOOP,꽃뇽,1208.8,1020,986,1526,2.4,14,9.5,22.8
치지직,오브 AUBE,1209.6,1416,1642,674,28.1,9,4.3736654804270465,122.9
치지직,Aileen3,1210.8,1100,1257,1220,5.9,13,6.661016949152542,39.3
치지직,이백도baekdo,1211.2,1238,1474,935,12.5,11,5.296,66.2
SOOP,주화이_,1211.4,1319,1506,863,15.2,10,5.125,77.9
SOOP,만듀.,1211.4,961,803,1745,1.2,15,12.666666666666666,15.2
치지직,가자미 JAMI,1213.4,1159,1252,1202,6,12,6.7,40.2
SOOP,킴코-,1216,1238,945,1476,2.5,11,9.96,24.9
SOOP,우호앵,1216.4,1020,859,1672,1.5,14,11.4,17.1
SOOP,양일,1216.8,634,1595,1130,9.8,26,4.63265306122449,45.4
치지직,듀 나,1217,1159,1020,1443,3,12,9,27
치지직,정깜2,1219.4,1319,1298,1091,7.7,10,6.376623376623376,49.1
SOOP,코잉.,1219.6,1660,1346,873,12.5,7,6.072,75.9
SOOP,구월_九月,1221.2,1238,951,1483,2.5,11,9.88,24.7
치지직,샤 나,1222.8,634,895,1845,1.2,26,10.833333333333334,13
치지직,지미이입니다,1223.2,1238,1641,798,20.6,11,4.37378640776699,90.1
치지직,희솜,1223.6,1020,1623,926,15.1,14,4.456953642384106,67.3
SOOP,챙채랭,1223.8,1319,1033,1367,3.5,10,8.885714285714286,31.1
치지직,물망초ow,1223.8,917,1098,1503,3,16,8.033333333333333,24.1
SOOP,이연지다,1224.4,1416,1620,733,23.7,9,4.472573839662447,106
SOOP,하유^,1225,961,844,1738,1.3,15,11.76923076923077,15.3
치지직,프리리Freeree,1225.6,1238,1470,975,11.3,11,5.31858407079646,60.1
치지직,이초 2sec,1225.8,1159,1089,1396,3.6,12,8.11111111111111,29.2
SOOP,TenTen_ow,1225.8,1319,1240,1165,6.3,10,6.777777777777778,42.7
치지직,김까슬,1226,1238,1352,1094,8.1,11,6.049382716049383,49
SOOP,암양,1226.4,1660,1762,474,54.3,7,3.89134438305709,211.3
SOOP,배배랑,1228.2,1545,1537,761,19.7,8,4.974619289340102,98
치지직,콩유디 YUDI,1230,1100,1324,1201,6.5,13,6.2153846153846155,40.4
치지직,장민돌,1230.8,1416,1681,688,28.1,9,4.217081850533808,118.5
치지직,선밀크,1230.8,1416,1500,869,14.9,9,5.154362416107382,76.8
치지직,로지 로지,1231,1159,1407,1091,8.6,12,5.709302325581396,49.1
SOOP,시라유리,1232,1100,878,1652,1.6,13,11.1875,17.9
치지직,양지랖,1232.6,961,875,1726,1.4,15,11.214285714285714,15.7
SOOP,꼬시앵,1233.6,1416,1477,899,13.5,9,5.281481481481482,71.3
치지직,고ㄴl,1233.8,1159,1756,749,26.1,12,3.9118773946360155,102.1
치지직,쿄 하,1234,1416,1423,954,11.4,9,5.578947368421052,63.6
씨미,이야녕,1234.2,1319,1637,789,20.9,10,4.3875598086124405,91.7
SOOP,키젤_,1234.2,837,624,2043,0.5,18,17.6,8.8
치지직,P0W3R,1236,1238,1501,970,11.8,11,5.1525423728813555,60.8
SOOP,멍염디,1236.4,1416,1328,1055,8.5,9,6.188235294117647,52.6
치지직,사냥남,1237.8,1319,1336,1099,7.9,10,6.139240506329114,48.5
SOOP,[온정성],1238.6,1545,1445,879,13.6,8,5.485294117647059,74.6
SOOP,상인상,1238.8,1020,791,1796,1.1,14,12.818181818181818,14.1
치지직,phelia1,1240.4,1100,1233,1318,4.9,13,6.836734693877551,33.5
치지직,두푸,1241,917,1157,1487,3.3,16,7.454545454545454,24.6
치지직,전유라,1241,1159,1123,1400,3.7,12,7.783783783783784,28.8
치지직,배그하는 백곰씨,1245.4,867,752,1928,0.8,17,13.75,11
치지직,김 설 탕,1245.6,1238,1550,945,13.3,11,4.902255639097745,65.2
씨미,차쑤냥,1245.8,1319,1472,983,11.1,10,5.306306306306307,58.9
치지직,도히루,1246.4,1238,1283,1214,6.1,11,6.491803278688525,39.6
SOOP,매덕1,1248.2,1319,1060,1401,3.4,10,8.441176470588236,28.7
치지직,사요르xxxx,1250.4,1416,1317,1101,7.7,9,6.259740259740259,48.2
치지직,대구흑염소,1252.4,1020,1603,1018,12.2,14,4.557377049180328,55.6
치지직,하곰 hagom,1252.4,1020,1312,1309,5.4,14,6.277777777777778,33.9
SOOP,시엘,1253.2,1020,839,1784,1.2,14,11.916666666666666,14.3
SOOP,밍가연,1253.8,1319,1204,1271,5.2,10,7,36.4
치지직,쩡가,1256.8,1416,1701,733,25.6,9,4.140625,106
치지직,아주모,1256.8,1238,1152,1371,4.1,11,7.463414634146342,30.6
치지직,미엘린,1257.6,1020,1388,1246,6.5,14,5.8307692307692305,37.9
치지직,김강생,1258.2,1159,1864,702,32.5,12,3.526153846153846,114.6
치지직,플로스05,1258.2,1159,1285,1281,5.5,12,6.472727272727273,35.6
SOOP,미도。,1258.8,1100,828,1769,1.2,13,12.166666666666666,14.6
치지직,Jude주드,1260.8,1100,1578,1024,11.7,13,4.717948717948718,55.2
SOOP,문리아,1261.8,1545,1187,1195,5.7,8,7.157894736842105,40.8
SOOP,뜌듸,1262.2,1545,1579,804,18.9,8,4.708994708994709,89
치지직,넌지기,1262.2,1319,1490,1006,10.9,10,5.229357798165138,57
치지직,신티나,1262.2,1159,1585,991,12.5,12,4.672,58.4
SOOP,멍라라,1263,1159,918,1660,1.7,12,10.352941176470589,17.6
SOOP,김해태,1264.2,1319,1137,1364,4.1,10,7.609756097560975,31.2
치지직,마철용3,1265.8,1319,1773,732,27.6,10,3.8550724637681157,106.4
SOOP,탱튜부,1266.8,1020,851,1806,1.2,14,11.583333333333334,13.9
치지직,꽁구마,1268,1100,991,1629,2,13,9.35,18.7
SOOP,미스터.쿠,1268.2,1545,1493,905,13.5,8,5.222222222222222,70.5
치지직,오은식,1270,1238,1140,1416,3.7,11,7.594594594594595,28.1
SOOP,임효람,1271.2,1416,1294,1176,6.6,9,6.393939393939394,42.2
치지직,i1ly,1272.4,1238,1092,1470,3.1,11,8.096774193548388,25.1
치지직,릴킥,1273,1319,1787,736,27.7,10,3.808664259927798,105.5
치지직,하또랑,1273.6,1238,1535,1030,11,11,4.990909090909091,54.9
치지직,메이아 Maid in korea,1273.6,1100,1225,1409,4.1,13,6.902439024390244,28.3
치지직,칠분,1274,1416,1777,700,30,9,3.8466666666666667,115.4
치지직,삼다수빈,1275.2,1100,1520,1118,9.3,13,5.021505376344086,46.7
치지직,사탕무,1276,1416,1342,1140,7.3,9,6.095890410958904,44.5
SOOP,삐딱냥,1281.6,1660,1577,797,19.1,7,4.722513089005235,90.2
치지직,열무엄마,1283.4,961,1272,1456,4,15,6.55,26.2
치지직,김사라,1285.8,961,1169,1565,2.9,15,7.344827586206897,21.3
치지직,또 또s2,1286.2,1159,1041,1595,2.3,12,8.73913043478261,20.1
SOOP,히야,1287,917,796,1963,0.8,16,12.75,10.2
치지직,포치이잇,1287.4,867,674,2111,0.5,17,15.8,7.9
SOOP,=룽냐=,1288,1660,1536,854,15.9,7,4.981132075471698,79.2
치지직,SpearOW,1288,1238,1593,1008,12.2,11,4.647540983606557,56.7
SOOP,설형_,1288.2,1545,1214,1234,5.5,8,6.945454545454545,38.2
SOOP,흐린밤,1289.8,1545,1440,1012,10.2,8,5.509803921568627,56.2
치지직,iyong,1290.4,1020,1087,1629,2.3,14,8.130434782608695,18.7
치지직,제갈혜선,1291.4,1319,1266,1303,5.2,10,6.576923076923077,34.2
SOOP,힝구맹구,1292.4,1416,1547,976,12.2,9,4.918032786885246,60
치지직,고요히 GoYoHi,1292.8,1416,1607,917,15.2,9,4.519736842105263,68.7
치지직,든세,1293,1319,1539,1034,11,10,4.963636363636364,54.6
치지직,Red rose 로즈양,1293.6,1238,1341,1274,5.9,11,6.101694915254237,36
치지직,권 요 한,1294.4,1100,1030,1656,2,13,8.9,17.8
치지직,녜코,1295.4,961,978,1780,1.5,15,9.6,14.4
SOOP,용배ºヮº,1295.6,1238,1020,1600,2.2,11,9,19.8
치지직,하빈0,1296.4,1238,1065,1557,2.6,11,8.384615384615385,21.8
SOOP,나라=♥=,1299,1319,1049,1539,2.6,10,8.576923076923077,22.3
치지직,김해적,1300,1416,1408,1134,7.9,9,5.708860759493671,45.1
SOOP,광무리,1301.6,1416,1723,823,21.1,9,4.004739336492891,84.5
SOOP,김도도,1301.8,1159,1229,1446,3.9,12,6.871794871794871,26.8
SOOP,김채유,1302.2,1159,1011,1665,1.9,12,9.105263157894736,17.3
SOOP,서하연,1302.6,1159,1038,1639,2.1,12,8.761904761904763,18.4
SOOP,goblin2001,1303.4,1545,1567,919,14.2,8,4.795774647887324,68.1
치지직,앤디게임,1304.4,1416,1930,623,42.6,9,3.3098591549295775,141
치지직,Aragakiyui,1304.8,1100,1476,1236,7.2,13,5.291666666666667,38.1
치지직,아츠키 Atsuki,1306.2,961,964,1821,1.4,15,9.714285714285714,13.6
치지직,어리바리곤듀,1306.8,1238,1268,1380,4.6,11,6.565217391304348,30.2
SOOP,MCDD,1306.8,1416,1430,1129,8.2,9,5.560975609756097,45.6
치지직,분위기있는스파게티,1307.4,1159,1331,1358,5.1,12,6.1568627450980395,31.4
치지직,체리트리,1307.8,961,733,2056,0.6,15,14.333333333333334,8.6
치지직,타로빈,1310,1020,890,1875,1.1,14,10.909090909090908,12
치지직,진짜루비,1311,961,971,1826,1.4,15,9.642857142857142,13.5
치지직,얌 새,1313.4,1545,1856,655,36.3,8,3.5399449035812673,128.5
치지직,이태원압구정클럽,1315.2,1020,1670,1108,11.2,14,4.258928571428571,47.7
치지직,백의화백,1315.4,1159,1032,1677,1.9,12,8.894736842105264,16.9
치지직,엘바 Elva,1317.6,1020,1580,1204,8.5,14,4.705882352941177,40
치지직,꼬도리,1318,1100,1143,1602,2.6,13,7.576923076923077,19.7
SOOP,CARU.,1318.6,1319,1254,1383,4.5,10,6.688888888888889,30.1
치지직,다이진888,1319,1319,1667,971,14.2,10,4.274647887323944,60.7
치지직,오리가,1320,1100,1121,1629,2.4,13,7.791666666666667,18.7
SOOP,☆하리아재★,1322.8,1660,1509,968,12,7,5.083333333333333,61
SOOP,비상구9,1324,1238,983,1708,1.7,11,9.529411764705882,16.2
치지직,무시카092,1325,961,1404,1428,4.8,15,5.729166666666667,27.5
치지직,룽지123,1325.8,1319,1419,1236,6.8,10,5.602941176470588,38.1
치지직,졔윤,1326.6,1319,2019,638,44.8,10,3,134.4
치지직,나모라고해,1328.2,1159,1984,757,31.8,12,3.119496855345912,99.2
SOOP,펠리칸인디용,1328.6,1319,1166,1496,3.3,10,7.363636363636363,24.3
SOOP,판누.,1329.6,1660,1822,672,33.7,7,3.6676557863501484,123.6
치지직,ow WASD,1330.6,961,1020,1826,1.5,15,9,13.5
치지직,카라스 쌤,1331,1319,1660,1008,13.2,10,4.295454545454546,56.7
치지직,식탁이,1331,1319,1469,1199,7.6,10,5.328947368421052,40.5
SOOP,강삐닝,1332.4,1238,1069,1643,2.2,11,8.318181818181818,18.3
치지직,김냥이ㅋ,1332.8,1416,1434,1190,7.4,9,5.54054054054054,41
치지직,문버터,1334,1660,1569,936,13.8,7,4.7898550724637685,66.1
치지직,쎈곰,1334,1416,1968,659,40.1,9,3.1820448877805485,127.6
치지직,시옷 동쨩,1334.2,1319,1163,1513,3.2,10,7.375,23.6
SOOP,울새.,1334.6,1319,1038,1639,2.1,10,8.761904761904763,18.4
SOOP,메메_,1334.8,1660,1963,544,56,7,3.2,179.2
치지직,김망고O,1336,1238,1722,999,14.4,11,4.013888888888889,57.8
치지직,뱀용,1336.4,1416,1659,974,14,9,4.3,60.2
치지직,키이로옐,1337,1319,1594,1089,10.6,10,4.6415094339622645,49.2
치지직,베키Becky,1338,1416,1447,1190,7.5,9,5.466666666666667,41
치지직,JINTTAIJUNG,1338.6,677,1655,1353,7.3,24,4.328767123287672,31.6
치지직,밍뭉망,1338.8,1416,1491,1148,8.4,9,5.226190476190476,43.9
치지직,쀙쀙줴,1339.4,1159,1043,1726,1.8,12,8.722222222222221,15.7
치지직,이월짱,1339.4,1545,1649,927,15.5,8,4.335483870967742,67.2
치지직,palpatine,1342,1238,1816,920,18.4,11,3.6902173913043477,67.9
치지직,하밍2,1342.2,961,1054,1821,1.6,15,8.5,13.6
치지직,너삼2,1344,1238,1304,1437,4.3,11,6.348837209302325,27.3
치지직,몽블랑도너츠,1347.4,1159,1258,1531,3.4,12,6.647058823529412,22.6
SOOP,민준97,1349,917,677,2237,0.4,16,15.75,6.3
치지직,한소링,1349.4,1545,1882,719,31.7,8,3.451104100946372,109.4
SOOP,리하1,1350.4,614,454,2615,0.1,27,27,2.7
치지직,문리아,1350.8,1416,1511,1158,8.5,9,5.08235294117647,43.2
치지직,메다지,1351.6,1416,1647,1024,12.7,9,4.346456692913386,55.2
SOOP,백야♬♥,1351.8,1319,1148,1572,2.8,10,7.5,21
치지직,한조키링녀,1353,1319,1275,1448,4.1,10,6.512195121951219,26.7
SOOP,잉누^,1353.2,1416,1292,1383,4.7,9,6.404255319148936,30.1
치지직,하츠미,1353.4,1159,1059,1745,1.8,12,8.444444444444445,15.2
치지직,dozzy,1354.2,1159,1226,1580,3,12,6.9,20.7
SOOP,제인♭,1354.2,1319,1141,1585,2.7,10,7.592592592592593,20.5
치지직,9룡포,1356.2,1159,1373,1438,4.6,12,5.913043478260869,27.2
치지직,미도리버,1357,1159,1184,1629,2.6,12,7.1923076923076925,18.7
치지직,콤 COM,1357,1159,1230,1583,3,12,6.866666666666666,20.6
치지직,공 운,1357.4,1319,1177,1557,3,10,7.266666666666667,21.8
SOOP,세로-,1358,1660,1412,1153,7.7,7,5.64935064935065,43.5
SOOP,[BJ]구피,1359.2,1416,1142,1548,2.9,9,7.586206896551724,22
씨미,쮸냐,1359.2,1660,1380,1188,7,7,5.871428571428571,41.1
SOOP,씬쏘,1360.6,1545,1464,1165,8,8,5.3375,42.7
SOOP,왕오솔,1363.6,1820,1428,1071,9.2,6,5.565217391304348,51.2
치지직,월림,1364,1416,1383,1319,5.7,9,5.859649122807017,33.4
치지직,유 ㄹr,1364,1238,1070,1721,1.9,11,8.31578947368421,15.8
SOOP,유시아-,1364.2,1319,1048,1703,1.9,10,8.578947368421053,16.3
치지직,냥타몽,1364.6,1159,1404,1428,4.8,12,5.729166666666667,27.5
SOOP,PLANNA유나,1367.2,1416,1686,1024,13.1,9,4.213740458015267,55.2
치지직,김빠빡,1367.6,1416,1215,1496,3.5,9,6.942857142857143,24.3
SOOP,후디,1367.6,1416,1215,1496,3.5,9,6.942857142857143,24.3
SOOP,뜌덩,1367.8,1159,1040,1800,1.6,12,8.75,14
SOOP,빡퇘.,1367.8,1545,1186,1461,3.6,8,7.166666666666667,25.8
치지직,챺파,1369,1319,1154,1609,2.6,10,7.461538461538462,19.4
치지직,쪼리비,1369.8,755,593,2454,0.2,21,19,3.8
SOOP,미유냥,1372,1416,1235,1487,3.6,9,6.833333333333333,24.6
치지직,노아린o,1372.6,1545,1622,1037,12.2,8,4.459016393442623,54.4
SOOP,김성진_,1372.6,777,806,2237,0.5,20,12.6,6.3
치지직,암양ewe,1372.6,961,2281,670,54.4,15,2.275735294117647,123.8
SOOP,다또링,1372.8,1238,1291,1522,3.6,11,6.416666666666667,23.1
SOOP,윤견,1372.8,1660,1696,906,16.8,7,4.166666666666667,70
SOOP,젠금자,1372.8,1416,1174,1550,3,9,7.3,21.9
치지직,02정우,1373.2,1238,1957,857,24.5,11,3.220408163265306,78.9
치지직,레인드롭,1375.2,1238,1431,1388,5.4,11,5.555555555555555,30
치지직,우샤땅,1376,1238,1163,1658,2.4,11,7.375,17.7
치지직,레오 130,1376,1238,1710,1111,11.6,11,4.094827586206897,47.5
치지직,낑물개,1376.8,1660,1792,820,22.4,7,3.7901785714285716,84.9
치지직,h1n4 asd,1378.6,1319,1335,1452,4.3,10,6.1395348837209305,26.4
치지직,kirtw472832,1380.4,1100,1923,978,17.9,13,3.329608938547486,59.6
치지직,무겐mugen,1382.8,1416,1851,898,20.2,9,3.5544554455445545,71.8
치지직,리찌군,1382.8,1238,1703,1135,10.9,11,4.128440366972477,45
SOOP,새아미,1382.8,1238,1299,1539,3.5,11,6.371428571428571,22.3
SOOP,호두머니,1386.4,1020,811,2145,0.6,14,12.5,7.5
치지직,병덕이,1388.6,1545,1774,925,17.5,8,3.8514285714285714,67.4
치지직,용사 팽동호,1388.8,1100,1101,1821,1.7,13,8,13.6
SOOP,성문_,1389,1319,1003,1810,1.5,10,9.2,13.8
치지직,권라희,1391,1159,903,1995,0.9,12,10.666666666666666,9.6
치지직,MolangMolang,1393.8,961,1204,1800,2,15,7,14
치지직,곰머꼭이,1394,1238,1399,1467,4.4,11,5.75,25.3
SOOP,빵꿋♥,1394.8,1416,1403,1376,5.3,9,5.735849056603773,30.4
SOOP,멜랴.,1395.2,1238,1354,1515,3.9,11,6,23.4
치지직,몽화,1396,1416,1232,1550,3.2,9,6.84375,21.9
치지직,케초,1396,1020,1076,1904,1.4,14,8.214285714285714,11.5
치지직,은성ow,1397.4,1545,1600,1121,10.1,8,4.594059405940594,46.4
치지직,청저띠,1401.6,1238,981,1904,1.2,11,9.583333333333334,11.5
치지직,회백,1403.2,1100,1067,1891,1.4,13,8.357142857142858,11.7
치지직,솔 아,1404.2,837,835,2257,0.5,18,12,6
SOOP,훈논,1404.4,1820,1783,818,22.3,6,3.8340807174887894,85.5
SOOP,아론페이지_,1404.6,1319,1362,1490,4.1,10,5.975609756097561,24.5
치지직,하늘찬,1404.8,1100,999,1963,1.1,13,9.272727272727273,10.2
치지직,딸피2,1405.4,1319,1395,1459,4.5,10,5.777777777777778,26
SOOP,퍼드,1405.4,1159,846,2088,0.7,12,11.714285714285714,8.2
SOOP,쥬피백설,1408,1100,817,2153,0.6,13,12.333333333333334,7.4
치지직,김고도,1408.4,1238,2086,816,29.7,11,2.898989898989899,86.1
치지직,캠퍼츄,1408.8,1100,1053,1919,1.3,13,8.538461538461538,11.1
치지직,루 아 냥,1409.4,1319,1161,1703,2.2,10,7.409090909090909,16.3
SOOP,어쌔신,1409.8,1545,1262,1490,3.7,8,6.621621621621622,24.5
치지직,곰도링,1410.2,1319,1344,1522,3.8,10,6.078947368421052,23.1
치지직,에루인데요,1410.6,1319,1218,1649,2.6,10,6.923076923076923,18
치지직,오하루땅,1410.8,1020,1913,1104,14.3,14,3.3426573426573425,47.8
SOOP,얼탭,1411.6,1416,1289,1532,3.5,9,6.428571428571429,22.5
SOOP,무헌,1412.6,1545,1566,1193,8.5,8,4.811764705882353,40.9
치지직,AME33,1414.2,1319,1646,1230,8.9,10,4.348314606741573,38.7
치지직,조끼 JOokKY,1414.8,1416,1446,1383,5.5,9,5.472727272727273,30.1
SOOP,갱갱_♥,1417.6,1660,1639,1075,11.5,7,4.3826086956521735,50.4
치지직,안재꼼,1418.2,1545,1813,960,16.9,8,3.698224852071006,62.5
치지직,인댕댕,1418.4,1020,1226,1810,2,14,6.9,13.8
치지직,정이양,1418.6,1159,1204,1763,2.1,12,7,14.7
치지직,KID030,1418.8,1416,1757,1082,12.8,9,3.90625,50
치지직,꽃삐 DisToPia,1419,1319,1104,1784,1.8,10,7.944444444444445,14.3
치지직,류단비,1419.6,1416,1367,1474,4.2,9,5.9523809523809526,25
SOOP,하현♪,1420,1660,1572,1148,9.2,7,4.771739130434782,43.9
치지직,한망울,1421.8,1319,1273,1622,2.9,10,6.517241379310345,18.9
SOOP,브금뿜뿜,1422.4,1820,1413,1233,6.8,6,5.647058823529412,38.4
치지직,큐빈 Kyubin,1425.4,1319,1302,1602,3.1,10,6.354838709677419,19.7
치지직,우주악당해적로봇,1425.6,1416,1376,1480,4.2,9,5.904761904761905,24.8
치지직,코히루,1425.6,1020,861,2193,0.6,14,11.333333333333334,6.8
치지직,치치아빠박현수,1426.4,1416,1323,1535,3.6,9,6.222222222222222,22.4
SOOP,밤베,1426.8,1100,1054,1963,1.2,13,8.5,10.2
치지직,하무키,1427,1159,1106,1882,1.5,12,7.933333333333334,11.9
치지직,lynz 린지,1428,1660,2088,652,44.9,7,2.89532293986637,130
치지직,주니 JOONI,1429,1319,1175,1738,2.1,10,7.285714285714286,15.3
SOOP,임세계,1430.2,1545,1450,1353,5.8,8,5.448275862068965,31.6
SOOP,김박하◇,1431.4,1319,1063,1856,1.5,10,8.4,12.6
SOOP,광살탄,1434,1820,1805,870,20.5,6,3.731707317073171,76.5
SOOP,깍비빙,1436.4,1238,1005,1967,1.1,11,9.181818181818182,10.1
치지직,연너,1436.8,1238,978,1995,1,11,9.6,9.6
치지직,아12시42분,1437.4,1319,1617,1317,7.5,10,4.48,33.6
SOOP,별시아,1438,1238,1101,1875,1.5,11,8,12
SOOP,혤미,1438.4,1820,1941,745,31.6,6,3.2531645569620253,102.8
치지직,허스키다요,1441.6,1416,1193,1703,2.3,9,7.086956521739131,16.3
치지직,뚀랑이,1442.8,1416,1146,1753,2,9,7.55,15.1
치지직,흐 림,1442.8,1416,1549,1350,6.5,9,4.907692307692308,31.9
치지직,ozz6,1443,1159,1168,1860,1.7,12,7.352941176470588,12.5
치지직,세히리,1443.6,1238,1180,1810,1.9,11,7.2631578947368425,13.8
치지직,활친놈 말쭈기,1444,1660,1808,972,16.3,7,3.7177914110429446,60.6
치지직,쮸베,1444.2,1545,1505,1333,6.3,8,5.126984126984127,32.3
치지직,시춘,1444.8,1238,1083,1910,1.4,11,8.142857142857142,11.4
치지직,설류은,1445.4,1319,1277,1677,2.6,10,6.5,16.9
SOOP,김강생1,1445.8,2223,1819,684,32.3,4,3.6873065015479876,119.1
치지직,그렐 GREL,1447.6,1238,1243,1757,2.2,11,6.7727272727272725,14.9
치지직,셰 리 Sherry,1447.6,1416,1385,1526,3.9,9,5.846153846153846,22.8
치지직,라라 RARA,1448,1020,784,2326,0.4,14,13,5.2
치지직,엘리시아 벨리오,1448.4,1416,1251,1662,2.6,9,6.730769230769231,17.5
치지직,비올레티,1448.8,1416,1461,1453,4.9,9,5.36734693877551,26.3
SOOP,호아띠☆,1449.4,1545,1498,1353,6.1,8,5.180327868852459,31.6
치지직,장금만,1449.6,1416,1987,929,21.5,9,3.1116279069767443,66.9
SOOP,S서기수,1449.8,1159,900,2145,0.7,12,10.714285714285714,7.5
치지직,카 신,1451.4,1545,1440,1416,5.1,8,5.509803921568627,28.1
치지직,남보마,1451.6,1660,1563,1236,7.9,7,4.822784810126582,38.1
SOOP,빠삐코TV,1453.8,2223,1895,628,40.6,4,3.4014778325123154,138.1
SOOP,루안!,1454.4,1416,1213,1715,2.3,9,6.956521739130435,16
치지직,퍼플리양,1455.2,1416,1661,1269,8.5,9,4.294117647058823,36.5
SOOP,힛밤,1455.4,1545,1848,1018,15.6,8,3.5641025641025643,55.6
치지직,주해우,1456.4,1820,1956,775,29.4,6,3.2244897959183674,94.8
치지직,치요밍,1456.8,1020,796,2336,0.4,14,12.75,5.1
SOOP,보아탱,1459.2,1416,1221,1719,2.3,9,6.913043478260869,15.9
치지직,유희 YUHEE,1461,1319,1197,1796,2,10,7.05,14.1
치지직,닝 야,1461.2,1238,1809,1225,10.5,11,3.7142857142857144,39
SOOP,신종이.,1461.4,2011,1939,709,34,5,3.264705882352941,111
SOOP,차티에,1462.2,961,754,2421,0.3,15,13.666666666666666,4.1
SOOP,나레나레,1462.4,1238,939,2098,0.8,11,10.125,8.1
SOOP,크헐헐,1465.8,1545,1363,1529,3.8,8,5.973684210526316,22.7
치지직,게임하는 백상아리,1466.2,1319,1449,1557,4,10,5.45,21.8
치지직,울리지마용,1467,1159,1624,1464,5.7,12,4.456140350877193,25.4
치지직,거짓이슬,1468,1238,1971,1080,15.8,11,3.1772151898734178,50.2
치지직,혜빵빵,1469.8,1319,1835,1180,11.6,10,3.603448275862069,41.8
치지직,씨 익,1470.4,1238,1122,1935,1.4,11,7.785714285714286,10.9
SOOP,코코넛프라페,1470.8,1660,1583,1264,7.8,7,4.6923076923076925,36.6
치지직,마쉬멜로기록보관소,1471.4,1545,2007,899,23.4,8,3.047008547008547,71.3
SOOP,유이담,1472.8,1100,796,2336,0.4,13,12.75,5.1
치지직,크뚜뚜,1473,1159,974,2129,0.8,12,9.625,7.7
치지직,아카큐라,1473.4,961,771,2432,0.3,15,13.333333333333334,4
SOOP,무캄바_,1473.6,1416,1369,1607,3.3,9,5.9393939393939394,19.6
SOOP,이로하♠,1474,1020,754,2421,0.3,14,13.666666666666666,4.1
치지직,LucioPesto,1474.8,1416,1389,1590,3.5,9,5.828571428571428,20.4
SOOP,lyn.z♡,1477,2011,1988,699,37.2,5,3.1048387096774195,115.5
치지직,초순이,1477.8,1319,1766,1269,9.4,10,3.882978723404255,36.5
치지직,맬잉,1480.2,917,686,2556,0.2,16,15.5,3.1
치지직,랍벤뎀,1482.8,1416,1479,1520,4.4,9,5.2727272727272725,23.2
치지직,그베,1488.2,1545,1573,1375,6.4,8,4.765625,30.5
치지직,앵 두몽,1488.6,1545,2057,892,24.6,8,2.959349593495935,72.8
SOOP,최윤주,1488.8,1660,1545,1347,6.5,7,4.923076923076923,32
치지직,예쁘찌냐,1489,1319,1371,1692,2.8,10,5.928571428571429,16.6
SOOP,화니다요,1489.2,1660,1343,1550,3.6,7,6.083333333333333,21.9
치지직,고만둥,1490.8,1416,1518,1501,4.8,9,5.041666666666667,24.2
씨미,먀망,1491.2,1416,1286,1734,2.4,9,6.458333333333333,15.5
SOOP,규태입니다,1492.4,1660,1665,1236,8.9,7,4.280898876404494,38.1
SOOP,HAVIRA,1493.6,1416,1370,1656,3,9,5.933333333333334,17.8
치지직,얀별님,1495.2,1416,1309,1721,2.5,9,6.32,15.8
치지직,코라 qora,1495.2,1238,1517,1602,3.9,11,5.051282051282051,19.7
SOOP,iR0NY,1495.6,806,593,2743,0.1,19,19,1.9
치지직,척준경임,1496,1238,1204,1917,1.6,11,7,11.2
치지직,졍끼끼,1496.6,1319,1252,1830,2,10,6.7,13.4
치지직,피꺄츄,1496.6,1319,1675,1407,6.7,10,4.2388059701492535,28.4
치지직,리셋소녀,1497,867,1488,1821,2.6,17,5.230769230769231,13.6
치지직,폰다,1497.2,1660,1616,1297,7.7,7,4.48051948051948,34.5
치지직,푸시케,1497.8,1319,1460,1625,3.5,10,5.371428571428571,18.8
SOOP,이찬찬,1497.8,1545,1347,1625,3.1,8,6.064516129032258,18.8
SOOP,다쿠_,1498,1820,1811,1024,14.9,6,3.704697986577181,55.2
SOOP,델핀Delphin,1498.4,1660,1559,1357,6.5,7,4.846153846153846,31.5
치지직,단디팍,1499,1319,1544,1544,4.5,10,4.933333333333334,22.2
치지직,단비임,1499.4,1545,1780,1196,10.6,8,3.839622641509434,40.7
SOOP,부버#,1499.6,1660,1455,1464,4.7,7,5.404255319148936,25.4
치지직,유혀니,1499.8,1545,2138,839,30.3,8,2.7194719471947195,82.4
치지직,솜달이,1500.6,1545,1635,1344,7.3,8,4.397260273972603,32.1
치지직,사노님,1501.6,1660,1873,1051,15.1,7,3.4966887417218544,52.8
치지직,오하순,1503.6,1660,1648,1281,8.2,7,4.341463414634147,35.6
치지직,하이 HI,1505,1545,1451,1539,4.1,8,5.439024390243903,22.3
치지직,이신나,1507.6,1416,1847,1214,11.1,9,3.5675675675675675,39.6
치지직,POTG 멋쟁이토마토,1507.6,1416,1883,1178,12.2,9,3.442622950819672,42
치지직,마키 Makii,1508,1660,1821,1119,12.7,7,3.6692913385826773,46.6
SOOP,김한솥,1509.2,1820,1632,1231,8.7,6,4.436781609195402,38.6
치지직,때으니,1509.2,1020,1750,1513,6,14,3.933333333333333,23.6
치지직,말렘,1509.2,1238,2077,1077,17.2,11,2.9244186046511627,50.3
치지직,DOYOULOVEME,1511.6,1238,1515,1645,3.6,11,5.055555555555555,18.2
치지직,Ruby짱,1512.4,1416,1614,1459,5.8,9,4.482758620689655,26
치지직,오유파,1512.8,1416,1305,1769,2.3,9,6.3478260869565215,14.6
치지직,가람아이,1512.8,1416,1393,1681,2.9,9,5.793103448275862,16.8
SOOP,깅태,1516.4,1660,1264,1697,2.5,7,6.6,16.5
치지직,프 록 시,1517.8,1159,1878,1337,9.3,12,3.4623655913978495,32.2
치지직,솜하치,1518.6,1545,1907,1117,13.9,8,3.3741007194244603,46.9
SOOP,닝야_Ningya,1519.6,1820,1712,1177,10.3,6,4.087378640776699,42.1
치지직,김 민트,1519.8,1545,1793,1234,10.1,8,3.782178217821782,38.2
치지직,룡쥐,1520.4,1416,1521,1572,4.2,9,5,21
SOOP,재현_06,1521.2,1820,1618,1275,8,6,4.475,35.8
치지직,블렘렘,1522.8,1660,1608,1369,6.8,7,4.514705882352941,30.7
치지직,다르 Dar,1523.2,1416,1300,1800,2.2,9,6.363636363636363,14
치지직,신드멘,1523.2,1416,1300,1800,2.2,9,6.363636363636363,14
치지직,솔라solar,1524.4,1660,1932,1049,16,7,3.30625,52.9
치지직,라쿤빠순이,1524.4,1100,1666,1595,4.7,13,4.276595744680851,20.1
치지직,고마생원,1524.6,1545,1962,1077,15.7,8,3.2038216560509554,50.3
치지직,인돌 indoor,1525.2,1416,2137,968,22.4,9,2.7232142857142856,61
치지직,호루니 Horuni,1526,1660,1697,1288,8.5,7,4.1647058823529415,35.4
치지직,여믜여믜땅,1526.8,1416,1399,1710,2.8,9,5.75,16.1
SOOP,콩빈,1527.6,1820,2003,906,22.9,6,3.056768558951965,70
SOOP,최함상우,1528.2,2011,1760,1055,13.5,5,3.8962962962962964,52.6
SOOP,하푸띠,1528.4,1820,1798,1113,12.6,6,3.761904761904762,47.4
치지직,차원이다른선미 Marie,1529.6,1660,2139,855,29.1,7,2.718213058419244,79.1
치지직,향 아,1530.2,1319,1078,2088,1,10,8.2,8.2
치지직,Pav2l,1530.8,1416,1643,1476,5.7,9,4.368421052631579,24.9
치지직,크헐헐,1530.8,1238,1565,1643,3.8,11,4.815789473684211,18.3
치지직,쀼연,1531,1545,1382,1673,2.9,8,5.862068965517241,17
SOOP,다크리퍼,1531,2011,1742,1080,12.6,5,3.984126984126984,50.2
치지직,PLANNA 유나공주,1531.8,1545,1763,1294,9,8,3.888888888888889,35
치지직,하채민,1532.4,1660,1438,1563,3.9,7,5.512820512820513,21.5
치지직,도토리s,1532.8,1416,1183,1941,1.5,9,7.2,10.8
SOOP,하나★,1533,1319,1117,2056,1.1,10,7.818181818181818,8.6
치지직,지영모1,1533.4,1545,2070,991,19.9,8,2.9346733668341707,58.4
치지직,윤호인,1533.6,1416,1656,1470,5.8,9,4.327586206896552,25.1
치지직,하우스 플리,1534,1416,1167,1960,1.4,9,7.357142857142857,10.3
SOOP,백춘식.,1534.8,1820,1747,1180,10.6,6,3.943396226415094,41.8
SOOP,랑이몽_,1535.8,867,640,2766,0.1,17,17,1.7
치지직,클린스카이,1537.2,1416,1414,1721,2.8,9,5.642857142857143,15.8
SOOP,판다비♥,1538.6,1159,931,2336,0.5,12,10.2,5.1
치지직,쟈홍,1538.8,1660,2121,896,26,7,2.7807692307692307,72.3
치지직,즐겜쀼,1539,1545,1365,1710,2.7,8,5.962962962962963,16.1
SOOP,리쟈♥,1540.4,1416,1154,1989,1.3,9,7.461538461538462,9.7
치지직,딜플,1540.8,1416,1418,1726,2.8,9,5.607142857142857,15.7
치지직,최하설,1543,1545,1502,1583,4,8,5.15,20.6
치지직,마부카,1543.2,1416,1914,1236,11.4,9,3.3421052631578947,38.1
치지직,금침환,1543.2,1416,1246,1904,1.7,9,6.764705882352941,11.5
SOOP,인티지,1543.4,2223,1889,858,23,4,3.417391304347826,78.6
치지직,박주경,1543.4,1319,1674,1525,5.4,10,4.2407407407407405,22.9
치지직,보름 borum,1546,1416,1162,1995,1.3,9,7.384615384615385,9.6
치지직,파이널리,1548,1238,1716,1535,5.5,11,4.072727272727272,22.4
치지직,거1겐,1550.8,1416,1888,1281,10.4,9,3.423076923076923,35.6
치지직,삐 뇽,1551,1545,1453,1652,3.3,8,5.424242424242424,17.9
치지직,른자 leunja,1551.2,1660,2164,884,28.1,7,2.6370106761565837,74.1
치지직,하이지이,1552.4,1660,1776,1275,9.3,7,3.849462365591398,35.8
SOOP,J제이,1553.8,1545,1177,1935,1.5,8,7.266666666666667,10.9
SOOP,마철용3,1554.2,2223,1963,811,27.5,4,3.2,88
치지직,녹차쓰,1555.2,1416,1611,1569,4.7,9,4.48936170212766,21.1
치지직,거야,1556.8,1416,1575,1609,4.1,9,4.7317073170731705,19.4
SOOP,레비르,1557.2,1100,847,2496,0.3,13,11.666666666666666,3.5
치지직,고그형,1557.4,1319,1277,1957,1.6,10,6.5,10.4
치지직,l 키키 l,1558.6,1319,1120,2117,1,10,7.8,7.8
치지직,l 김슈슈 l,1561.4,1319,1581,1663,3.7,10,4.702702702702703,17.4
치지직,소나기온다,1561.8,1319,1157,2088,1.1,10,7.454545454545454,8.2
치지직,혜쭉,1562.4,1238,1244,2043,1.3,11,6.769230769230769,8.8
치지직,미츄리,1563.2,1660,1456,1622,3.5,7,5.4,18.9
치지직,닉길,1564.6,1159,2210,1122,18.6,12,2.489247311827957,46.3
SOOP,현이님♥,1564.8,1238,1148,2145,1,11,7.5,7.5
SOOP,도라니.,1565,917,667,2787,0.1,16,16,1.6
SOOP,해피핑,1566.2,2011,1892,1018,16.3,5,3.411042944785276,55.6
치지직,겨울누렁이,1566.8,1416,2078,1131,15.5,9,2.92258064516129,45.3
치지직,김종이 PaperKim,1569.2,1660,1911,1182,12.4,7,3.3548387096774195,41.6
치지직,뉴국재,1570.2,1319,2226,1040,22.2,10,2.436936936936937,54.1
치지직,밤밤94,1570.8,1660,2166,931,25.4,7,2.625984251968504,66.7
치지직,자쪽,1571.2,1820,1874,1144,12.7,6,3.4881889763779528,44.3
치지직,엥루 ENGLOU,1572.2,1319,1481,1790,2.7,10,5.2592592592592595,14.2
치지직,로블록스 완뚜,1574.2,1319,1139,2137,1,10,7.6,7.6
치지직,치로미2,1574.6,1319,1109,2168,0.9,10,7.888888888888889,7.1
치지직,주녑 Junyeop,1579.8,1159,861,2509,0.3,12,11.333333333333334,3.4
치지직,삐딱냥,1580,1820,2061,979,20.1,6,2.955223880597015,59.4
치지직,해랑잉,1581.8,1319,1277,2018,1.4,10,6.5,9.1
SOOP,임채리,1581.8,1545,1265,1917,1.7,8,6.588235294117647,11.2
치지직,심x심,1584.4,1238,1785,1557,5.7,11,3.824561403508772,21.8
치지직,김연랑,1587.4,1319,1488,1821,2.6,10,5.230769230769231,13.6
치지직,아 리 땅,1587.8,1545,1315,1882,1.9,8,6.2631578947368425,11.9
씨미,FloWait,1588.6,1545,1560,1639,3.8,8,4.842105263157895,18.4
치지직,스테이크터틀,1588.8,1660,1570,1572,4.4,7,4.7727272727272725,21
SOOP,마키___,1589.2,1660,1946,1197,12.5,7,3.248,40.6
치지직,기훈123,1589.6,1100,1420,2004,1.7,13,5.588235294117647,9.5
SOOP,김종국국,1591,2223,2304,562,77.3,4,2.204398447606727,170.4
치지직,나는양숭이,1591.2,1660,1937,1211,12.1,7,3.28099173553719,39.7
SOOP,단미♥,1597,1545,1269,1951,1.6,8,6.5625,10.5
SOOP,머곤:),1597.2,1660,1482,1681,3.2,7,5.25,16.8
SOOP,김만섭999,1597.4,2223,1839,1043,14.9,4,3.597315436241611,53.6
치지직,블루 구피,1600.2,961,707,2813,0.1,15,15,1.5
치지직,모개,1602.6,1319,1110,2237,0.8,10,7.875,6.3
치지직,V1STA,1602.6,1319,1609,1738,3.4,10,4.5,15.3
치지직,하프냥 HafuNeKo,1603.4,1545,1692,1544,5.3,8,4.188679245283019,22.2
치지직,웃보UTBO,1603.8,1545,1340,1897,1.9,8,6.105263157894737,11.6
치지직,yeoning,1604.2,1319,1432,1919,2,10,5.55,11.1
치지직,뾰 로 롱,1605,1545,1514,1726,3.1,8,5.064516129032258,15.7
치지직,오리구연,1605.2,1660,2237,946,26.9,7,2.408921933085502,64.8
치지직,셀 랑,1611,1319,1853,1515,6.6,10,3.5454545454545454,23.4
치지직,뜌듸,1611.6,1660,2134,1065,19,7,2.7263157894736842,51.8
SOOP,킴슈,1612,1660,1296,1904,1.8,7,6.388888888888889,11.5
치지직,제로아 ZeroA,1612.6,1319,1613,1759,3.3,10,4.484848484848484,14.8
씨미,역촌동윤민수,1613.6,1820,1676,1448,6.3,6,4.238095238095238,26.7
치지직,Eim 이임,1615.8,1545,1417,1850,2.3,8,5.608695652173913,12.9
치지직,행주맨,1616.8,1416,1437,1897,2.1,9,5.523809523809524,11.6
치지직,파라쏠,1617,1545,1618,1652,4,8,4.475,17.9
치지직,o빵봉투,1617.2,1100,1277,2216,1,13,6.5,6.5
SOOP,오울입니다,1617.8,2011,1903,1136,13.2,5,3.393939393939394,44.8
치지직,꿀곰이,1618,1660,2071,1144,15.1,7,2.933774834437086,44.3
SOOP,단디팍,1618.8,1820,1568,1569,4.4,6,4.795454545454546,21.1
SOOP,한백_,1622.2,2011,1758,1292,9,5,3.9,35.1
SOOP,레비___,1622.2,1159,920,2556,0.3,12,10.333333333333334,3.1
치지직,뿌랫,1627.2,1660,1448,1790,2.6,7,5.461538461538462,14.2
치지직,럭키리,1627.2,1660,1829,1409,7.8,7,3.628205128205128,28.3
치지직,안녕나기,1628.6,1545,2153,1146,16.5,8,2.6787878787878787,44.2
SOOP,박이언,1628.6,1545,1219,2080,1.2,8,6.916666666666667,8.3
치지직,무홍시,1629.8,1545,1433,1869,2.2,8,5.545454545454546,12.2
SOOP,유어수키,1630,1416,1083,2284,0.7,9,8.142857142857142,5.7
치지직,0쨍쨍이0,1630.8,1660,1699,1548,5.3,7,4.150943396226415,22
치지직,오늘가입한 동생 2691,1633.4,1319,1381,2043,1.5,10,5.866666666666666,8.8
SOOP,광폿,1633.4,1545,1307,2004,1.5,8,6.333333333333333,9.5
치지직,쵸코영웅,1634,1416,1297,2080,1.3,9,6.384615384615385,8.3
치지직,윤봉2,1634.4,1416,1938,1440,8.3,9,3.2650602409638556,27.1
SOOP,터둥.,1634.6,1545,1551,1763,3,8,4.9,14.7
SOOP,윤봉.,1635,2011,1749,1333,8.2,5,3.9390243902439024,32.3
SOOP,백하누,1637.4,2011,2221,867,31.5,5,2.450793650793651,77.2
치지직,오데트Odette,1638.8,1416,1333,2056,1.4,9,6.142857142857143,8.6
치지직,루 안 Luan,1640,1660,2101,1169,15,7,2.84,42.6
치지직,Miaow,1641.2,1238,1644,1840,3,11,4.366666666666666,13.1
치지직,쫀띠,1641.2,1660,2470,803,46.4,7,1.9224137931034482,89.2
SOOP,벨로스레아,1643,1545,2115,1220,14,8,2.807142857142857,39.3
치지직,태시기Taesigi,1643.2,1820,2015,1183,13.7,6,3.0291970802919708,41.5
치지직,정포도,1644.4,1660,1543,1738,3.1,7,4.935483870967742,15.3
치지직,방모걸,1647.6,1660,1597,1692,3.6,7,4.611111111111111,16.6
치지직,자몽맛파이리,1648,1820,1803,1407,7.6,6,3.736842105263158,28.4
SOOP,그림자2,1648,2478,2382,499,97.1,3,2.0453141091658082,198.6
치지직,홍말차,1649,1319,1429,2034,1.6,10,5.5625,8.9
치지직,Goo9ooCat,1650,1416,2218,1199,16.5,9,2.4545454545454546,40.5
치지직,귤먹고노래짐,1651.2,1660,2275,1023,24.1,7,2.2946058091286305,55.3
치지직,salgu6,1651.2,1820,1885,1333,9.4,6,3.4361702127659575,32.3
치지직,최 우 창,1651.6,1660,1842,1457,7.3,7,3.5753424657534247,26.1
SOOP,강까르_,1653.6,1820,1657,1567,4.9,6,4.326530612244898,21.2
SOOP,짜이건,1653.8,2223,2075,948,22.1,4,2.927601809954751,64.7
치지직,최화분,1654,1416,1163,2264,0.8,9,7.375,5.9
SOOP,강구리100,1656.6,2011,1985,1151,14,5,3.1142857142857143,43.6
치지직,안개은신술,1656.6,1545,1494,1875,2.3,8,5.217391304347826,12
SOOP,콜로니,1656.6,2011,1928,1208,12,5,3.316666666666667,39.8
치지직,엘쁜,1656.6,1545,1554,1815,2.8,8,4.892857142857143,13.7
SOOP,무지개항아리,1656.8,1820,1789,1443,7.1,6,3.8028169014084505,27
치지직,아무 AMU,1657,1545,1540,1830,2.7,8,4.962962962962963,13.4
SOOP,김다원.,1657.4,2011,1767,1371,7.9,5,3.8734177215189876,30.6
치지직,인간승릐,1658.4,1660,1790,1526,6,7,3.8,22.8
씨미,졸라gjk,1659.6,1416,1204,2237,0.9,9,7,6.3
치지직,선이서니 Sunny,1660,1416,1795,1647,4.8,9,3.7708333333333335,18.1
치지직,조연어,1660.2,1319,1240,2251,0.9,10,6.777777777777778,6.1
SOOP,너.고,1661.2,1660,1636,1687,3.8,7,4.394736842105263,16.7
치지직,차 메,1661.2,1820,2135,1108,17.5,6,2.7257142857142855,47.7
치지직,은솜e,1663.4,1545,1586,1800,3,8,4.666666666666667,14
SOOP,태썬,1664.8,1820,1849,1403,8,6,3.5625,28.5
치지직,배니뮤,1665.4,1545,1746,1645,4.6,8,3.9565217391304346,18.2
치지직,PANDADA,1666.8,1660,1402,1935,1.9,7,5.7368421052631575,10.9
치지직,댕라미,1668.4,1416,1894,1569,6.2,9,3.403225806451613,21.1
SOOP,므가앙,1669.6,1660,1538,1806,2.8,7,4.964285714285714,13.9
SOOP,까복치,1671.8,2223,1953,1115,14.6,4,3.2260273972602738,47.1
치지직,크로캣,1672,1660,2392,958,31.2,7,2.0224358974358974,63.1
치지직,B4DGUY,1673.8,1545,1959,1453,8.2,8,3.207317073170732,26.3
SOOP,우짜.,1674.4,1820,1521,1755,3,6,5,15
치지직,르녜,1674.6,1545,1682,1732,3.7,8,4.216216216216216,15.6
치지직,팔팔잇,1675,1545,2171,1244,14.6,8,2.6027397260273974,38
SOOP,wanew11,1675.8,2011,2118,1066,18.5,5,2.7945945945945945,51.7
SOOP,소규.,1676.6,2223,1863,1217,11.2,4,3.5267857142857144,39.5
치지직,윤별3,1677.2,1416,1442,2043,1.6,9,5.5,8.8
치지직,미소롭게,1679.4,1319,1673,1866,2.9,10,4.241379310344827,12.3
치지직,소애 Soae,1679.4,1545,1810,1616,5.2,8,3.7115384615384617,19.3
치지직,짱짱도규니,1679.6,1416,1240,2251,0.9,9,6.777777777777778,6.1
치지직,므론,1679.8,2011,2054,1140,15,5,2.966666666666667,44.5
치지직,세현 Sehyun,1680,1660,1423,1947,1.9,7,5.578947368421052,10.6
치지직,단 찌,1680.6,1545,1354,2075,1.4,8,6,8.4
SOOP,고로고롱롱,1682.2,2223,1933,1161,13,4,3.3,42.9
치지직,지우나,1682.2,1545,1332,2101,1.3,8,6.153846153846154,8
치지직,김이딴,1682.4,1660,1325,2051,1.4,7,6.214285714285714,8.7
치지직,민뇨미,1683.2,1660,1753,1625,4.8,7,3.9166666666666665,18.8
치지직,권무효,1687.6,1416,1564,1947,2.2,9,4.818181818181818,10.6
치지직,남이진,1688,1820,2466,844,42,6,1.9261904761904762,80.9
치지직,여우별Planet,1690.2,1319,1465,2101,1.5,10,5.333333333333333,8
치지직,릅이Reubi,1690.4,1660,1545,1851,2.6,7,4.923076923076923,12.8
치지직,이호 E2HO,1691,1545,1287,2168,1.1,8,6.454545454545454,7.1
SOOP,서인택,1691.2,1820,1645,1673,3.9,6,4.358974358974359,17
치지직,카스퍼,1692.4,1820,2097,1224,13.7,6,2.854014598540146,39.1
SOOP,_몽총이,1692.6,2011,1592,1634,4,5,4.65,18.6
치지직,방가방가햄토리7602,1693.6,1660,1832,1572,5.8,7,3.6206896551724137,21
SOOP,이두식,1693.8,1545,1591,1871,2.6,8,4.653846153846154,12.1
치지직,우주의진리,1696.8,1238,1421,2202,1.2,11,5.583333333333333,6.7
SOOP,김알짱,1697,2011,2106,1131,16,5,2.83125,45.3
치지직,사랑캔디,1697.6,1660,1682,1732,3.7,7,4.216216216216216,15.6
치지직,TEMA,1698.8,1660,2053,1364,10.5,7,2.9714285714285715,31.2
SOOP,다엘_,1698.8,1820,1721,1616,4.8,6,4.020833333333333,19.3
치지직,양먕양,1699,1545,1410,2065,1.5,8,5.666666666666667,8.5
치지직,칼리오스임미다,1700,1416,1397,2145,1.3,9,5.769230769230769,7.5
SOOP,#최무성,1700.2,2011,1807,1438,7.3,5,3.7260273972602738,27.2
치지직,이롱롱이,1700.2,1545,1781,1697,4.3,8,3.8372093023255816,16.5
치지직,서깜자,1701,2011,2174,1073,19.6,5,2.5969387755102042,50.9
치지직,라무쓰,1701.4,1545,1463,2018,1.7,8,5.352941176470588,9.1
SOOP,리제람,1702.8,1820,2186,1161,16.8,6,2.5535714285714284,42.9
치지직,0빵찐0,1703,1545,1804,1681,4.5,8,3.7333333333333334,16.8
치지직,Developow,1703.2,1660,1671,1757,3.5,7,4.257142857142857,14.9
SOOP,장원명,1704.4,1820,1664,1687,3.9,6,4.282051282051282,16.7
치지직,한새몽,1705.2,1660,1824,1609,5.3,7,3.660377358490566,19.4
치지직,하파이브,1707,1545,1313,2182,1.1,8,6.2727272727272725,6.9
치지직,우왕몬,1708.4,1820,2368,993,28.2,6,2.0673758865248226,58.3
치지직,오늘도연하,1708.8,1660,1689,1753,3.6,7,4.194444444444445,15.1
치지직,달냥 MOONCAT,1708.8,1416,1386,2178,1.2,9,5.833333333333333,7
치지직,구른돌 gureundol,1708.8,1660,1586,1856,2.7,7,4.666666666666667,12.6
SOOP,김주헌,,1709,2011,1764,1503,6.2,5,3.8870967741935485,24.1
치지직,쩐다롱,1709.6,1820,1825,1539,6.1,6,3.6557377049180326,22.3
SOOP,윽히,1711,2011,1599,1673,3.7,5,4.594594594594595,17
치지직,개그만화,1711.6,1820,2309,1060,23.9,6,2.192468619246862,52.4
치지직,체이 서,1713.6,1820,2270,1104,20.7,6,2.3091787439613527,47.8
SOOP,진현킴,1713.6,1238,944,2721,0.2,11,10,2
치지직,밤티를거꾸로하면티밤,1717.4,1319,1896,1738,4.5,10,3.4,15.3
치지직,예안쿤,1720.8,1660,1521,1951,2.1,7,5,10.5
치지직,앵직,1721.4,1545,2143,1388,11.1,8,2.7027027027027026,30
치지직,불뚜기,1722,1660,1700,1775,3.5,7,4.142857142857143,14.5
치지직,민디yam,1722.4,1660,2254,1222,16.7,7,2.3473053892215567,39.2
치지직,호나브로,1722.8,1820,2236,1161,17.8,6,2.4101123595505616,42.9
치지직,내가바로칸나,1722.8,1416,1931,1668,5.2,9,3.3076923076923075,17.2
치지직,라몬 사쿠 Lamon Saku,1723,1545,1271,2264,0.9,8,6.555555555555555,5.9
치지직,대추야자,1724.8,1820,2316,1086,22.7,6,2.1762114537444934,49.4
SOOP,새림,1724.8,1660,1478,2004,1.8,7,5.277777777777778,9.5
SOOP,개골링,1725,2223,2150,1051,19.7,4,2.6802030456852792,52.8
SOOP,남재건,1725.8,2011,1891,1418,8.2,5,3.4146341463414633,28
치지직,SCOOOOOOOTTIE,1726.8,1416,2251,1358,13.3,9,2.3609022556390977,31.4
치지직,메냥e,1727,1545,1880,1665,5,8,3.46,17.3
치지직,미선화,1727.2,1660,1719,1769,3.6,7,4.055555555555555,14.6
치지직,콩실이s,1727.6,1820,1812,1597,5.4,6,3.7037037037037037,20
치지직,Max C,1732.4,1660,1372,2129,1.3,7,5.923076923076923,7.7
SOOP,김민석:0,1733.2,1820,1995,1428,8.9,6,3.0898876404494384,27.5
치지직,이나프 NafeX,1734,1416,1717,1910,2.8,9,4.071428571428571,11.4
치지직,유마인,1734.8,1660,1826,1681,4.6,7,3.652173913043478,16.8
SOOP,박오훈,1736,2478,2366,735,51.1,3,2.072407045009785,105.9
치지직,owSWOO,1736.4,1416,1504,2129,1.5,9,5.133333333333334,7.7
치지직,o삐뿌o,1736.4,1820,1855,1576,5.9,6,3.542372881355932,20.9
치지직,최강윤민,1736.4,1660,1516,1995,1.9,7,5.052631578947368,9.6
SOOP,든세2,1736.6,2223,1949,1281,11,4,3.2363636363636363,35.6
치지직,쵸 연,1739,1545,1541,2034,1.8,8,4.944444444444445,8.9
치지직,투유toyou,1739.4,1545,2388,1188,20.2,8,2.0346534653465347,41.1
치지직,솔 2,1739.6,1820,1724,1715,4,6,4,16
치지직,국티Gugty,1740.4,1820,1935,1506,7.3,6,3.287671232876712,24
치지직,너구리데구리,1742.8,1660,1743,1784,3.6,7,3.9722222222222223,14.3
치지직,FelinzXD,1743.2,1416,1513,2137,1.5,9,5.066666666666666,7.6
치지직,샤오링링,1743.6,1820,1521,1928,2.2,6,5,11
SOOP,광진광,1743.8,2223,2195,1053,21,4,2.5095238095238095,52.7
치지직,민사달팽이,1743.8,2011,2076,1278,12.2,5,2.9262295081967213,35.7
치지직,도 마 도,1745,2011,2350,1007,27,5,2.1037037037037036,56.8
치지직,바이이잉,1746.2,1545,1748,1845,3.3,8,3.9393939393939394,13
SOOP,쨔마マ,1747.6,1820,1614,1845,2.9,6,4.482758620689655,13
치지직,껴릴,1750.6,1545,2225,1379,12.4,8,2.443548387096774,30.3
SOOP,개굴이,1751.2,1820,1454,2014,1.7,6,5.411764705882353,9.2
치지직,에임괴물,1751.4,1319,1791,1928,2.9,10,3.793103448275862,11
치지직,시저1,1752.8,1660,2344,1208,18.8,7,2.117021276595745,39.8
치지직,김만섭999,1753,2223,2298,973,27.1,4,2.2287822878228782,60.4
치지직,아름잉,1754,1660,2252,1303,14.5,7,2.3586206896551722,34.2
치지직,김고겸,1755.2,1820,1781,1697,4.3,6,3.8372093023255816,16.5
SOOP,흑생,1755.4,2223,1765,1512,6.1,4,3.8852459016393444,23.7
치지직,김한율,1755.6,1660,1925,1634,5.6,7,3.3214285714285716,18.6
치지직,채류진,1756,1238,886,2885,0.1,11,11,1.1
치지직,히 얏,1756.4,1416,1877,1806,4,9,3.475,13.9
치지직,나 봉,1757.4,1545,1724,1897,2.9,8,4,11.6
치지직,불멸의라볶이,1760.8,1660,2127,1445,9.8,7,2.7448979591836733,26.9
SOOP,럭키리@,1761,2011,1865,1532,6.4,5,3.515625,22.5
치지직,히미카 스이,1762,1660,1541,2034,1.8,7,4.944444444444445,8.9
SOOP,리저,1762.8,1416,1521,2178,1.4,9,5,7
치지직,듀비 Dubee,1763.2,1416,1204,2496,0.5,9,7,3.5
치지직,유도리카,1764,1820,2017,1483,8.2,6,3.0121951219512195,24.7
치지직,Kutsu,1764,1820,1475,2025,1.7,6,5.294117647058823,9
치지직,몰티의 게임,1764.2,2011,2116,1289,12.6,5,2.8015873015873014,35.3
치지직,UNIV2R,1764.2,1545,1338,2300,0.9,8,6.111111111111111,5.5
SOOP,이요담,1764.4,1820,1841,1660,4.9,6,3.5918367346938775,17.6
치지직,샛잎,1769,1545,1562,2088,1.7,8,4.823529411764706,8.2
SOOP,재민-0.0,1770.6,2011,1631,1790,3.2,5,4.4375,14.2
치지직,은라비,1770.6,1545,1687,1967,2.4,8,4.208333333333333,10.1
치지직,김칸타,1770.8,1660,1435,2162,1.3,7,5.538461538461538,7.2
치지직,이후후후,1771.2,1660,1555,2043,1.8,7,4.888888888888889,8.8
치지직,야마구치 유키,1771.6,1660,1724,1875,3,7,4,12
치지직,마이티 Mighty,1771.8,2011,2231,1193,16.9,5,2.4201183431952664,40.9
치지직,앤프,1772.4,1820,1570,1951,2.2,6,4.7727272727272725,10.5
SOOP,김모발__,1773.2,1660,1277,2326,0.8,7,6.5,5.2
치지직,쁠러팅,1773.8,1545,1799,1863,3.3,8,3.757575757575758,12.4
SOOP,균잉-,1776.2,2011,1961,1474,7.8,5,3.2051282051282053,25
씨미,나고님,1777.2,1820,1576,1957,2.2,6,4.7272727272727275,10.4
치지직,로다모,1777.2,1660,1496,2117,1.5,7,5.2,7.8
SOOP,2이시윤,1778,1820,1551,1984,2,6,4.9,9.8
치지직,아퀼라,1779.8,1545,1634,2043,2,8,4.4,8.8
치지직,김득춘,1780.2,1545,1940,1738,4.7,8,3.25531914893617,15.3
SOOP,불녀,1780.6,2011,2232,1214,16.4,5,2.4146341463414633,39.6
SOOP,뿌뿌박스,1780.8,1820,1397,2145,1.3,6,5.769230769230769,7.5
치지직,윤탱구얌,1781,1545,2351,1329,15.5,8,2.096774193548387,32.5
치지직,이히로 HERO,1782,1660,1690,1935,2.6,7,4.1923076923076925,10.9
치지직,민쨈,1782,1660,1690,1935,2.6,7,4.1923076923076925,10.9
SOOP,혀기-_-;,1782.6,2011,1621,1830,3,5,4.466666666666667,13.4
치지직,아론93,1783.2,1820,2383,1165,20.9,6,2.0430622009569377,42.7
SOOP,elvaow,1783.4,2223,1925,1422,8.4,4,3.3214285714285716,27.9
SOOP,누구냥패왕섹,1783.4,2223,1976,1371,9.7,4,3.154639175257732,30.6
SOOP,앵뚠이,1785.4,2011,2018,1440,9,5,3.011111111111111,27.1
치지직,임다은,1785.6,1660,2090,1544,7.7,7,2.883116883116883,22.2
치지직,루루튀김,1786.4,1660,1556,2080,1.7,7,4.882352941176471,8.3
SOOP,Kimtan2,1787,2011,1986,1476,8,5,3.1125,24.9
치지직,니빙,1787.2,1660,1338,2300,0.9,7,6.111111111111111,5.5
SOOP,먕이♬,1788.4,1660,1377,2264,1,7,5.9,5.9
치지직,홍재에용,1788.8,1660,1714,1928,2.7,7,4.074074074074074,11
치지직,라엘 L4el,1789.2,1820,1876,1687,4.8,6,3.4791666666666665,16.7
치지직,반지하냥,1789.2,1416,1354,2411,0.7,9,6,4.2
치지직,포 얼,1790.4,1660,1866,1780,4.1,7,3.5121951219512195,14.4
SOOP,내로남불엿포,1791.6,1820,1754,1815,3.5,6,3.914285714285714,13.7
치지직,아기해달S2,1793.2,1660,1827,1826,3.7,7,3.6486486486486487,13.5
SOOP,타로12,1797.4,2223,2387,995,28.5,4,2.0350877192982457,58
치지직,비제이대천사,1797.6,1660,2386,1278,17.5,7,2.04,35.7
치지직,공까,1798,1660,1391,2274,1,7,5.8,5.8
SOOP,세르초이,1798.2,2223,1981,1403,9.1,4,3.131868131868132,28.5
치지직,김땡땡72,1798.4,1820,2253,1333,13.7,6,2.3576642335766422,32.3
치지직,가 시 나,1799.2,1660,1650,2018,2.1,7,4.333333333333333,9.1
치지직,크온유,1799.6,1660,1319,2350,0.8,7,6.25,5
SOOP,박준형.,1800.4,1820,1480,2111,1.5,6,5.266666666666667,7.9
치지직,E클립S,1800.6,2011,1929,1567,6.4,5,3.3125,21.2
치지직,리오 UPiA RiO,1801.6,1660,1788,1886,3.1,7,3.806451612903226,11.8
SOOP,라붕,1802.6,2011,1626,1875,2.7,5,4.444444444444445,12
치지직,만보긔,1802.8,1820,1887,1710,4.7,6,3.425531914893617,16.1
치지직,오 롯 이,1802.8,1416,1329,2470,0.6,9,6.166666666666667,3.7
치지직,새벽댕,1803.6,1416,1415,2386,0.8,9,5.625,4.5
치지직,플로탸,1804,1820,2165,1435,10.4,6,2.6346153846153846,27.4
SOOP,브로켄,1805,2011,2146,1361,11.6,5,2.6982758620689653,31.3
치지직,김삼이,1805.8,1545,1442,2300,1,8,5.5,5.5
치지직,오 밥,1808.4,1820,1720,1891,2.9,6,4.0344827586206895,11.7
치지직,엘브스,1809.2,1660,2475,1218,20.6,7,1.912621359223301,39.4
치지직,김 타 오,1810.8,1820,2100,1517,8.2,6,2.841463414634146,23.3
치지직,인티지,1813.6,1660,2519,1185,23.1,7,1.7922077922077921,41.4
치지직,보름2e,1813.6,1660,1844,1860,3.5,7,3.5714285714285716,12.5
SOOP,청려한,1813.8,1545,1456,2306,1,8,5.4,5.4
SOOP,이달범,1813.8,2223,1995,1428,8.9,4,3.0898876404494384,27.5
치지직,이루원,1814.4,1820,1707,1919,2.7,6,4.111111111111111,11.1
치지직,오트입니다,1814.8,1416,1840,1989,2.7,9,3.5925925925925926,9.7
치지직,오슈니,1817.2,1820,1952,1681,5.2,6,3.230769230769231,16.8
치지직,뿅 아리,1818.4,1820,2299,1337,14.5,6,2.220689655172414,32.2
SOOP,근스근,1820,1660,1702,2018,2.2,7,4.136363636363637,9.1
SOOP,유재킹,1820.2,2223,1724,1715,4,4,4,16
치지직,도른체,1820.4,1660,2397,1324,16.4,7,2.0060975609756095,32.9
치지직,송먀옹,1820.8,1820,1714,1928,2.7,6,4.074074074074074,11
치지직,강바다 BADA,1821.6,1660,1744,1980,2.5,7,3.96,9.9
치지직,정아ㅏㅏ,1822.8,1660,1626,2101,1.8,7,4.444444444444445,8
SOOP,에라이e,1823.4,2223,2297,1150,19.6,4,2.2346938775510203,43.8
치지직,김딩가,1825,2011,2293,1264,16.3,5,2.245398773006135,36.6
SOOP,서단아.,1826.4,1660,1333,2403,0.7,7,6.142857142857143,4.3
치지직,루 망,1826.4,1660,2142,1594,7.5,7,2.7066666666666666,20.3
SOOP,도이한,1826.6,2011,1786,1775,3.8,5,3.8157894736842106,14.5
SOOP,도이리_,1828,1820,1354,2306,0.9,6,6,5.4
치지직,뗭니,1828,1416,1694,2168,1.7,9,4.176470588235294,7.1
치지직,네페르,1828.4,1820,1586,2075,1.8,6,4.666666666666667,8.4
치지직,칠칠복,1828.6,1545,1329,2470,0.6,8,6.166666666666667,3.7
치지직,이쩜쩜,1829.4,2011,1948,1620,5.9,5,3.23728813559322,19.1
치지직,밍콩콩,1831.6,1820,1680,1989,2.3,6,4.217391304347826,9.7
치지직,세웅99,1832.6,2011,2564,1012,34.4,5,1.6337209302325582,56.2
SOOP,유세모,1832.6,2223,2013,1457,8.6,4,3.0348837209302326,26.1
치지직,솔아림,1832.6,2011,1908,1668,5.1,5,3.372549019607843,17.2
SOOP,제론__,1833.8,1545,1131,2681,0.3,8,7.666666666666667,2.3
치지직,레드오랭지,1833.8,1545,1131,2681,0.3,8,7.666666666666667,2.3
치지직,그림자2,1834,1660,2911,844,97.1,7,0.8331616889804325,80.9
치지직,les예지주,1834.8,1820,2012,1665,5.7,6,3.0350877192982457,17.3
SOOP,Ace다복,1836,1820,1512,2168,1.4,6,5.071428571428571,7.1
SOOP,순식간val,1836,1660,1509,2251,1.2,7,5.083333333333333,6.1
SOOP,가쿠인,1836.2,2223,2051,1428,9.2,4,2.989130434782609,27.5
치지직,날2,1836.8,1660,1456,2306,1,7,5.4,5.4
치지직,이민환 LeeMinHwan,1839.2,1660,1801,1967,2.7,7,3.740740740740741,10.1
치지직,디움,1841,1545,1465,2365,0.9,8,5.333333333333333,4.8
치지직,쭈쭈네,1841.6,1660,1779,1995,2.5,7,3.84,9.6
치지직,식신달,1842.4,1660,2393,1383,14.9,7,2.0201342281879193,30.1
치지직,정붕,1842.8,1820,2398,1299,17.2,6,2,34.4
치지직,임금 GOLD,1843.2,1660,1399,2379,0.8,7,5.75,4.6
치지직,반달멍뭉이,1844,1660,1755,2025,2.3,7,3.9130434782608696,9
치지직,톡식히키정병멘헤라,1844.8,1660,2019,1763,4.9,7,3,14.7
SOOP,켄저씨_Kenn,1846.2,2223,1724,1780,3.6,4,4,14.4
치지직,광 진 구,1846.8,1416,2154,1755,5.6,9,2.6785714285714284,15
치지직,일 칠,1847.2,1416,2019,1891,3.9,9,3,11.7
SOOP,_CHR_Horner_,1848.6,2223,1861,1649,5.1,4,3.5294117647058822,18
SOOP,기우기,1848.6,2223,1775,1735,4,4,3.85,15.4
치지직,민짜이공,1849,2011,2477,1140,23.3,5,1.909871244635193,44.5
치지직,야네 YANE,1849.2,1820,1772,1941,2.8,6,3.857142857142857,10.8
SOOP,환이다:),1852.6,1319,1391,2581,0.5,10,5.8,2.9
SOOP,파라쏠,1853,2011,1843,1784,4,5,3.575,14.3
치지직,청아설,1853.8,1545,1694,2168,1.7,8,4.176470588235294,7.1
SOOP,꽃삐D.T.P,1854.8,1820,1626,2101,1.8,6,4.444444444444445,8
SOOP,담현,1855.4,2223,2374,1153,21.1,4,2.061611374407583,43.5
SOOP,자용이,1856.2,1545,1171,2697,0.3,8,7.333333333333333,2.2
치지직,김학,1856.8,1660,1828,1984,2.7,7,3.6296296296296298,9.8
SOOP,갓포보,1857.4,2011,1658,1980,2.3,5,4.304347826086956,9.9
치지직,안룡98,1858.8,1820,1978,1759,4.7,6,3.148936170212766,14.8
치지직,브야세,1859.2,1820,2534,1204,23.2,6,1.7241379310344827,40
치지직,건전한배틀테그1,1860.6,1545,1814,2065,2.3,8,3.6956521739130435,8.5
치지직,앙오예,1860.8,1660,1496,2326,1,7,5.2,5.2
SOOP,킴도디,1861.8,2223,1934,1609,5.9,4,3.288135593220339,19.4
치지직,펭탕증,1862,1660,1972,1853,4,7,3.175,12.7
치지직,혜지는혜지,1862.6,1545,1706,2178,1.7,8,4.117647058823529,7
치지직,바다 쇠오리,1863,1545,1875,2010,2.7,8,3.4814814814814814,9.4
SOOP,여물치,1863.2,1416,1020,2930,0.1,9,9,0.9
치지직,루네리 Luneri,1863.6,1820,1745,2004,2.4,6,3.9583333333333335,9.5
치지직,유아 0w0,1864.4,1820,1558,2193,1.4,6,4.857142857142857,6.8
치지직,고우수,1869.8,1545,2666,1236,28.3,8,1.3462897526501767,38.1
치지직,범고래뱃살,1870,1660,2378,1467,12.3,7,2.0569105691056913,25.3
치지직,로젤링,1870.8,1820,1650,2117,1.8,6,4.333333333333333,7.8
치지직,Yukime,1871.2,1660,2167,1681,6.4,7,2.625,16.8
치지직,치지직 늘이,1872.2,1545,2323,1585,9.5,8,2.1578947368421053,20.5
치지직,루일임,1875.2,1820,2091,1687,5.8,6,2.8793103448275863,16.7
SOOP,카스퍼,1876.2,2223,2250,1329,13.7,4,2.372262773722628,32.5
치지직,신성이,1876.8,1820,2182,1600,7.7,6,2.5714285714285716,19.8
SOOP,후-_-v,1877.2,1660,1248,2615,0.4,7,6.75,2.7
치지직,LEE여름,1878.4,1660,1650,2216,1.5,7,4.333333333333333,6.5
치지직,노루나 Noruna,1878.8,1820,1942,1845,4,6,3.25,13
치지직,사준,1880,1820,1924,1866,3.7,6,3.324324324324324,12.3
치지직,이 로 지,1880.6,1319,1668,2374,1.1,10,4.2727272727272725,4.7
치지직,멍태희,1881.6,1660,1794,2080,2.2,7,3.772727272727273,8.3
SOOP,지니닌,1881.8,2011,2248,1451,11.1,5,2.3873873873873874,26.5
치지직,아란시아,1882,1820,1806,1989,2.6,6,3.730769230769231,9.7
SOOP,심복춘,1882.8,1820,1709,2088,2,6,4.1,8.2
치지직,하늘을날으고,1883.4,2011,1817,1886,3.2,5,3.6875,11.8
치지직,빠니볼,1883.6,1660,1814,2065,2.3,7,3.6956521739130435,8.5
치지직,시쿠로,1884.4,1820,1834,1967,2.8,6,3.607142857142857,10.1
치지직,은 려,1884.8,1660,1386,2496,0.6,7,5.833333333333333,3.5
치지직,세린1004,1884.8,1820,1768,2034,2.3,6,3.869565217391304,8.9
치지직,유미호00,1884.8,1820,1508,2294,1.1,6,5.090909090909091,5.6
SOOP,태수!!,1886.2,2011,1676,2034,2.1,5,4.238095238095238,8.9
SOOP,성수_,1886.6,2011,1574,2137,1.6,5,4.75,7.6
SOOP,안녕하곰,1887,2223,2130,1476,9.1,4,2.7362637362637363,24.9
SOOP,리수냥,1887,2223,2110,1496,8.6,4,2.8255813953488373,24.3
치지직,여울이세상,1888.6,1545,2310,1639,8.4,8,2.1904761904761907,18.4
치지직,빠쿄,1889,1545,2064,1886,4,8,2.95,11.8
치지직,콜로니 CoLoNy,1890,1660,2394,1501,12,7,2.0166666666666666,24.2
치지직,하연우,1890.8,1820,1661,2156,1.7,6,4.294117647058823,7.3
치지직,맹설오,1892.8,1820,1947,1875,3.7,6,3.2432432432432434,12
치지직,루메룬,1893.8,2011,2687,1042,41.4,5,1.3043478260869565,54
치지직,복날강아지,1894.2,2011,1967,1763,4.6,5,3.1956521739130435,14.7
치지직,멜차입니다,1894.4,1660,1452,2454,0.7,7,5.428571428571429,3.8
치지직,꽃 여름,1894.4,1820,1602,2224,1.4,6,4.571428571428571,6.4
치지직,티앤TN,1894.4,1820,2364,1462,12.3,6,2.0813008130081303,25.6
치지직,정령키드,1894.6,2011,2010,1721,5.2,5,3.0384615384615383,15.8
치지직,히 담,1895.2,1820,2335,1493,11.4,6,2.1403508771929824,24.4
치지직,블랙워치KR,1895.4,1545,2598,1368,20.3,8,1.522167487684729,30.9
SOOP,킴캐리,1898,2478,2375,1131,22,3,2.059090909090909,45.3
SOOP,P.삐로,1898.4,1820,1354,2482,0.6,6,6,3.6
SOOP,게코갬성,1899.8,2223,1989,1649,5.8,4,3.103448275862069,18
치지직,Pard0n,1901.4,1545,2151,1830,5,8,2.68,13.4
치지직,치지직도붕이,1903.6,1660,1954,1975,3.1,7,3.225806451612903,10
치지직,여행감자,1903.6,1820,2059,1790,4.8,6,2.9583333333333335,14.2
치지직,꾸준이,1904,1820,2357,1493,11.7,6,2.0854700854700856,24.4
치지직,뚜시땨시,1904.4,1820,1867,1984,2.8,6,3.5,9.8
SOOP,미쑬쩡,1905.6,1820,1548,2306,1.1,6,4.909090909090909,5.4
SOOP,잏우루ㆀ,1907.2,1820,1802,2056,2.3,6,3.739130434782609,8.6
치지직,동그2,1908.4,1820,2016,1845,4.3,6,3.0232558139534884,13
치지직,육큐,1909.8,1545,1465,2537,0.6,8,5.333333333333333,3.2
치지직,갓또ㅡ엔큐,1910,1820,2005,1860,4.1,6,3.048780487804878,12.5
치지직,과천호,1910.2,2011,2180,1590,7.9,5,2.5822784810126582,20.4
치지직,고소한누룽지탕,1910.8,1820,2175,1692,6.4,6,2.59375,16.6
치지직,드드또,1911,2011,2348,1424,13.2,5,2.106060606060606,27.8
치지직,유자비,1912.4,1820,1857,2014,2.6,6,3.5384615384615383,9.2
치지직,구새우,1914.2,2011,1796,1984,2.6,5,3.769230769230769,9.8
치지직,하이로haiiro,1915.2,1820,2240,1638,7.7,6,2.4025974025974026,18.5
치지직,펭상,1916,1820,1586,2294,1.2,6,4.666666666666667,5.6
SOOP,은연_,1918.2,2223,1909,1775,4.3,4,3.372093023255814,14.5
치지직,Sent1nel,1920.8,1820,2052,1840,4.4,6,2.977272727272727,13.1
SOOP,도르하.,1921.2,1660,1319,2654,0.4,7,6.25,2.5
SOOP,만보긔,1922.6,2223,1950,1745,4.7,4,3.234042553191489,15.2
SOOP,유신곰,1923,2011,2092,1710,5.6,5,2.875,16.1
치지직,이요닝,1923.4,2011,2630,1173,29.3,5,1.4505119453924915,42.5
치지직,미시감,1923.6,1820,2222,1677,6.9,6,2.449275362318841,16.9
SOOP,성진이성진,1923.8,2771,2574,850,49.8,2,1.6104417670682731,80.2
치지직,갓크로스,1924.4,1660,2151,1830,5,7,2.68,13.4
치지직,세상 1234,1926.6,2011,2328,1483,11.5,5,2.1478260869565218,24.7
치지직,덕만이01,1926.8,1820,2390,1517,11.5,6,2.026086956521739,23.3
치지직,J N,1927.8,2011,2396,1418,13.9,5,2.014388489208633,28
치지직,멧비둘기0,1929.2,1820,1833,2080,2.3,6,3.608695652173913,8.3
치지직,스위티 다람쥐 9019438,1929.2,1820,2311,1602,9,6,2.188888888888889,19.7
치지직,jojii,1930.6,2011,2271,1550,9.5,5,2.305263157894737,21.9
SOOP,[동구리],1931,2011,1912,1910,3.4,5,3.3529411764705883,11.4
치지직,깡낭콩,1931.2,1820,2338,1580,9.7,6,2.134020618556701,20.7
치지직,도로롱 ow,1931.2,1660,1836,2162,2,7,3.6,7.2
치지직,영월 yeongwoll,1932,1660,2114,1886,4.2,7,2.8095238095238093,11.8
치지직,백만봉,1932.2,2011,1708,2117,1.9,5,4.105263157894737,7.8
씨미,악네,1932.8,1820,1638,2284,1.3,6,4.384615384615385,5.7