플랫폼,스트리머,포인트,최고 시청자 순위,평균 시청자 순위,뷰어십 순위,방송시간,최고시청자,평균시청자,뷰어십
SOOP,봉준,1.4,1,1,2,17.2,44489,22241.779069767443,382558.6
SOOP,김민교.,2.4,2,2,3,21.7,24077,14381.15207373272,312071
SOOP,항상#킴성태,3,3,5,1,45.5,20523,9095.048351648351,413824.7
SOOP,이상호,5.2,4,6,5,25,14418,7868.128,196703.2
SOOP,천양,8,8,7,9,15.1,11391,5557.615894039735,83920
SOOP,타요*,8.2,9,8,8,22.2,7081,4839.90990990991,107446
SOOP,징버거☆,9,11,11,6,30.4,6267,4181.9276315789475,127130.6
SOOP,저라뎃,9.6,10,15,4,58.2,6808,3434.991408934708,199916.5
SOOP,감스트,11,5,3,22,2.8,13868,11376.07142857143,31853
SOOP,우왁굳,11,7,4,20,3.4,12226,10541.29411764706,35840.4
SOOP,owesports,12.4,12,13,12,18.2,5980,3837.8846153846152,69849.5
SOOP,남순,13.6,14,10,17,9,5576,4552.533333333334,40972.8
SOOP,이지상:),13.6,6,20,11,34.5,12286,2334.8608695652174,80552.7
SOOP,오아,16,16,25,7,67.6,4831,1763.6360946745563,119221.8
SOOP,비챤,17.8,23,18,15,17.6,3588,2871.9261363636365,50545.9
SOOP,감블러,18.2,17,27,10,49.3,4796,1694.5314401622718,83540.4
치지직,아카네 리제,20.4,22,17,23,10.4,3626,3062.3076923076924,31848
치지직,김뚜띠,23,13,9,42,2.7,5788,4789.851851851852,12932.6
치지직,아오쿠모 린,23.4,21,16,32,5.6,3817,3324.714285714286,18618.4
SOOP,깨박이깨박이,23.8,15,33,19,32.2,5086,1200.72049689441,38663.2
SOOP,임아니,24.2,25,34,14,50.8,3522,1134.4035433070867,57627.7
치지직,아라하시 타비,24.4,18,14,38,3.9,4603,3750.051282051282,14625.2
SOOP,강만식,26.4,26,40,13,62.8,3024,941.6624203821656,59136.4
치지직,하나코 나나,26.4,24,19,35,5.9,3587,2659.322033898305,15690
치지직,다주,28.4,30,26,30,12.7,2703,1734.5433070866143,22028.7
치지직,빅헤드,29.2,28,23,36,8.2,2841,1909.841463414634,15660.7
치지직,사키하네 후야,31.6,34,22,40,6.9,2311,1981.072463768116,13669.4
SOOP,수피,32,44,42,16,47,1600,890.8574468085106,41870.3
SOOP,EscA_에스카,32.2,33,46,18,46.6,2525,861.1394849785407,40129.1
SOOP,깐숙,34.6,47,38,25,23.7,1447,1017.9535864978903,24125.5
치지직,유즈하 리코,35.4,31,21,52,4.5,2626,2277.0222222222224,10246.6
SOOP,철구형2↑,35.4,19,12,67,1.8,4524,3997.1666666666665,7194.9
SOOP,키마,36.4,36,32,41,9.8,2065,1328.5,13019.3
치지직,둥그레,36.6,35,28,46,7.4,2149,1634.6216216216217,12096.2
SOOP,일루전_,37.4,27,56,24,36.2,2941,681.9696132596686,24687.3
치지직,마뫄,38.6,43,36,39,12.8,1621,1090.8125,13962.4
SOOP,도현ツ,39.8,49,49,26,30.5,1444,776.4459016393442,23681.6
치지직,소우릎,40.6,29,44,43,14.9,2708,864.9731543624162,12888.1
SOOP,Alo.조경훈,42.4,20,24,72,3.6,4033,1768.5555555555557,6366.8
SOOP,지피티,43.4,37,29,61,5.3,2019,1604.6603773584907,8504.7
치지직,치킨쿤,44.4,54,50,34,20.7,1249,765.2125603864735,15839.9
치지직,서넹,46,58,53,33,24.5,1141,716.2081632653061,17547.1
SOOP,(주)박사장$,46.6,45,43,51,11.9,1507,868.0672268907563,10330
SOOP,바밍_,48,32,76,28,47.7,2588,485.55765199161425,23161.1
SOOP,양도끼,48.6,63,59,31,33.3,1040,637.6636636636637,21234.2
SOOP,클리드1,49.8,55,52,45,17.1,1207,730.953216374269,12499.3
SOOP,쪼낙,50.2,39,77,29,46.1,1686,484.3340563991323,22327.8
SOOP,조디악악악,51.6,60,78,21,70,1111,472.88,33101.6
SOOP,뽀린걸,51.8,57,74,27,47.1,1158,497.66454352441616,23440
치지직,너불,54,40,35,80,4.9,1676,1110.1020408163265,5439.5
SOOP,단츄♪,55.6,38,30,90,2.5,1795,1499.52,3748.8
SOOP,김된모!,59,69,57,56,14.6,950,660.582191780822,9644.5
치지직,디디디용,60.6,53,48,77,7.1,1253,800.4788732394367,5683.4
SOOP,학살~,62.2,51,45,85,5.1,1325,864.1960784313726,4407.4
치지직,채현찌,63,41,37,100,2.7,1627,1077.6296296296296,2909.6
SOOP,마이곰이,64.8,48,31,107,1.9,1446,1332.2105263157894,2531.2
SOOP,“클로이”,66,42,97,47,35.8,1626,321.3072625698324,11502.8
SOOP,해리,66.2,67,58,74,9.6,972,643.3854166666666,6176.5
SOOP,해기_,66.6,67,96,37,46.9,972,322.1940298507463,15110.9
SOOP,중력∀,67,87,66,58,15.6,726,566.4807692307693,8837.1
치지직,블레어 로즈,67.6,52,39,104,2.7,1303,990.6296296296297,2674.7
SOOP,아이치,68.6,59,69,73,11.7,1120,529.3162393162393,6193
SOOP,띵귤_,70,64,41,102,3.1,1023,900.0645161290323,2790.2
SOOP,깅예솔,70.4,50,86,65,18.3,1352,406.1584699453552,7432.7
SOOP,미라지720,72,70,101,44,40.3,928,311.72952853598014,12562.7
치지직,실프,73.8,75,63,84,7.8,836,586.8717948717949,4577.6
치지직,금사향,77.2,62,47,115,2.8,1044,858.75,2404.5
SOOP,한결___,79.2,86,62,93,5.4,729,610.1851851851852,3295
SOOP,나는상윤,79.2,84,80,76,12.8,737,468.296875,5994.2
SOOP,꾸티뉴,79.4,83,100,57,29.1,743,313.46048109965636,9121.7
SOOP,김진솔,80,66,119,48,49.5,1016,227.8080808080808,11276.5
치지직,임나은,81.2,74,84,82,12.2,846,437.327868852459,5335.4
치지직,삐부,82.4,96,104,54,33.8,583,293.28402366863907,9913
SOOP,지붕위소희,83.2,90,72,91,7.2,704,503.5833333333333,3625.8
SOOP,울산큰고래,84,94,68,95,5.9,636,549.9830508474577,3244.9
SOOP,상어녀,85.4,97,115,50,44.8,571,232.15401785714286,10400.5
SOOP,우리밍_,88.4,104,110,59,34.3,530,255.9387755102041,8778.7
치지직,멋사,89,85,82,98,6.6,731,461.3636363636364,3045
치지직,류제홍S,89,89,64,114,4.3,705,570.5348837209302,2453.3
SOOP,한남맛종욱,89.8,123,114,49,45.6,436,235.6688596491228,10746.5
SOOP,견자희,91.4,111,120,53,45.5,479,224.63736263736263,10221
치지직,남봉,92.4,72,79,116,5,897,472.28,2361.4
치지직,에땁01,92.8,128,106,62,29.5,406,285.19322033898305,8413.2
SOOP,기뉴다,93.4,65,60,141,2.9,1019,623.8965517241379,1809.3
치지직,이선생,93.6,122,109,64,27.3,437,276.7032967032967,7554
치지직,일루전입니다,98.8,88,117,86,18.7,711,229.33689839572193,4288.6
SOOP,하루묭.,99.2,106,132,63,37.6,517,213.72340425531914,8036
SOOP,칸_김동하,100.4,56,153,70,40,1195,173.4625,6938.5
SOOP,나나문,102,120,112,83,19.8,453,242.71212121212122,4805.7
SOOP,블랙워크,102.2,61,75,150,3.3,1098,495.3030303030303,1634.5
SOOP,쥐돌이쥐돌이,102.8,46,165,69,47.1,1501,148.4288747346072,6991
치지직,바이올렛잇고,103.2,114,92,109,7,473,356.48571428571427,2495.4
SOOP,앵지,104.2,133,126,68,32.5,384,218.28923076923076,7094.4
SOOP,꿀탱탱,104.6,125,144,55,52.1,425,187.489443378119,9768.2
치지직,설백,105.4,109,87,122,5.8,498,379.13793103448273,2199
SOOP,진성준짱,106,140,135,60,42.9,325,203.04662004662003,8710.7
SOOP,민결희,106.2,77,65,162,2.5,802,569.52,1423.8
SOOP,파니_,107.4,119,143,66,39.5,454,188.0379746835443,7427.5
SOOP,모카:b,109,73,124,112,11.2,861,220.96428571428572,2474.8
치지직,아야 AYA,109.2,76,116,119,10,806,230.44,2304.4
치지직,핑맨,109.2,78,51,183,1.5,792,734.9333333333333,1102.4
치지직,양아지,110.6,79,55,182,1.6,766,691.9375,1107.1
SOOP,성기사샬롯,112,92,121,113,11,654,224.57272727272726,2470.3
SOOP,유설아♡,112.8,108,108,120,8,500,280.5,2244
치지직,눈꽃,113.4,99,113,121,9.3,570,238.67741935483872,2219.7
SOOP,안산저격수,114.2,117,156,71,40.3,459,167.56079404466502,6752.7
SOOP,뮤즈_MUSE,115,95,146,94,17.8,613,183.47191011235955,3265.8
SOOP,베베리,115.6,112,98,135,5.9,478,320.93220338983053,1893.5
치지직,행돌,115.8,91,70,174,2.5,684,510.88,1277.2
치지직,쪼낙,117.8,117,157,79,32.8,459,167.3079268292683,5487.7
SOOP,빙밍_,118.8,126,131,103,12.6,420,213.82539682539684,2694.2
치지직,Akaros83,118.8,130,133,99,13.8,404,212.1014492753623,2927
치지직,방찌,119,71,67,195,1.8,926,553.2222222222222,995.8
SOOP,한둬얼,119.4,93,73,179,2.3,643,503.4782608695652,1158
치지직,볼가지 bug,119.4,141,147,81,29.7,320,182.5016835016835,5420.3
SOOP,박나닝,121.2,150,150,78,31.5,296,178.2825396825397,5615.9
치지직,류시호 RyuSiho,121.4,105,85,166,3.3,518,424.6060606060606,1401.2
SOOP,데스해머쵸로,124.6,115,105,149,5.8,470,290.6551724137931,1685.8
SOOP,태영♥,124.8,82,61,210,1.4,746,614.2857142857143,860
치지직,쟁구임,126.2,127,91,161,4,418,357.75,1431
SOOP,햇비,127,81,54,223,1.1,750,693.0909090909091,762.4
SOOP,으냉이,128,102,88,181,3,545,376.43333333333334,1129.3
치지직,선데이1,128.8,136,158,96,18.6,356,166.05913978494624,3088.7
SOOP,문모모,131.2,148,179,75,48.8,305,122.94057377049181,5999.5
치지직,담유이,131.2,116,102,168,4.4,462,308.97727272727275,1359.5
치지직,이로나묭 치카,134.4,124,89,185,3,430,365.93333333333334,1097.8
SOOP,초롱CH0R0NG,135.2,156,136,124,10.6,282,202.17924528301887,2143.1
SOOP,서나앙,135.8,121,162,117,14.6,447,160.76027397260273,2347.1
SOOP,김세노,137.2,100,134,159,7.1,569,205.11267605633802,1456.3
치지직,해마티엘,137.4,101,151,142,10.1,567,176.40594059405942,1781.7
SOOP,깡담비,137.8,129,192,88,38,405,107.9578947368421,4102.4
SOOP,수힛,138.4,142,142,133,10.1,315,190.07920792079207,1919.8
치지직,윤산삼,142.4,170,161,110,15.3,246,162.84313725490196,2491.5
SOOP,키이세,143,113,129,172,6,476,216.55,1299.3
SOOP,stalk3row,143.2,160,141,137,9.8,272,190.10204081632654,1863
SOOP,구루미:9,143.8,103,163,145,11.1,543,159.3063063063063,1768.3
SOOP,모요,145.2,162,185,97,26.8,262,114.88059701492537,3078.8
SOOP,디임,145.6,80,71,253,1.2,762,505.6666666666667,606.8
SOOP,사과몽,146.2,145,201,92,35.7,309,96.82633053221288,3456.7
SOOP,유시에,147.6,182,189,89,35.3,210,110.15864022662889,3888.6
SOOP,빡준빈,148.8,176,154,130,11.5,227,170.11304347826086,1956.3
치지직,갓샤인2,151.4,151,111,192,4.1,292,253.78048780487805,1040.5
치지직,큐베 CuVee,153,97,83,251,1.4,571,458.64285714285717,642.1
치지직,새 담,154.2,179,188,108,22.4,220,111.875,2506
치지직,인간젤리,155.2,132,95,227,2.2,397,339.6818181818182,747.3
치지직,유후의피아노래,156.4,166,152,156,8.5,250,174.11764705882354,1480
SOOP,류제홍1,157.2,144,127,194,4.6,310,218.08695652173913,1003.2
치지직,펠리칸인디용,157.8,197,191,105,24.2,180,108.6694214876033,2629.8
치지직,주루,158.4,186,202,101,29.8,200,95.91275167785236,2858.2
치지직,형 독,159,143,125,201,4.2,311,220,924
SOOP,임하밍,159.4,163,169,148,12,261,141.68333333333334,1700.2
SOOP,또오냥♥,160.6,147,181,147,14.3,307,119.32167832167832,1706.3
치지직,비올레타 모네,161.4,157,122,203,4.1,278,223.09756097560975,914.7
SOOP,사내.박재박,161.8,109,103,247,2.2,498,297.54545454545456,654.6
치지직,김동학,162.8,152,178,153,12,287,127.3,1527.6
치지직,나무늘보OW,162.8,206,198,106,25.7,162,101.88326848249027,2618.4
치지직,댕 균,166.4,164,164,170,8.7,253,151.4022988505747,1317.2
SOOP,빅토리~!,167.6,154,138,204,4.6,284,198.7173913043478,914.1
SOOP,목츄리,167.6,154,219,123,26.7,284,81.61423220973782,2179.1
치지직,위구리,167.8,131,99,255,1.9,400,318.3157894736842,604.8
SOOP,걸뽀★,168.4,158,140,202,4.7,276,196.27659574468086,922.5
치지직,짜누1,168.6,153,172,173,9.3,285,137.70967741935485,1280.7
SOOP,딴딴2당,169.8,181,247,87,62.6,211,67.03993610223642,4196.7
치지직,삐라입니다,172,212,190,134,17.6,146,108.98295454545455,1918.1
치지직,아이치,172.4,178,187,155,13.3,223,113.69924812030075,1512.2
SOOP,라로시_,172.6,177,168,175,9,224,141.82222222222222,1276.4
SOOP,하나나,172.8,138,199,164,14,339,100.67142857142858,1409.4
SOOP,홍현성.,173.2,184,197,144,17.4,208,102.183908045977,1778
SOOP,aidragon,173.8,189,186,154,13.3,193,113.796992481203,1513.5
SOOP,마로니!,175,139,107,261,2,326,283.9,567.8
치지직,루 다,175.8,159,130,230,3.4,274,213.91176470588235,727.3
치지직,권세이,176,216,194,138,17.8,141,104.28651685393258,1856.3
치지직,은뿌,178.2,165,175,188,8.1,252,131.28395061728395,1063.4
치지직,디엠이무니다,178.4,202,209,136,20.6,168,91.45145631067962,1883.9
치지직,제이큐브 JCUBE,179.2,198,224,125,27.5,178,75.78181818181818,2084
SOOP,라무,180.4,196,182,171,11.2,181,117.1875,1312.5
치지직,용봉탕,181.4,215,203,143,18.6,143,95.73118279569893,1780.6
치지직,Proud,182.6,149,166,216,5.5,303,148.01818181818183,814.1
치지직,치요우,182.6,171,193,178,11.3,244,106.09734513274336,1198.9
치지직,한스토리,185.2,210,240,118,34,155,68.78823529411764,2338.8
SOOP,HyuN.고석현,186,192,183,186,9.2,191,116.94565217391305,1075.9
치지직,아론페이지,187.2,190,184,189,9.1,192,116.31868131868131,1058.5
치지직,내가미라지,187.6,190,214,160,16.9,192,85.77514792899409,1449.6
SOOP,윤이샘,187.6,172,149,234,4,242,178.775,715.1
SOOP,HeeSang3,189.8,183,171,212,6.1,209,139.08196721311475,848.4
치지직,멜랴,192.2,227,227,140,24.6,126,74.1260162601626,1823.5
치지직,ㅇ연이ㅇ,192.6,145,118,291,2.1,309,227.9047619047619,478.6
치지직,세노 SEN5,193.4,193,167,220,5.4,190,144.5185185185185,780.4
치지직,와팬,194,222,243,131,28.8,134,67.85416666666667,1954.2
치지직,슈이입니다,194.4,218,248,129,29.7,140,66.82491582491582,1984.7
SOOP,oPuTo,196.2,225,252,126,31.2,129,65.38461538461539,2040
SOOP,립LIP,199.6,204,180,217,6.4,167,122.4375,783.6
치지직,쿨 쿨 이,203,221,234,163,19.9,136,71.33668341708542,1419.6
치지직,사야플,206.4,228,245,157,21.8,125,67.24311926605505,1465.9
SOOP,떵규_,209.2,224,200,211,8.7,130,98.28735632183908,855.1
SOOP,김규태,211,175,242,198,14,233,68.16428571428571,954.3
치지직,근모닝,211.2,250,275,128,36.7,102,54.3133514986376,1993.3
치지직,마지나이 쿠로카,213.4,199,176,258,4.4,172,130.36363636363637,573.6
SOOP,히츠메,215.2,200,238,200,13.6,170,69.27941176470588,942.2
SOOP,김웰로,215.4,259,251,158,22.2,98,65.86936936936937,1462.3
SOOP,마다옴_,215.8,135,93,379,0.9,364,353.1111111111111,317.8
SOOP,디엠이무니다,216.4,218,286,146,34.3,140,50.3002915451895,1725.3
SOOP,준바,217,205,241,199,13.8,163,68.4927536231884,945.2
SOOP,체비_,220.4,230,239,197,13.9,122,68.90647482014388,957.8
SOOP,유키라,221.8,107,81,420,0.6,515,466.8333333333333,280.1
치지직,텝텝,224.2,231,216,229,8.7,120,85.183908045977,741.1
치지직,김덕만 KDM,226.6,167,155,328,2.4,249,168.25,403.8
SOOP,망개♪,228.6,257,228,215,11.1,99,73.84684684684684,819.7
치지직,레비얀 Leviyan,229.8,233,225,233,9.5,119,75.76842105263158,719.8
SOOP,장지수,232,194,160,323,2.5,185,163.84,409.6
SOOP,미로。,232.4,220,205,266,5.8,138,93.84482758620689,544.3
치지직,Sley,233,253,279,177,23.3,101,52.648068669527895,1226.7
치지직,자몽뀨1,235,237,229,240,9.5,118,73.4,697.3
SOOP,마냥_,235.4,179,137,362,1.7,220,199.41176470588235,339
SOOP,한아밍,235.8,223,327,151,41.8,133,38.65071770334928,1615.6
치지직,플 레 타,235.8,201,196,293,4.6,169,102.56521739130434,471.8
SOOP,앨리스얌,236.2,187,159,338,2.3,198,164.91304347826087,379.3
치지직,쾅준,237,169,123,385,1.4,247,222,310.8
SOOP,냥냥두둥,239,253,236,235,10,101,71.01,710.1
SOOP,쪼이.,241,245,258,222,12.4,105,62.25,771.9
SOOP,쿠우♪,242.8,174,148,372,1.8,239,180.11111111111111,324.2
치지직,Uann 유안,244.4,244,302,187,24,106,44.675,1072.2
SOOP,춘봉_,244.8,272,263,213,14.2,86,59.65492957746479,847.1
치지직,네이키드 naked,245.2,276,244,231,10.7,82,67.3644859813084,720.8
치지직,알파이입니다,246.4,240,253,243,10.4,115,64.1923076923077,667.6
SOOP,하루비_,247,245,235,260,8,105,71.0875,568.7
치지직,게구리,247.2,216,195,315,4.1,141,103.8048780487805,425.6
치지직,이무지,247.4,161,139,399,1.5,269,197.86666666666667,296.8
SOOP,하두링,247.8,211,170,344,2.6,153,141.46153846153845,367.8
치지직,해나 Haena,252.2,209,250,276,7.8,156,66.2051282051282,516.4
SOOP,유후피아노래,253.6,228,268,252,11.1,125,57.04504504504504,633.2
SOOP,김쁘피,257.4,263,262,250,10.8,95,59.666666666666664,644.4
SOOP,남수댕,257.8,195,173,374,2.4,184,134,321.6
치지직,쿠레나이 나츠키,259.6,134,90,492,0.6,381,360,216
SOOP,최은뽀1,259.6,208,249,296,7,159,66.44285714285714,465.1
SOOP,현단아v,261.6,296,299,207,19.4,72,45.3041237113402,878.9
치지직,헤이 heyy,261.8,331,320,169,33.1,60,40.45921450151057,1339.2
치지직,콩콩,261.8,261,298,226,16.5,96,45.38787878787879,748.9
치지직,빅박스,264.4,256,276,257,10.6,100,54.25471698113208,575.1
치지직,따람지,265.4,301,285,228,14.7,69,50.70068027210884,745.3
SOOP,정다니,266.8,276,345,184,31.6,82,34.81012658227848,1100
SOOP,야무지♪,268.4,314,300,214,18.3,66,45.060109289617486,824.6
치지직,야켓,268.8,306,354,165,43.1,68,32.64269141531322,1406.9
SOOP,♡소유나♡,269.4,253,215,332,4.6,101,85.71739130434783,394.3
SOOP,거대별,271,231,220,342,4.6,120,80.30434782608695,369.4
SOOP,MAX?,273.8,237,208,358,3.8,118,91.63157894736842,348.2
SOOP,〃라미〃,274,202,213,371,3.8,168,85.8157894736842,326.1
SOOP,송소미!,274.2,267,307,245,15,93,43.72666666666667,655.9
치지직,하예솜,274.8,360,355,152,48.5,53,32.63917525773196,1583
SOOP,구보라,275.8,273,255,298,7.1,85,63.36619718309859,449.9
치지직,비행돼지,277.4,245,204,367,3.5,105,94.65714285714286,331.3
SOOP,치요∀,277.4,243,212,360,3.9,107,87.51282051282051,341.3
SOOP,비숑b,277.6,314,296,241,15,66,45.48,682.2
SOOP,류키∀,283.2,284,288,278,10.3,79,50,515
SOOP,데이드림,283.6,242,210,378,3.5,108,91.08571428571429,318.8
SOOP,진호.,288,308,390,176,40.7,67,30.167076167076168,1227.8
SOOP,곽춘식,291,349,328,225,20,57,37.86,757.2
치지직,쏭이,292.6,331,361,205,28.4,60,32.16549295774648,913.5
치지직,전게,292.6,377,416,127,70.5,50,28.30496453900709,1995.5
치지직,무화 Moohwa,296.2,331,436,139,68.8,60,26.9375,1853.3
SOOP,리냐_LINYA,296.6,301,274,317,7.8,69,54.37179487179487,424.1
SOOP,서한결,296.8,380,441,111,95.7,49,25.90491118077325,2479.1
치지직,이복만,297.2,374,363,193,31.4,51,32.09872611464968,1007.9
SOOP,힌콕,298.8,260,217,400,3.5,97,84.51428571428572,295.8
SOOP,설설설=333,300.2,233,502,132,86.8,119,22.157834101382488,1923.3
치지직,Kaiser카이저,301.6,308,364,236,22.1,67,32.04977375565611,708.3
치지직,시메빈,302.2,287,291,321,8.8,77,47.36363636363637,416.8
SOOP,구슬요,303.4,207,174,481,1.7,161,131.41176470588235,223.4
SOOP,김군,304.6,327,402,196,33.9,61,29.05604719764012,985
SOOP,호미밍,305.2,346,326,264,14,58,39.27142857142857,549.8
치지직,초깨비,306.6,321,293,313,9.3,64,46.46236559139785,432.1
SOOP,성하늘,307,349,403,190,36.2,57,29.00828729281768,1050.1
치지직,유우스즈 무무,308.8,172,128,558,0.8,242,216.625,173.3
치지직,김정민 해변킴,311.4,233,297,365,7.4,119,45.432432432432435,336.2
치지직,월킹,312.6,269,257,390,4.9,90,62.3469387755102,305.5
치지직,먀 리린,312.6,271,222,424,3.6,89,76.77777777777777,276.4
SOOP,김하선,312.8,268,264,384,5.3,92,58.679245283018865,311
치지직,owheesung,314.6,317,349,279,15,65,34.06,510.9
SOOP,미현영♡,316.8,314,284,351,7,66,50.75714285714286,355.3
SOOP,바먀,319.2,340,407,221,27,59,28.7,774.9
SOOP,아뚱.,319.8,301,309,340,8.6,69,43.604651162790695,375
치지직,두뭉,321.4,233,211,476,2.5,119,90.44,226.1
SOOP,뽀끔o3o,322,380,397,218,26.5,49,29.550943396226415,783.1
치지직,판누,324.6,349,389,248,21.4,57,30.322429906542055,648.9
SOOP,손승아_♥,324.8,288,325,343,9.4,76,39.287234042553195,369.3
SOOP,이스타추멘!,324.8,274,237,438,3.7,83,69.62162162162163,257.6
치지직,smurf5,326.2,331,341,309,12.2,60,35.614754098360656,434.5
치지직,감수,328.2,331,418,237,24.9,60,28.248995983935743,703.4
SOOP,빵땅콩,328.8,340,303,349,8.2,59,44.170731707317074,362.2
치지직,마무 Mamuu,329,299,266,407,5,71,57.76,288.8
SOOP,공태연,330.4,274,260,429,4.4,83,61.79545454545455,271.9
치지직,서벌캣 례이,331,301,374,303,14.3,69,31.244755244755243,446.8
SOOP,백송_,331,355,367,283,15.8,56,31.575949367088608,498.9
치지직,체크메이트입니다,335,237,230,489,3,118,72.83333333333333,218.5
치지직,김민재05,336.8,296,314,380,7.5,72,41.84,313.8
SOOP,김배키이,337.8,363,311,352,8.3,52,42.69879518072289,354.4
치지직,도이입니다,338.6,359,360,307,13.6,54,32.294117647058826,439.2
SOOP,vi9ilante,343.2,308,292,412,6.1,67,46.78688524590164,285.4
SOOP,라벤_,344.4,340,290,401,6.2,59,47.693548387096776,295.7
SOOP,딩굴♡,345.2,424,412,239,24.6,42,28.38617886178862,698.3
SOOP,보리담,345.2,424,352,299,13.7,42,32.824817518248175,449.7
SOOP,이루희,346.4,250,330,411,7.7,102,37.116883116883116,285.8
치지직,기령,346.8,288,261,462,3.9,76,60.15384615384615,234.6
SOOP,다뮤_,347.8,407,399,267,18.3,44,29.442622950819672,538.8
SOOP,owesportsjp,348.6,327,449,259,22.5,61,25.395555555555557,571.4
SOOP,애디_,349.2,280,254,479,3.5,81,63.94285714285714,223.8
치지직,Lup1ne,349.2,296,507,218,35.6,72,21.997191011235955,783.1
치지직,해옥 HAEOK,350.4,424,346,318,12.3,42,34.300813008130085,421.9
SOOP,찌미♥,352.8,398,492,191,46.7,45,22.383297644539613,1045.3
SOOP,하이요,353,301,269,463,4.1,69,57.02439024390244,233.8
SOOP,난초.,355.6,324,295,432,5.8,63,46.327586206896555,268.7
SOOP,낭니♥,356.8,184,145,655,0.7,208,186.71428571428572,130.7
SOOP,우냥v,357.4,363,351,361,10.1,52,33.57425742574257,339.1
치지직,머라냥 I Meolanyang,359.6,250,550,224,38.1,102,19.910761154855642,758.6
SOOP,냥쏘,360,398,338,363,9.4,45,35.92553191489362,337.7
SOOP,달타!,360.2,281,223,537,2.4,80,76.20833333333333,182.9
SOOP,꼬부기07.,361.2,188,423,386,11.2,196,27.696428571428573,310.2
치지직,용사98,361.4,355,425,301,16.3,56,27.460122699386503,447.6
치지직,로쥬마리,362.8,276,381,388,9.9,82,30.90909090909091,306
SOOP,햄쏘따,362.8,436,370,319,13.4,41,31.455223880597014,421.5
SOOP,김병살,367.8,317,278,483,4.2,65,53.11904761904762,223.1
SOOP,반히._.,368.8,484,472,208,36.9,35,23.712737127371273,875
SOOP,란쵸_,369.4,407,445,275,20.2,44,25.60891089108911,517.3
치지직,쫑 민,370.4,424,388,326,13.4,42,30.529850746268657,409.1
SOOP,도화εз,371.8,407,410,316,14.9,44,28.51006711409396,424.8
SOOP,잼율이,372,308,281,495,4.1,67,51.829268292682926,212.5
치지직,AKA 아카,373.8,363,586,167,74.3,52,18.850605652759086,1400.6
SOOP,버드_♥,376.6,317,272,511,3.6,65,54.861111111111114,197.5
치지직,은가비v,376.6,263,308,502,4.7,95,43.659574468085104,205.2
SOOP,왁파고_,377,249,218,600,1.8,103,84.27777777777777,151.7
SOOP,강희또,378.2,363,405,359,12,52,28.791666666666668,345.5
치지직,벨로스레아,378.2,363,450,314,16.9,52,25.36094674556213,428.6
SOOP,바름이ϐ,379.8,363,495,273,23.3,52,22.36480686695279,521.1
치지직,화이트fps,382,424,471,272,22.3,42,23.730941704035875,529.2
SOOP,한비。,382.4,398,432,325,15.1,45,27.105960264900663,409.3
SOOP,김옥독,384.6,241,460,381,12.9,110,24.31782945736434,313.7
치지직,한나금,384.8,390,401,366,11.4,47,29.31578947368421,334.2
SOOP,오봉구,385,349,373,415,9.1,57,31.263736263736263,284.5
치지직,숀쟝,385.6,294,321,496,5.2,74,40.34615384615385,209.8
치지직,얼도우,386.8,390,509,263,25.4,47,21.91732283464567,556.7
SOOP,초귀요미,387,331,289,513,4,60,49,196
SOOP,초아♬,387.2,360,484,304,19.3,53,23.05699481865285,445
치지직,WhoRU01,387.2,276,277,553,3.3,82,53.90909090909091,177.9
치지직,메메s,390.2,455,539,209,42.4,38,20.287735849056602,860.2
SOOP,채윤아,390.8,394,366,414,9,46,31.622222222222224,284.6
치지직,삐제리,390.8,474,448,292,18.6,36,25.483870967741936,474
SOOP,개리∀,390.8,380,322,465,5.8,49,40.03448275862069,232.2
SOOP,이지한@,391.8,325,392,425,9.2,62,29.91304347826087,275.2
SOOP,섄디한,393,167,357,542,5.6,249,32.44642857142857,181.7
치지직,GgulTaek,393.2,284,306,535,4.2,79,43.857142857142854,184.2
SOOP,이지수^^*,394.4,398,377,410,9.2,45,31.07608695652174,285.9
SOOP,나몽♥,395.6,484,477,270,22.7,35,23.45374449339207,532.4
치지직,옵쪽이,396.8,436,520,254,28.4,41,21.330985915492956,605.8
치지직,미르다요,397.6,248,246,624,2.1,104,67.04761904761905,140.8
SOOP,호발☆,397.6,288,273,577,3,76,54.733333333333334,164.2
치지직,유네네 Yunene,398.6,269,256,606,2.4,90,62.375,149.7
SOOP,마우낭,399.6,374,544,268,26.8,51,20.097014925373134,538.6
SOOP,숩니찡,401.6,436,462,324,16.9,41,24.224852071005916,409.4
SOOP,리엘*,402,436,434,353,13.1,41,26.977099236641223,353.4
치지직,마카04,402.2,387,466,346,15.3,48,23.88888888888889,365.5
SOOP,이릴_,406.2,447,482,310,18.8,39,23.069148936170212,433.7
SOOP,heiser72,408.4,380,408,423,9.7,49,28.61855670103093,277.6
SOOP,이투__,409,415,336,479,6.2,43,36.096774193548384,223.8
치지직,광살탄,411.6,484,481,306,19,35,23.157894736842106,440
치지직,히레 hire,411.8,465,456,341,14.9,37,24.97986577181208,372.2
치지직,연곰 YeonGom,415.8,213,207,726,1.2,145,93.16666666666667,111.8
치지직,문창식,416,394,488,355,15.4,46,22.792207792207794,351
치지직,Knife21,416.4,226,206,722,1.2,128,93.5,112.2
SOOP,김뱅글:Þ,417,281,622,280,28.8,80,17.40972222222222,501.4
SOOP,기찬하,417.6,380,353,501,6.3,49,32.65079365079365,205.7
SOOP,김야미♥,418.4,306,310,583,3.7,68,43.513513513513516,161
SOOP,이깨굴,418.8,394,528,322,19.9,46,20.894472361809044,415.8
치지직,다 비,419.6,266,221,695,1.5,94,79.86666666666666,119.8
치지직,TaeJong2,420.2,377,656,206,55.1,50,16.17059891107078,891
SOOP,닌닌_,421.8,321,343,551,5.1,64,35.09803921568628,179
SOOP,연치민,422.4,288,282,630,2.7,76,51.7037037037037,139.6
SOOP,린링,422.8,484,458,357,14.3,35,24.48951048951049,350.2
SOOP,나옹이빵,424.2,455,372,461,7.5,38,31.333333333333332,235
SOOP,따스히,424.4,394,409,455,8.4,46,28.535714285714285,239.7
치지직,샘물남,425.2,436,498,347,16.3,41,22.263803680981596,362.9
치지직,엄덕구1,425.2,424,551,300,22.6,42,19.849557522123895,448.6
SOOP,손진석.,425.4,415,479,377,13.7,43,23.284671532846716,319
SOOP,온네님,427.4,293,232,690,1.7,75,71.58823529411765,121.7
SOOP,낑토순,430.8,538,564,244,34.4,31,19.33139534883721,665
SOOP,달해,431.4,407,331,544,4.9,44,37,181.3
SOOP,아이코_,431.6,424,385,482,7.3,42,30.589041095890412,223.3
SOOP,수수한세리,432.6,363,463,437,10.7,52,24.1588785046729,258.5
치지직,플라이96,433.4,263,233,719,1.6,95,71.5,114.4
치지직,축닭이,434,390,443,447,9.5,47,25.68421052631579,244
SOOP,아칸_,435.4,261,319,639,3.4,96,40.5,137.7
SOOP,차투리,436,474,427,426,10,36,27.37,273.7
치지직,킴쿼카,436,424,698,180,76.3,42,15.00262123197903,1144.7
치지직,혤캉,436.4,374,365,539,5.7,51,32,182.4
SOOP,하티하티,436.6,497,493,350,16,34,22.38125,358.1
치지직,귤 복 복,438.8,358,315,603,3.6,55,41.77777777777778,150.4
SOOP,르미루~,439,281,662,295,29.2,80,16.089041095890412,469.8
치지직,워터빈,439.4,363,468,449,10.2,52,23.774509803921568,242.5
SOOP,다시바,439.8,355,313,609,3.5,56,42.2,147.7
SOOP,싸패!,441.8,377,608,308,24.5,50,17.86938775510204,437.8
치지직,Mer1t,442.6,257,231,747,1.5,99,71.93333333333334,107.9
치지직,중괄호,442.8,294,267,693,2.1,74,57.38095238095238,120.5
치지직,기므동그,445.8,327,283,668,2.5,61,50.88,127.2
치지직,Gen111,446.6,325,422,532,6.7,62,27.746268656716417,185.9
SOOP,네이!,447.2,520,467,391,12.7,32,23.874015748031496,303.2
SOOP,뽀꿈_,449.8,415,522,395,14.1,43,21.24822695035461,299.6
SOOP,김성진_,449.8,509,435,435,9.7,33,26.948453608247423,261.4
치지직,포포포포 POPOPOPO,453.4,137,94,971,0.2,351,341,68.2
SOOP,김무무,454.2,633,563,256,30.8,25,19.386363636363637,597.1
치지직,데자뷰12,455.8,415,627,305,25.5,43,17.31764705882353,441.6
SOOP,키젤_,457.6,558,596,269,29.1,29,18.371134020618555,534.6
치지직,롱이롱,461.2,340,335,648,3.7,59,36.189189189189186,133.9
SOOP,문콩_,462.2,497,437,470,8.6,34,26.674418604651162,229.4
SOOP,호냥2,462.8,520,524,373,15.3,32,21.15686274509804,323.7
SOOP,청링고,464,520,518,382,14.5,32,21.46896551724138,311.3
SOOP,뚜닝,464.6,551,553,333,19.9,30,19.78894472361809,393.8
SOOP,만조,465.4,509,607,302,24.9,33,17.96385542168675,447.3
SOOP,쏭이♥,465.4,455,356,580,5,38,32.5,162.5
SOOP,후룽카카,466.6,455,439,500,7.9,38,26.063291139240505,205.9
SOOP,시즈애,468.4,596,591,282,27.1,27,18.45387453874539,500.1
치지직,훈톨이,468.4,538,653,249,39.7,31,16.29471032745592,646.9
SOOP,똘복!,468.4,520,575,336,20.3,32,19.11822660098522,388.1
SOOP,썬양♥,469.2,474,384,552,5.8,36,30.75862068965517,178.4
치지직,얌록,470.6,509,690,232,47.4,33,15.18776371308017,719.9
SOOP,얀시로,471,455,379,571,5.4,38,30.98148148148148,167.3
SOOP,김세아,471,465,473,472,9.6,37,23.677083333333332,227.3
치지직,유제이와 고양이,471.2,520,637,281,29.5,32,16.972881355932202,500.7
SOOP,시몽＇^＇,471.8,407,347,629,4.1,44,34.09756097560975,139.8
치지직,나나는못말려,473,551,645,262,33.6,30,16.616071428571427,558.3
SOOP,아눙,474.2,321,619,406,16.6,64,17.451807228915662,289.7
SOOP,꼼모리,474.6,331,294,727,2.4,60,46.375,111.3
치지직,욤미 Yommi,477.4,447,483,487,9.5,39,23.063157894736843,219.1
치지직,에이드3,478,398,395,601,5.1,45,29.686274509803923,151.4
치지직,나나링 Nanaring,478.8,308,280,763,2,67,52.6,105.2
SOOP,코태,480.8,520,452,490,8.6,32,25.197674418604652,216.7
SOOP,홍길순,481.4,455,359,617,4.5,38,32.31111111111111,145.4
SOOP,요요에요∀,482.8,308,259,794,1.6,67,61.9375,99.1
SOOP,현주♥,484.4,616,583,320,22.2,26,18.936936936936938,420.4
SOOP,사봉디,487.6,520,537,422,13.6,32,20.441176470588236,278
SOOP,고미호♡,491.4,497,506,474,10.3,34,22.02912621359223,226.9
SOOP,백청미,491.6,390,323,711,2.9,47,39.827586206896555,115.5
SOOP,기나,492.2,577,549,393,15.1,28,19.966887417218544,301.5
치지직,페오 PEO,493.8,509,649,331,24.1,33,16.439834024896264,396.2
치지직,TTia 띠아,494.2,455,599,409,15.7,38,18.24203821656051,286.4
치지직,강오목,495,363,317,739,2.7,52,40.55555555555556,109.5
SOOP,또야몽,496,558,442,519,7.4,29,25.72972972972973,190.4
치지직,배빛,496,558,668,293,29.5,29,15.99322033898305,471.8
SOOP,류헤나,496.4,484,386,613,4.8,35,30.583333333333332,146.8
SOOP,뿌요,497,331,265,812,1.6,60,58.4375,93.5
SOOP,맛지!,497.8,465,400,612,5,37,29.4,147
SOOP,큐티섹시♪,500.6,447,474,554,7.5,39,23.64,177.3
치지직,이수민05,501,415,476,569,7.1,43,23.619718309859156,167.7
SOOP,김민혁-,501.8,497,585,421,14.8,34,18.91891891891892,280
SOOP,치유+,502.8,484,531,484,10.7,35,20.80373831775701,222.6
SOOP,깅미잉,503.4,577,565,405,15.1,28,19.33112582781457,291.9
SOOP,김나오!,504,520,453,547,7.2,32,25.09722222222222,180.7
SOOP,마링유,504.2,551,497,488,9.8,30,22.306122448979593,218.6
치지직,세찬 SECHAN,506.2,363,559,525,9.6,52,19.5625,187.8
SOOP,구본좌,506.4,538,712,285,33.4,31,14.823353293413174,495.1
치지직,람보람1,508.6,299,421,701,4.2,71,28.047619047619047,117.8
SOOP,루디딕,509.6,520,487,527,8.2,32,22.841463414634145,187.3
SOOP,연보라♥,512,424,339,729,3.1,42,35.806451612903224,111
SOOP,퓨리1,514.2,415,788,290,37.4,43,12.855614973262032,480.8
치지직,최윤주,515.4,551,597,416,15.5,30,18.27741935483871,283.3
치지직,드로시,516.4,424,489,590,6.9,42,22.63768115942029,156.2
SOOP,감초♥,518.8,520,560,477,11.5,32,19.51304347826087,224.4
치지직,프로펫 Prophet,520.2,363,350,769,3.1,52,33.58064516129032,104.1
치지직,난선미,520.8,520,753,289,35,32,13.762857142857143,481.7
치지직,코코론,523.6,398,329,781,2.7,45,37.77777777777778,102
SOOP,우엉,524.4,520,525,526,8.9,32,21.06741573033708,187.5
SOOP,성장,525.2,346,362,778,3.2,58,32.125,102.8
SOOP,비현_Vhyun,526.8,520,413,644,4.8,32,28.375,136.2
치지직,kspoa,527.8,497,604,467,12.8,34,18.0546875,231.1
SOOP,해봄♡,529.4,407,420,700,4.2,44,28.095238095238095,118
SOOP,돌애정,531.2,538,588,471,12.2,31,18.688524590163933,228
SOOP,323,532.6,447,348,760,3.1,39,34.096774193548384,105.7
SOOP,루센_,533.6,538,566,499,10.8,31,19.287037037037038,208.3
SOOP,카코_,533.8,497,411,675,4.4,34,28.5,125.4
SOOP,후와,536.8,538,438,635,5.2,31,26.653846153846153,138.6
치지직,뽀융쨩,536.8,340,305,867,1.9,59,43.94736842105263,83.5
SOOP,볼가지,538.8,616,705,334,26.4,26,14.909090909090908,393.6
치지직,배그하는 백곰씨,538.8,484,581,524,9.9,35,19,188.1
치지직,벨라짱,540.4,616,759,284,36.3,26,13.677685950413224,496.5
SOOP,서윤,540.6,633,643,392,17.9,25,16.854748603351954,301.7
SOOP,연아리.,541,407,629,520,11,44,17.29090909090909,190.2
치지직,고보미,541.2,288,646,563,10.3,76,16.601941747572816,171
SOOP,앙다봉=♥,542.2,659,574,452,12.6,24,19.11904761904762,240.9
SOOP,히마리♥,542.6,659,623,404,16.8,24,17.38095238095238,292
SOOP,지유_♥,543.6,616,593,458,12.9,26,18.434108527131784,237.8
SOOP,푸마고치,544.6,415,376,778,3.3,43,31.151515151515152,102.8
치지직,멜 이,547.4,497,603,517,10.6,34,18.09433962264151,191.8
SOOP,비비-3-,547.8,679,743,287,35.1,23,14.017094017094017,492
SOOP,김막댕,548.6,633,615,440,14.5,25,17.593103448275862,255.1
SOOP,우히,549.4,771,717,271,36,20,14.71111111111111,529.6
SOOP,상득,551.4,465,573,573,8.7,37,19.137931034482758,166.5
SOOP,금시키,552.2,633,767,297,33.2,25,13.55722891566265,450.1
SOOP,_펠릭스,553,679,675,368,21,23,15.747619047619047,330.7
치지직,선준,553.2,346,318,892,2,58,40.55,81.1
SOOP,히누히누,553.8,331,271,948,1.3,60,54.92307692307692,71.4
치지직,도로롱 ow,554.2,327,548,674,6.3,61,19.96825396825397,125.8
SOOP,연우얌z,554.8,736,781,238,53.7,21,13.063314711359403,701.5
치지직,아 즈 AZ,555,213,177,1104,0.4,145,129.75,51.9
SOOP,영감__,556,520,457,673,5.1,32,24.745098039215687,126.2
SOOP,냥가링,556,708,701,335,26.3,22,14.923954372623575,392.5
SOOP,다룽.,556.4,424,340,839,2.5,42,35.64,89.1
SOOP,밀크티냠,558.6,465,414,750,3.8,37,28.342105263157894,107.7
SOOP,도담히,560,558,451,670,5,29,25.3,126.5
SOOP,설레지히,560,708,800,246,51.5,22,12.732038834951457,655.7
치지직,킴이슬,565.6,538,728,417,19.6,31,14.41326530612245,282.5
치지직,광배언니,565.6,520,704,450,16.2,32,14.91358024691358,241.6
SOOP,찬이,565.6,558,538,597,7.5,29,20.293333333333333,152.2
SOOP,광수야.,566.6,679,617,460,13.4,23,17.559701492537314,235.3
SOOP,스노,568,616,571,541,9.5,26,19.178947368421053,182.2
SOOP,채하,569.2,596,558,567,8.6,27,19.593023255813954,168.5
치지직,어스키,569.2,340,333,920,2.1,59,36.38095238095238,76.4
SOOP,띠꾸♥,569.4,551,552,596,7.7,30,19.805194805194805,152.5
SOOP,히키☆,572.8,484,393,797,3.3,35,29.757575757575758,98.2
SOOP,도라임,576.6,771,770,286,36.7,20,13.46866485013624,494.3
SOOP,호진맨,577,551,454,713,4.6,30,25.065217391304348,115.3
치지직,양지랖,577,577,651,503,12.4,28,16.362903225806452,202.9
치지직,밍아 MingA,577.4,497,426,769,3.8,34,27.394736842105264,104.1
SOOP,바미__,578.4,558,480,687,5.3,29,23.245283018867923,123.2
치지직,햇밤식,579,465,465,750,4.5,37,23.933333333333334,107.7
치지직,튜티,580.4,484,807,402,23.4,35,12.598290598290598,294.8
SOOP,설채이,581.6,596,496,660,5.8,27,22.32758620689655,129.5
치지직,잗만한라마,582,736,775,312,32.4,21,13.367283950617283,433.1
치지직,라인하르트몽실이,584.6,387,914,354,32.5,48,10.824615384615385,351.8
SOOP,하츠☆,586.8,736,658,441,15.7,21,16.146496815286625,253.5
치지직,르 하,587.6,484,577,650,7,35,19.1,133.7
SOOP,박해원:),587.8,577,687,494,13.9,28,15.29496402877698,212.6
치지직,쪼뭉,588.2,633,757,397,21.8,25,13.706422018348624,298.8
SOOP,최르_,589.8,771,752,337,27.8,20,13.805755395683454,383.8
치지직,인지상지형,591.2,538,534,675,6.1,31,20.557377049180328,125.4
SOOP,딸기슈몽이♡,592.6,577,748,445,17.9,28,13.871508379888269,248.3
SOOP,세기,594.2,577,535,662,6.3,28,20.50793650793651,129.2
SOOP,라거머핀,595,349,312,1001,1.5,57,42.266666666666666,63.4
SOOP,연솔,597,447,387,882,2.7,39,30.555555555555557,82.5
SOOP,하쿠마,598,558,600,616,8,29,18.225,145.8
SOOP,박디라,600.6,509,391,856,2.9,33,30.103448275862068,87.3
SOOP,정뜨_,601.2,708,861,288,41.6,22,11.735576923076923,488.2
SOOP,스위데,601.2,360,287,1036,1.2,53,50.25,60.3
치지직,예티사냥꾼,601.4,577,817,398,24,28,12.383333333333333,297.2
SOOP,츄잉♡,601.6,736,723,413,19.6,21,14.540816326530612,285
SOOP,♡도원♡,602.2,407,324,978,1.7,44,39.411764705882355,67
치지직,실크로,602.6,551,616,615,8.3,30,17.57831325301205,145.9
치지직,녕지,604.4,596,948,265,52.2,27,10.431034482758621,544.5
SOOP,김멘탈,605,805,868,242,57.4,19,11.64459930313589,668.4
SOOP,@시우,606.2,679,719,457,16.2,23,14.697530864197532,238.1
치지직,리네 Renee,606.6,659,793,394,23.5,24,12.8,300.8
SOOP,판다율,607.4,633,873,329,34.7,25,11.512968299711815,399.5
SOOP,상기님,608.8,708,823,345,29.8,22,12.318791946308725,367.1
SOOP,수셈이,610.8,474,625,665,7.4,36,17.33783783783784,128.3
SOOP,떵이。,612,616,602,620,7.9,26,18.164556962025316,143.5
SOOP,자연.,612.4,398,358,974,2.1,45,32.333333333333336,67.9
SOOP,로니세라,613,679,630,563,9.9,23,17.272727272727273,171
치지직,라레몽,613.8,577,580,666,6.7,28,19.029850746268657,127.5
SOOP,지앤*,614,538,431,835,3.3,31,27.12121212121212,89.5
치지직,콩난이,616.4,596,514,729,5.1,27,21.764705882352942,111
SOOP,코코양,619,443,378,948,2.3,40,31.043478260869566,71.4
SOOP,류새콤,621.8,771,703,466,15.5,20,14.916129032258064,231.2
SOOP,쥬멩이,622,558,511,765,4.8,29,21.833333333333332,104.8
치지직,계연화,622.8,596,713,546,12.2,27,14.819672131147541,180.8
치지직,이쿠롬,623,317,270,1129,0.9,65,55.77777777777778,50.2
치지직,사이네코 코나타 Wishing,623.4,509,446,858,3.4,33,25.58823529411765,87
SOOP,백우주,625.4,633,529,718,5.5,25,20.836363636363636,114.6
SOOP,떤디,625.6,596,526,740,5.2,27,21.03846153846154,109.4
SOOP,찐랑,625.8,577,464,812,3.9,28,23.974358974358974,93.5
SOOP,천짱짱이,628.2,805,734,434,18.4,19,14.28804347826087,262.9
치지직,아이스초코1,628.6,679,779,453,18.1,23,13.25414364640884,239.9
SOOP,이쌍도,629.4,659,676,568,10.7,24,15.719626168224298,168.2
SOOP,iR0NY,632.2,443,383,976,2.2,40,30.772727272727273,67.7
SOOP,욱하는형,634.6,497,699,639,9.2,34,14.967391304347826,137.7
SOOP,하밍,637,497,674,670,8,34,15.8125,126.5
SOOP,고채린,638.8,558,587,731,5.9,29,18.76271186440678,110.7
SOOP,임뀨,640.8,616,485,809,4.1,26,23.048780487804876,94.5
SOOP,대장22,641.6,596,679,627,9,27,15.566666666666666,140.1
SOOP,쿠아♪,641.8,679,557,708,5.9,23,19.694915254237287,116.2
치지직,마리owo,641.8,497,419,937,2.6,34,28.192307692307693,73.3
SOOP,리카_,643,771,685,537,11.9,20,15.369747899159664,182.9
SOOP,어네뿅,643.6,558,510,820,4.2,29,21.857142857142858,91.8
치지직,Clovi,643.8,577,965,356,34.5,28,10.168115942028985,350.8
SOOP,히어로레드,647.2,596,469,851,3.7,27,23.756756756756758,87.9
치지직,빛나람 starnaram,647.6,436,380,1021,2,41,30.95,61.9
SOOP,서이지,651.4,659,721,578,11.2,24,14.633928571428571,163.9
SOOP,_콩이_,655.2,708,750,534,13.3,22,13.857142857142858,184.3
SOOP,리베♡,655.8,659,504,806,4.3,24,22.069767441860463,94.9
SOOP,현르시,657,839,949,274,49.9,18,10.422845691382765,520.1
SOOP,단미♠,658.2,633,543,786,5,25,20.24,101.2
SOOP,아즈_,659,839,735,493,15,18,14.266666666666667,214
SOOP,새마요,659.2,708,744,550,12.8,22,14.015625,179.4
SOOP,포커스。,660,736,831,451,19.7,21,12.238578680203046,241.1
치지직,윈 트,661,633,909,427,24.8,25,10.995967741935484,272.7
치지직,김재이,662.8,596,508,851,4,27,21.975,87.9
SOOP,슨미.,663.6,736,613,678,7.1,21,17.64788732394366,125.3
치지직,조개구2임,663.6,474,917,505,18.7,36,10.786096256684491,201.7
SOOP,예린♥,664.8,286,226,1293,0.5,78,74.2,37.1
SOOP,임미레,665.4,771,671,607,9.4,20,15.882978723404255,149.3
SOOP,김뷰니,667,633,638,713,6.8,25,16.955882352941178,115.3
SOOP,냐밍_,668.4,596,633,740,6.4,27,17.09375,109.4
SOOP,네링_,669.6,558,455,940,2.9,29,25.03448275862069,72.6
치지직,카논제이,671.8,679,641,699,7,23,16.9,118.3
SOOP,주드,672.8,736,720,594,10.5,21,14.647619047619047,153.8
치지직,티네케,673,679,741,602,10.7,23,14.11214953271028,151
SOOP,연루아,674.2,771,718,582,11,20,14.709090909090909,161.8
치지직,Akie8,674.4,596,942,446,23.5,27,10.48936170212766,246.5
SOOP,푸닝,674.4,708,771,561,12.9,22,13.410852713178295,173
치지직,하 샤,674.6,679,672,675,7.9,23,15.873417721518987,125.4
SOOP,해파린~,677.2,616,530,855,4.2,26,20.80952380952381,87.4
SOOP,힐링동키,680.2,659,941,430,25.7,24,10.490272373540856,269.6
SOOP,유이담,680.4,736,610,723,6.3,21,17.77777777777778,112
SOOP,앵이,680.6,771,702,614,9.8,20,14.918367346938776,146.2
치지직,쵸꾸미,682,520,430,1015,2.3,32,27.130434782608695,62.4
SOOP,건부1,684,616,523,879,3.9,26,21.23076923076923,82.8
치지직,라붕,684.6,633,554,841,4.5,25,19.77777777777778,89
SOOP,이나라,685.4,839,774,520,14.2,18,13.394366197183098,190.2
치지직,예나츄,685.8,633,689,709,7.6,25,15.263157894736842,116
SOOP,진비유,686,736,636,711,6.8,21,16.985294117647058,115.5
치지직,랑 월,686.2,577,533,894,3.9,28,20.641025641025642,80.5
SOOP,더빙레이디♥,686.8,558,515,923,3.5,29,21.714285714285715,76
SOOP,삐삐♪,687.8,873,855,428,23,17,11.839130434782609,272.3
치지직,앉은태은,687.8,447,974,522,18.9,39,10.005291005291005,189.1
SOOP,치치º^º,688.2,771,631,704,6.8,20,17.176470588235293,116.8
치지직,살균제,689.2,616,1028,387,33.2,26,9.25301204819277,307.2
SOOP,은초롱.,690,736,696,661,8.6,21,15.046511627906977,129.4
치지직,송찐빵,690.6,659,601,796,5.4,24,18.22222222222222,98.4
SOOP,성여올,691.4,465,897,599,13.6,37,11.169117647058824,151.9
치지직,전홀리,693.4,349,304,1255,0.9,57,44,39.6
SOOP,독고공주,693.8,659,512,893,3.7,24,21.783783783783782,80.6
치지직,진짜김꼬비,693.8,577,884,562,15.1,28,11.370860927152318,171.7
SOOP,강띠_,693.8,873,854,444,21.2,17,11.85377358490566,251.3
SOOP,뇽이♥,695,679,626,772,6,23,17.333333333333332,104
치지직,윤우 YunWoo,695.4,805,997,339,39.1,19,9.657289002557544,377.6
치지직,도백,695.6,398,334,1206,1.2,45,36.333333333333336,43.6
치지직,윤니,695.8,633,692,731,7.3,25,15.164383561643836,110.7
SOOP,머라냥,696,596,1073,369,37.7,27,8.750663129973475,329.9
치지직,하 공,696.2,679,731,670,8.8,23,14.375,126.5
치지직,깡재성,696.6,415,371,1163,1.5,43,31.4,47.1
치지직,콩천,701,509,517,981,3.1,33,21.483870967741936,66.6
SOOP,퍼드,702.2,873,883,436,22.9,17,11.384279475982533,260.7
SOOP,셀키_,703.2,708,572,832,4.7,22,19.170212765957448,90.1
SOOP,양지랖,705.2,538,500,994,2.9,31,22.17241379310345,64.3
치지직,조근우,708,616,739,723,7.9,26,14.177215189873417,112
SOOP,뿌리.,709.2,424,424,1137,1.8,42,27.5,49.5
SOOP,오따식,710.6,873,872,468,20,17,11.535,230.7
SOOP,아초라_,710.6,679,605,832,5,23,18.02,90.1
SOOP,희꾸미,712.8,736,736,678,8.8,21,14.238636363636363,125.3
SOOP,힙비,713,679,567,876,4.3,23,19.27906976744186,82.9
SOOP,A1IEN,714,596,546,941,3.6,27,20.055555555555557,72.2
SOOP,설빈달,715.8,771,691,713,7.6,20,15.171052631578947,115.3
SOOP,댕이댕이,717,387,1094,505,23.7,48,8.51054852320675,201.7
SOOP,깅면기,717,805,803,587,12.4,19,12.669354838709678,157.1
치지직,현브,718.4,708,926,516,18.2,22,10.675824175824175,194.3
SOOP,d햄비b,718.6,923,1005,330,41.7,16,9.517985611510792,396.9
SOOP,:신우,719.4,873,906,456,21.7,17,11.018433179723502,239.1
SOOP,림별:),720.6,975,939,375,30.4,15,10.552631578947368,320.8
SOOP,기깔.,721.4,577,461,1054,2.4,28,24.25,58.2
치지직,아 켄,721.8,873,992,376,33,17,9.696969696969697,320
치지직,은하최강태영,722,616,595,902,4.3,26,18.372093023255815,79
SOOP,촌장_고봉,723.6,380,301,1318,0.8,49,44.75,35.8
SOOP,하링!,723.6,596,459,1052,2.4,27,24.458333333333332,58.7
SOOP,엣치쿠,724.6,577,503,1020,2.8,28,22.142857142857142,62
SOOP,셀리아_,724.6,839,833,559,14.2,18,12.19718309859155,173.2
SOOP,니즈__,726.8,708,778,685,9.3,22,13.290322580645162,123.6
SOOP,×야뿌×,729,679,584,899,4.2,23,18.928571428571427,79.5
치지직,꼼댕이,729.2,736,1128,327,50.1,21,8.079840319361278,404.8
SOOP,니코♡,729.2,474,406,1180,1.6,36,28.75,46
SOOP,우이♥,730.6,805,669,755,6.7,19,15.970149253731343,107
치지직,리네양,732,558,1033,518,20.8,29,9.20673076923077,191.5
SOOP,시냐비,733.6,558,444,1111,2,29,25.65,51.3
SOOP,김혀니,734.8,736,663,806,5.9,21,16.084745762711865,94.9
SOOP,모아?,735,659,654,854,5.4,24,16.25925925925926,87.8
치지직,여나몽,735.8,679,1057,443,28.2,23,8.929078014184396,251.8
SOOP,마두,739.8,873,853,560,14.6,17,11.856164383561644,173.1
치지직,티타냥,740.6,873,940,475,21.6,17,10.5,226.8
SOOP,쫄랑이,740.6,659,562,960,3.6,24,19.416666666666668,69.9
SOOP,류버들,741.4,633,499,1038,2.7,25,22.25925925925926,60.1
치지직,아차찹쌀책,744.2,771,880,595,13.4,20,11.417910447761194,153
치지직,탬퍼,744.6,415,1145,509,25.1,43,7.920318725099602,198.8
SOOP,사만다_,746.2,975,1101,277,61.6,15,8.371753246753247,515.7
치지직,스코SKO,747,443,513,1133,2.3,40,21.782608695652176,50.1
치지직,움팡,747.2,736,863,637,11.8,21,11.694915254237289,138
치지직,박진혁3,747.8,577,521,1060,2.7,28,21.296296296296298,57.5
SOOP,아르르_,748.6,577,621,962,4,28,17.425,69.7
SOOP,포로미_,748.6,633,490,1065,2.5,25,22.48,56.2
SOOP,선우도현,749.8,679,618,917,4.4,23,17.522727272727273,77.1
SOOP,화려희,752.6,923,922,498,19.5,16,10.702564102564102,208.7
치지직,세피람,754.4,596,501,1087,2.4,27,22.166666666666668,53.2
SOOP,믹_,754.6,771,657,844,5.5,20,16.163636363636364,88.9
SOOP,주이짱♥,754.6,805,848,636,11.6,19,11.922413793103448,138.3
치지직,희재네케찹도둑,755.4,455,375,1286,1.2,38,31.166666666666668,37.4
치지직,맹총가리,755.6,708,715,820,6.2,22,14.806451612903226,91.8
SOOP,대박제상,755.6,558,545,1065,2.8,29,20.071428571428573,56.2
SOOP,희건,757.8,805,835,657,10.7,19,12.158878504672897,130.1
치지직,커밍순하리,758.4,558,768,849,6.5,29,13.553846153846154,88.1
치지직,우티안,759.4,659,832,737,9,24,12.222222222222221,110
SOOP,앵쥬_,759.4,771,697,816,6.2,20,15.016129032258064,93.1
치지직,유자 Yuja,761,771,1053,464,26,20,8.976923076923077,233.4
SOOP,박.준.영,761.4,923,983,459,24,16,9.8125,235.5
치지직,종이의집,761.6,736,829,707,9.5,21,12.242105263157894,116.3
SOOP,다네,761.8,839,789,696,9.3,18,12.849462365591398,119.5
SOOP,수또리,762.4,616,491,1107,2.3,26,22.47826086956522,51.7
치지직,고라니는 똥손,764.2,873,960,514,19.1,17,10.204188481675393,194.9
SOOP,유상츄,764.6,659,486,1096,2.3,24,22.869565217391305,52.6
SOOP,어쩜냥이,766.2,771,640,890,4.8,20,16.9375,81.3
SOOP,^초선^,766.2,771,673,857,5.5,20,15.854545454545455,87.2
치지직,설 묘,766.2,679,707,869,5.6,23,14.892857142857142,83.4
SOOP,김레미_,766.8,736,890,659,11.5,21,11.295652173913043,129.9
SOOP,아론페이지_,767.8,577,867,764,9,28,11.655555555555555,104.9
치지직,우히나,768.6,873,1000,485,23.2,17,9.573275862068966,222.1
SOOP,망난희,770.6,659,505,1092,2.4,24,22.041666666666668,52.9
치지직,나 견,771,805,1106,419,33.8,19,8.29585798816568,280.4
치지직,무 운,771,805,994,531,19.2,19,9.6875,186
치지직,푸시아베리,772.2,805,980,548,18.3,19,9.846994535519126,180.2
SOOP,댕강,773.2,736,612,953,4,21,17.675,70.7
치지직,유노을,774.6,679,611,986,3.7,23,17.72972972972973,65.6
SOOP,댕뚜비,775.6,736,776,795,7.4,21,13.31081081081081,98.5
SOOP,웅영이,776.4,474,429,1275,1.4,36,27.142857142857142,38
치지직,슈퍼루키2,778.8,596,1011,638,14.6,27,9.438356164383562,137.8
SOOP,후-_-v,781.6,1036,945,491,20.7,14,10.46376811594203,216.6
SOOP,리아벨_,781.8,873,784,734,8.5,17,12.976470588235294,110.3
SOOP,그묘♪,782.6,873,865,655,11.2,17,11.669642857142858,130.7
SOOP,자르반킹,783.4,923,769,728,8.2,16,13.548780487804878,111.1
치지직,타나리,784.4,736,650,943,4.4,21,16.386363636363637,72.1
SOOP,단수아,784.4,708,594,1013,3.4,22,18.38235294117647,62.5
치지직,데이빗96,785.2,398,808,956,5.6,45,12.553571428571429,70.3
치지직,상 애,787,923,996,510,20.5,16,9.663414634146342,198.1
SOOP,근모닝TV,787.4,839,1141,408,36,18,7.961111111111111,286.6
SOOP,하빵~,788.8,736,634,970,4,21,17.075,68.3
치지직,김 츄,789,509,396,1322,1.2,33,29.666666666666668,35.6
치지직,져니콩,791.2,708,943,681,11.9,22,10.470588235294118,124.6
SOOP,서은우,791.8,805,766,811,6.9,19,13.565217391304348,93.6
SOOP,레티아030,791.8,659,547,1103,2.6,24,20.03846153846154,52.1
치지직,손필범,792,474,404,1339,1.2,36,28.833333333333332,34.6
치지직,향 아,795.2,736,820,800,7.9,21,12.367088607594937,97.7
SOOP,하루네_,798,736,579,1048,3.1,21,19.032258064516128,59
치지직,김까슬,798.2,805,1007,586,16.6,19,9.487951807228916,157.5
치지직,잉투IngToo,798.6,771,891,720,10.1,20,11.287128712871286,114
SOOP,제티♥,804.2,873,910,664,11.7,17,10.974358974358974,128.4
SOOP,또니´,804.8,616,527,1177,2.2,26,21,46.2
SOOP,부바,807,923,923,633,13,16,10.684615384615384,138.9
치지직,라쿤99,807.2,538,661,1088,3.3,31,16.09090909090909,53.1
치지직,신바람 baram,807.4,873,1235,347,50.5,17,7.186138613861386,362.9
치지직,준버드,807.4,509,417,1347,1.2,33,28.25,33.9
치지직,리드E,807.6,708,635,1030,3.6,22,17,61.2
치지직,콩빈e,808.2,805,1185,433,34.8,19,7.612068965517241,264.9
SOOP,제이제이잉,810.4,708,624,1048,3.4,22,17.352941176470587,59
치지직,아자엘,811,455,342,1458,0.8,38,35.25,28.2
치지직,키위당,811.4,679,881,808,8.3,23,11.409638554216867,94.7
치지직,서여은,811.6,708,598,1077,3,22,18.266666666666666,54.8
치지직,레츠 Letsu,811.8,805,869,758,9.2,19,11.619565217391305,106.9
치지직,훈논,811.8,873,1151,442,32,17,7.878125,252.1
치지직,냐루 NYARU,812.4,538,433,1329,1.3,31,27,35.1
SOOP,Soop바이칼,813,771,727,920,5.3,20,14.415094339622641,76.4
SOOP,화양씨,813.2,558,475,1279,1.6,29,23.625,37.8
치지직,육두희,813.4,923,1189,383,41,16,7.587804878048781,311.1
SOOP,오파리,814,736,694,973,4.5,21,15.11111111111111,68
SOOP,류아。,814.4,538,519,1248,1.9,31,21.36842105263158,40.6
치지직,도비두비두밥,815,873,973,628,13.9,17,10.071942446043165,140
SOOP,로히♥,816.6,633,647,1078,3.3,25,16.515151515151516,54.5
치지직,2 92,817.8,447,368,1453,0.9,39,31.555555555555557,28.4
치지직,갇핑거,818.6,659,722,995,4.4,24,14.590909090909092,64.2
SOOP,#김미키,818.6,975,862,697,10.2,15,11.705882352941176,119.4
SOOP,준옹이,819.8,975,878,684,10.8,15,11.453703703703704,123.7
SOOP,엄키키,820,708,725,971,4.7,22,14.51063829787234,68.2
치지직,언더,820.4,708,1279,418,41.2,22,6.851941747572815,282.3
치지직,유나땅,820.8,736,681,1003,4.1,21,15.439024390243903,63.3
치지직,Coxa,821,577,976,788,10.1,28,9.96039603960396,100.6
SOOP,뜌듸,821.6,1036,1140,396,37.5,14,7.981333333333334,299.3
SOOP,뿌아리,823.8,805,682,975,4.4,19,15.409090909090908,67.8
치지직,콩이라고해,823.8,873,990,633,14.3,17,9.713286713286713,138.9
SOOP,와앙이♬,824,736,686,1006,4.1,21,15.365853658536585,63
SOOP,푸릉_,824.4,736,693,1000,4.2,21,15.142857142857142,63.6
치지직,간디쨩,827.8,839,804,846,7,18,12.657142857142857,88.6
치지직,미즈야,828.6,633,1215,540,24.8,25,7.350806451612903,182.3
SOOP,한잉!,828.6,923,787,823,7.1,16,12.873239436619718,91.4
치지직,자하진,829.8,771,828,861,7,20,12.257142857142858,85.8
SOOP,삐요코,830.8,558,428,1370,1.2,29,27.333333333333332,32.8
치지직,Aileen3,831.4,497,1026,804,10.3,34,9.281553398058252,95.6
SOOP,찬욱,831.8,873,659,984,4.1,17,16.146341463414632,66.2
SOOP,로지rozi,834.2,975,1287,311,64,15,6.7734375,433.5
SOOP,채니☆,834.2,839,758,908,5.7,18,13.701754385964913,78.1
치지직,rus1,834.8,616,724,1055,4,26,14.525,58.1
치지직,I최맑음I,834.8,736,1156,563,21.8,21,7.844036697247707,171
치지직,SEjFiNN,834.8,558,844,964,5.8,29,11.931034482758621,69.2
SOOP,새우돌돌,836.6,873,746,909,5.6,17,13.928571428571429,78
SOOP,이모이_,837,805,726,964,4.8,19,14.416666666666666,69.2
치지직,쎄나츄,838.6,873,1052,608,16.5,17,8.993939393939394,148.4
SOOP,홍산_,840,1036,857,725,9.5,14,11.778947368421052,111.9
치지직,뽀실애기,841,873,837,829,7.5,17,12.066666666666666,90.5
치지직,혤미 HM,842.6,839,1065,622,16.2,18,8.814814814814815,142.8
SOOP,얼이,843.4,923,964,683,12.2,16,10.172131147540984,124.1
SOOP,수박♥,844.6,873,777,898,6,17,13.3,79.8
치지직,부뚱이는 부뚱해,845.8,975,1072,555,20.1,15,8.751243781094526,175.9
치지직,투투넘,846,484,991,882,8.5,35,9.705882352941176,82.5
SOOP,ㆍ포포ㆍ,846.2,805,714,999,4.3,19,14.813953488372093,63.7
치지직,요이 VRECORD,847.2,520,447,1411,1.2,32,25.583333333333332,30.7
치지직,레 티 LETI,847.4,771,971,762,10.4,20,10.134615384615385,105.4
SOOP,시루냥,849.4,633,478,1329,1.5,25,23.4,35.1
SOOP,김레인♥,849.6,380,332,1602,0.6,49,36.833333333333336,22.1
SOOP,강채,851.4,679,532,1257,1.9,23,20.789473684210527,39.5
치지직,사쿠야 하나미,851.6,736,915,846,8.2,21,10.804878048780488,88.6
SOOP,만듀.,852.6,873,819,876,6.7,17,12.373134328358208,82.9
SOOP,눈길.,855.8,805,957,780,10,19,10.24,102.4
SOOP,고호.,858.6,923,749,936,5.3,16,13.867924528301886,73.5
치지직,아리토리에스,859.6,736,967,814,9.2,21,10.152173913043478,93.4
SOOP,뜌덩,862.2,975,970,698,11.7,15,10.136752136752136,118.6
SOOP,리나°,863,771,708,1064,3.8,20,14.868421052631579,56.5
치지직,백 정 이,863.2,736,1017,773,11.1,21,9.36036036036036,103.9
SOOP,양일,864,736,1110,682,15,21,8.28,124.2
SOOP,류소리,865.8,1105,958,654,12.9,13,10.232558139534884,132
치지직,유네넴,866.2,805,1159,604,19.2,19,7.8125,150
SOOP,고백일,867.4,873,821,911,6.3,17,12.34920634920635,77.8
치지직,김 돌 돌,867.4,771,732,1051,4.1,20,14.365853658536585,58.9
치지직,이여우1,873.4,443,394,1568,0.8,40,29.75,23.8
SOOP,별이쓰.,873.8,839,839,926,6.2,18,12.048387096774194,74.7
치지직,도와죠헬프,874.2,771,684,1116,3.3,20,15.393939393939394,50.8
SOOP,깅제제,874.2,805,655,1128,3.1,19,16.225806451612904,50.3
SOOP,강주이,876.2,679,577,1274,2,23,19.1,38.2
치지직,사이테,877.4,577,568,1337,1.8,28,19.27777777777778,34.7
SOOP,미리에·,877.8,975,825,882,6.7,15,12.313432835820896,82.5
치지직,오만둥이 OhManDungYee,878.2,447,398,1574,0.8,39,29.5,23.6
SOOP,배청순,878.4,1036,1174,504,26.3,14,7.673003802281369,201.8
치지직,고ㄴl,881.8,975,1278,439,37.5,15,6.866666666666666,257.5
치지직,구길동,882.6,1105,1043,611,16.2,13,9.092592592592593,147.3
치지직,유예니,883,873,1067,704,13.3,17,8.781954887218046,116.8
치지직,백하누,883.4,839,1201,588,21,18,7.466666666666667,156.8
치지직,김쑤앙,884.6,873,896,879,7.4,17,11.18918918918919,82.8
치지직,빠삐코TV,886.2,1105,1294,369,49.1,13,6.718940936863544,329.9
치지직,고노바,887.4,873,894,888,7.3,17,11.219178082191782,81.9
치지직,선드 SeonD,891.4,839,1218,591,21.2,18,7.320754716981132,155.2
SOOP,리피피♥,892,708,554,1322,1.8,22,19.77777777777778,35.6
치지직,윤다온 daon,893.4,805,709,1122,3.4,19,14.852941176470589,50.5
치지직,과학잡지,894.2,633,1160,759,13.6,25,7.801470588235294,106.1
치지직,꾸꾸몽,896.2,805,1293,545,26.9,19,6.724907063197026,180.9
치지직,타민,897.4,633,639,1288,2.2,25,16.954545454545453,37.3
SOOP,u유에e,897.8,975,966,791,9.8,15,10.153061224489797,99.5
SOOP,♥핑꾸♥,898.4,1036,1040,688,13.4,14,9.134328358208956,122.4
치지직,어서옵냥,899.2,1036,1161,569,21.5,14,7.8,167.7
SOOP,하솔。,900.6,975,899,865,7.6,15,11.118421052631579,84.5
SOOP,옌이.,901.4,1173,998,669,13.2,12,9.590909090909092,126.6
SOOP,샤치_ξ,903.4,975,1024,747,11.6,15,9.301724137931034,107.9
SOOP,리요,903.8,839,677,1163,3,18,15.7,47.1
SOOP,이고!,904,1036,937,805,9,14,10.566666666666666,95.1
SOOP,이티드,905.4,771,644,1234,2.5,20,16.76,41.9
SOOP,_오더,907.4,1173,1167,515,25.1,12,7.749003984063745,194.5
치지직,수 담,907.4,839,688,1161,3.1,18,15.290322580645162,47.4
SOOP,키비스으,908.2,923,851,958,5.9,16,11.88135593220339,70.1
치지직,서은우다,909.4,805,933,938,6.9,19,10.579710144927537,73
치지직,뽀 얌,911.4,839,1083,776,12,18,8.633333333333333,103.6
SOOP,복춘이з,912.2,633,561,1403,1.6,25,19.5,31.2
씨미,6평,914.4,484,729,1315,2.5,35,14.4,36
SOOP,소댕,914.6,923,733,1092,3.7,16,14.297297297297296,52.9
SOOP,솔이가왔솔,914.6,839,648,1219,2.6,18,16.5,42.9
SOOP,하루아킴,916.8,736,695,1229,2.8,21,15.071428571428571,42.2
치지직,시라타마 토리,917.8,679,576,1379,1.7,23,19.11764705882353,32.5
치지직,박평구천,918.2,659,1513,453,44.6,24,5.378923766816143,239.9
SOOP,나월_,919,771,680,1232,2.7,20,15.555555555555555,42
SOOP,정키키,920.2,873,670,1194,2.8,17,15.964285714285714,44.7
SOOP,다요르,921.2,708,632,1317,2.1,22,17.095238095238095,35.9
치지직,힙합2,921.6,616,852,1144,4.1,26,11.878048780487806,48.7
SOOP,서곱철,921.6,736,1234,702,16.3,21,7.2024539877300615,117.4
치지직,샤 나,922.6,633,590,1400,1.7,25,18.470588235294116,31.4
SOOP,다트,923.8,923,953,895,7.8,16,10.282051282051283,80.2
치지직,감성대왕,925.2,1036,978,817,9.4,14,9.872340425531915,92.8
SOOP,요디딛,925.4,839,765,1129,3.7,18,13.567567567567568,50.2
SOOP,배민정,928.2,975,795,1038,4.7,15,12.787234042553191,60.1
치지직,한심한김진돌,928.6,923,1009,851,9.3,16,9.451612903225806,87.9
SOOP,고영팔,929.4,839,666,1238,2.6,18,16,41.6
SOOP,지별,930.2,923,1356,508,31.6,16,6.329113924050633,200
치지직,타마마 V,931.8,1105,1196,581,21.6,13,7.513888888888889,162.3
치지직,부부워치,933.8,1105,999,783,10.6,13,9.584905660377359,101.6
치지직,천룩희,934,1036,1056,761,11.8,14,8.940677966101696,105.5
치지직,navi2,934.2,975,1182,666,16.7,15,7.634730538922156,127.5
치지직,으농2,935.8,805,1358,579,25.8,19,6.310077519379845,162.8
SOOP,김지마,936.2,1173,951,803,9.3,12,10.290322580645162,95.7
치지직,흑지로,937,633,516,1510,1.2,25,21.666666666666668,26
SOOP,나무늘보_ow,937.2,1036,1269,556,25.2,14,6.916666666666667,174.3
치지직,호랭찌,937.6,1036,1203,623,19.1,14,7.43455497382199,142
치지직,건전한배틀테그1,937.8,873,902,1006,5.7,17,11.052631578947368,63
SOOP,지나룽,941,839,664,1269,2.4,18,16.083333333333332,38.6
씨미,NENE 네네,943.4,659,642,1387,1.9,24,16.894736842105264,32.1
치지직,명나뇽,943.8,873,1010,913,8.2,17,9.451219512195122,77.5
치지직,메리 MARY,945,975,889,986,5.8,15,11.310344827586206,65.6
SOOP,유제이와냥이,947.2,1036,1327,523,28.8,14,6.552083333333333,188.7
치지직,탑드래곤,947.6,474,935,1197,4.2,36,10.571428571428571,44.4
치지직,반금아,947.8,771,589,1395,1.7,20,18.58823529411765,31.6
치지직,비 라,949.4,805,792,1179,3.6,19,12.805555555555555,46.1
SOOP,강분팡,949.8,839,745,1210,3.1,18,14,43.4
SOOP,sp1nel,952,1036,1107,755,12.9,14,8.294573643410853,107
치지직,푹찌익,952.2,659,1061,990,7.3,24,8.904109589041095,65
SOOP,흐여름,955.4,873,860,1092,4.5,17,11.755555555555556,52.9
SOOP,시루엣,955.6,1036,1338,533,28.8,14,6.440972222222222,185.5
SOOP,숨마,955.8,805,742,1245,2.9,19,14.10344827586207,40.9
치지직,치요밍,958.6,923,791,1144,3.8,16,12.81578947368421,48.7
치지직,백의화백,958.6,1173,1217,593,21.1,12,7.322274881516588,154.5
SOOP,가니꾸,960.2,975,905,1008,5.7,15,11.035087719298245,62.9
SOOP,혜지,962.2,1261,1239,536,25.6,11,7.1796875,183.8
치지직,리마파트로나,962.6,805,760,1244,3,19,13.666666666666666,41
치지직,미츠나,963.2,708,925,1129,4.7,22,10.680851063829786,50.2
SOOP,로로냥,963.4,975,924,997,6,15,10.683333333333334,64.1
치지직,쩡가,964,1036,1445,447,41.9,14,5.823389021479714,244
치지직,멜차입니다,964.6,633,864,1231,3.6,25,11.694444444444445,42.1
치지직,연너,965.8,975,904,1023,5.6,15,11.035714285714286,61.8
치지직,츠키노카모,967,839,842,1156,4,18,11.95,47.8
SOOP,OPENER_ow,967.8,839,932,1068,5.3,18,10.584905660377359,56.1
치지직,메다지,967.8,1105,1222,645,18.6,13,7.28494623655914,135.5
SOOP,SeungAn,968.2,873,916,1068,5.2,17,10.788461538461538,56.1
SOOP,각하늘,970.2,923,858,1106,4.4,16,11.772727272727273,51.8
치지직,진짜 안스,971,465,569,1626,1.1,37,19.272727272727273,21.2
SOOP,ㄱ해삼,971.4,1261,1213,585,21.7,11,7.354838709677419,159.6
SOOP,도일이,971.8,873,798,1195,3.5,17,12.742857142857142,44.6
치지직,쪼리비,973.4,679,628,1466,1.6,23,17.3125,27.7
SOOP,한건수,974.2,873,802,1197,3.5,17,12.685714285714285,44.4
치지직,무미띠,974.4,1036,1232,686,17.1,14,7.2105263157894735,123.3
SOOP,묭씨,975,455,337,1873,0.4,38,36,14.4
치지직,민잉이,976.4,1036,1104,819,11.1,14,8.315315315315315,92.3
치지직,모모팡,976.6,679,1055,1047,6.6,23,8.954545454545455,59.1
치지직,Powerr,978.4,708,1386,706,18.9,22,6.158730158730159,116.4
치지직,I 제야 I,979.4,975,1133,828,11.3,15,8.017699115044248,90.6
치지직,쏘미코,980.6,839,783,1249,3.1,18,13.03225806451613,40.4
치지직,반달냐,981,1173,1122,744,13.3,12,8.172932330827068,108.7
SOOP,개저우마이,981.4,923,773,1219,3.2,16,13.40625,42.9
SOOP,천상츄,982.2,633,541,1598,1.1,25,20.272727272727273,22.3
치지직,X보이,982.8,474,382,1838,0.5,36,30.8,15.4
SOOP,마름모,983.4,1105,1378,528,30,13,6.206666666666667,186.2
씨미,김평범,983.4,873,834,1188,3.7,17,12.162162162162161,45
치지직,때으니,983.8,771,1171,903,10.2,20,7.715686274509804,78.7
SOOP,순수콩♧,984.2,839,814,1227,3.4,18,12.470588235294118,42.4
SOOP,뉴냥이,985.4,975,805,1171,3.7,15,12.64864864864865,46.8
SOOP,_한시아,986.6,923,847,1158,4,16,11.925,47.7
치지직,라이부v,988,1036,1207,745,14.6,14,7.397260273972603,108
치지직,달달한 피치쨩,989,923,827,1184,3.7,16,12.297297297297296,45.5
치지직,홍띵환,989.6,1036,920,1036,5.6,14,10.767857142857142,60.3
치지직,최올림,989.8,1105,1425,497,35.4,13,5.9209039548022595,209.6
치지직,CASKER,993,805,665,1415,1.9,19,16.05263157894737,30.5
치지직,양엔젤,994.6,1105,1342,592,24.1,13,6.419087136929461,154.7
SOOP,여백이다,995,771,1481,621,25.6,20,5.58984375,143.1
치지직,아기해달S2,995.8,771,988,1116,5.2,20,9.76923076923077,50.8
SOOP,용배ºヮº,995.8,1105,1036,901,8.6,13,9.19767441860465,79.1
치지직,혼 광,997,1105,1335,605,23.2,13,6.456896551724138,149.8
SOOP,김띵수,999.4,1261,1325,543,27.7,11,6.555956678700361,181.6
치지직,정따따,1000.6,873,763,1302,2.7,17,13.592592592592593,36.7
치지직,요디딛,1001.4,873,912,1155,4.4,17,10.886363636363637,47.9
치지직,다정언니,1001.6,708,1677,473,49.9,22,4.55310621242485,227.2
치지직,정크랫패스,1002.2,975,1549,469,44.6,15,5.1591928251121075,230.1
치지직,지눙2,1002.6,873,1173,897,10.4,17,7.6923076923076925,80
SOOP,냉동갈메기,1003.8,839,751,1339,2.5,18,13.84,34.6
치지직,Chzzk또랑이,1004.2,1105,1310,648,20.1,13,6.661691542288557,133.9
SOOP,라쿤99,1006.2,873,952,1127,4.9,17,10.285714285714286,50.4
치지직,시 끝,1006.6,923,944,1111,4.9,16,10.46938775510204,51.3
SOOP,뵤리,1007.4,1105,1127,839,11,13,8.1,89.1
치지직,나송진,1007.8,771,762,1372,2.4,20,13.625,32.7
치지직,LucioPesto,1012.2,1105,1154,824,11.6,13,7.862068965517241,91.2
치지직,코히루,1012.2,975,885,1158,4.2,15,11.357142857142858,47.7
치지직,레스인데,1013.6,616,494,1732,0.8,26,22.375,17.9
치지직,히사원,1014,1036,1190,827,12,14,7.558333333333334,90.7
SOOP,주화이_,1014.6,1173,1438,512,33.5,12,5.856716417910448,196.2
치지직,오미짱,1016.2,1105,1220,768,14.3,13,7.3076923076923075,104.5
SOOP,구키♥,1017.4,923,772,1310,2.7,16,13.407407407407407,36.2
SOOP,창기-,1018.2,923,747,1337,2.5,16,13.88,34.7
치지직,하모시달,1019.4,923,782,1305,2.8,16,13.035714285714286,36.5
치지직,행성이 게임,1021.4,923,1403,689,20.1,16,6.074626865671642,122.1
SOOP,새잎,1021.6,708,570,1630,1.1,22,19.181818181818183,21.1
SOOP,구월이_,1022.2,771,620,1550,1.4,20,17.428571428571427,24.4
SOOP,이윤성_,1023.4,975,785,1286,2.9,15,12.89655172413793,37.4
치지직,뒤시메임정면안봄,1024,596,1620,642,28.6,27,4.8076923076923075,137.5
SOOP,owesportsth,1024.2,923,875,1224,3.7,16,11.486486486486486,42.5
치지직,먀우 myau,1024.6,923,947,1153,4.6,16,10.434782608695652,48
치지직,메타 몽,1024.6,975,1123,951,8.7,15,8.149425287356323,70.9
SOOP,D0D0D0D0,1026.2,923,816,1288,3,16,12.433333333333334,37.3
치지직,에이나 EINA,1026.2,659,799,1437,2.3,24,12.73913043478261,29.3
치지직,라무쓰,1026.6,1173,1289,691,18,12,6.7444444444444445,121.4
치지직,노나는 게임중,1026.8,1036,1080,969,7.9,14,8.658227848101266,68.4
SOOP,유바미!,1027,1261,1089,848,10.3,11,8.58252427184466,88.4
SOOP,짱시원,1028.2,1105,1119,899,9.7,13,8.195876288659793,79.5
치지직,문빈우,1029,839,700,1453,1.9,18,14.947368421052632,28.4
씨미,우시나,1029.8,923,866,1247,3.5,16,11.657142857142857,40.8
치지직,진혁JH,1032.6,805,1528,651,25.1,19,5.306772908366534,133.2
SOOP,나연아.,1034.2,509,369,1962,0.4,33,31.5,12.6
치지직,김공은,1034.6,1105,1409,625,23.4,13,6.0085470085470085,140.6
치지직,시라하 마노,1039,839,876,1302,3.2,18,11.46875,36.7
SOOP,뚠개냥,1041.8,839,919,1266,3.6,18,10.777777777777779,38.8
치지직,오호리양,1043,975,1001,1119,5.3,15,9.566037735849056,50.7
SOOP,드행이,1043.4,1343,1216,721,15.5,10,7.32258064516129,113.5
SOOP,시후†,1043.4,1105,913,1143,4.5,13,10.844444444444445,48.8
치지직,김갱쓰,1043.4,923,1573,574,33,16,5.039393939393939,166.3
SOOP,후디,1044.2,1173,1091,933,8.6,12,8.55813953488372,73.6
SOOP,꼬마거북이_,1044.2,975,950,1173,4.5,15,10.333333333333334,46.5
SOOP,별시아,1045.8,1173,986,1042,6.1,12,9.80327868852459,59.8
SOOP,Flower73,1048.2,975,1045,1088,5.9,15,9,53.1
치지직,소 하린,1048.6,1105,1090,979,7.8,13,8.564102564102564,66.8
치지직,UNIV2R,1051,839,760,1448,2.1,18,13.666666666666666,28.7
치지직,정복자v,1051.4,1173,1389,653,21.5,12,6.144186046511628,132.1
치지직,이나0704,1052.2,1105,1025,1053,6.3,13,9.301587301587302,58.6
치지직,도구의맹세,1053,1105,1032,1048,6.4,13,9.21875,59
SOOP,미닛이에용,1053.4,873,780,1417,2.3,17,13.217391304347826,30.4
치지직,혜빵빵,1053.6,1036,1376,740,17.6,14,6.215909090909091,109.4
치지직,홍일이,1054,1036,1018,1099,5.6,14,9.357142857142858,52.4
치지직,타키 Taki,1054.2,873,711,1488,1.8,17,14.833333333333334,26.7
SOOP,시엘,1055.4,1173,1071,981,7.6,12,8.763157894736842,66.6
치지직,타로12,1055.8,1105,1461,626,24.7,13,5.6882591093117405,140.5
치지직,오별콩,1056.2,975,790,1363,2.6,15,12.846153846153847,33.4
SOOP,갓데드_,1056.4,596,542,1801,0.8,27,20.25,16.2
치지직,콤 COM,1056.6,1105,1280,809,13.8,13,6.8478260869565215,94.5
SOOP,차쑤냥,1060.6,1343,1404,576,27.3,10,6.065934065934066,165.6
치지직,김나리,1061.8,1105,1359,743,17.3,13,6.30635838150289,109.1
SOOP,단삐약,1062.8,1036,921,1218,4,14,10.75,43
SOOP,문리아,1063,1173,972,1099,5.2,12,10.076923076923077,52.4
치지직,헤카테문,1064.2,1173,1321,753,16.3,12,6.576687116564417,107.2
치지직,베키Becky,1064.4,1036,1192,951,9.4,14,7.542553191489362,70.9
치지직,문레인,1065.6,1036,983,1163,4.8,14,9.8125,47.1
치지직,민뇨미,1066.2,1105,1324,789,15.3,13,6.562091503267974,100.4
치지직,캠퍼츄,1068.2,923,822,1387,2.6,16,12.346153846153847,32.1
치지직,인댕댕,1068.8,736,979,1325,3.6,21,9.86111111111111,35.5
SOOP,니크스,1069,1343,1248,753,15.1,10,7.099337748344371,107.2
치지직,이르딘 leeruedin,1069.6,1036,1060,1096,5.9,14,8.915254237288135,52.6
치지직,해령임둥,1070.2,1173,1255,834,12.8,12,7.015625,89.8
SOOP,심술:3,1070.6,839,811,1446,2.3,18,12.521739130434783,28.8
치지직,황빵태,1071,975,1245,945,10.1,15,7.118811881188119,71.9
치지직,조딱,1071.8,873,830,1413,2.5,17,12.24,30.6
치지직,또 또s2,1074,1036,994,1173,4.8,14,9.6875,46.5
치지직,마쉬멜로기록보관소,1074.6,1105,1195,939,9.7,13,7.515463917525773,72.9
치지직,이태원압구정클럽,1075,923,1583,643,27.5,16,4.974545454545455,136.8
치지직,칼리오스임미다,1075,805,1062,1223,4.8,19,8.875,42.6
치지직,0별별0,1075.6,708,606,1729,1,22,18,18
SOOP,김초밥:>,1075.8,1343,1408,610,24.5,10,6.020408163265306,147.5
SOOP,냐르!,1077,975,794,1411,2.4,15,12.791666666666666,30.7
치지직,하찮은돌맹이,1077,975,1037,1168,5.1,15,9.196078431372548,46.9
SOOP,환이다:),1077.8,1343,1516,507,37.4,10,5.352941176470588,200.2
치지직,이타eatha,1079.4,679,614,1745,1,23,17.6,17.6
SOOP,세요:3,1080.2,1105,1093,1055,6.8,13,8.544117647058824,58.1
치지직,SCOOOOOOOTTIE,1080.8,708,1262,1086,7.7,22,6.9480519480519485,53.5
치지직,알라쫀득쿠키,1083.4,1173,1592,530,37.9,12,4.910290237467018,186.1
SOOP,루다_,1083.4,1261,1197,881,11,11,7.509090909090909,82.6
치지직,아주모,1084.6,1173,1092,1033,7.1,12,8.549295774647888,60.7
치지직,까복치,1085,1261,1281,801,14.1,11,6.843971631205674,96.5
치지직,하리코,1085.8,975,871,1356,2.9,15,11.586206896551724,33.6
SOOP,Faith3,1085.8,1105,1116,1046,7.2,13,8.222222222222221,59.2
치지직,케이먼 Cayman,1086.4,1036,1062,1136,5.6,14,8.875,49.7
SOOP,유서리_,1087,975,846,1384,2.7,15,11.925925925925926,32.2
SOOP,김땃쥐060,1087.4,1105,893,1273,3.4,13,11.264705882352942,38.3
치지직,스쿼크,1089,923,1002,1259,4.1,16,9.560975609756097,39.2
SOOP,나하로,1089.4,923,740,1522,1.8,16,14.166666666666666,25.5
SOOP,깡밍_♥,1089.6,1444,1418,584,26.9,9,5.977695167286245,160.8
SOOP,다정언니,1090.8,1578,1507,431,49.7,8,5.41851106639839,269.3
치지직,Jude주드,1091,1173,1319,822,13.9,12,6.597122302158273,91.7
치지직,하요봄,1091.2,1036,959,1251,3.9,14,10.205128205128204,39.8
SOOP,윈터º,1092.6,1173,1295,850,13.1,12,6.717557251908397,88
SOOP,호두머니,1094.2,1105,892,1291,3.3,13,11.272727272727273,37.2
SOOP,공진혁,1096.2,1261,1191,919,10.2,11,7.549019607843137,77
치지직,펠릭스 Felix,1100.8,1036,1291,943,10.7,14,6.738317757009346,72.1
치지직,문버터,1102.2,1261,1252,873,11.8,11,7.059322033898305,83.3
SOOP,도라니.,1102.6,771,592,1779,0.9,20,18.444444444444443,16.6
SOOP,지아송,1103.6,708,934,1471,2.6,22,10.576923076923077,27.5
SOOP,인혜2N,1104.2,771,556,1819,0.8,20,19.75,15.8
SOOP,유복실,1104.2,679,540,1881,0.7,23,20.285714285714285,14.2
SOOP,미스터.쿠,1107.2,1444,1471,575,29.4,9,5.653061224489796,166.2
SOOP,너구리아,1107.4,923,824,1483,2.2,16,12.318181818181818,27.1
SOOP,츄르°,1107.8,1173,1175,1008,8.2,12,7.670731707317073,62.9
치지직,프리리Freeree,1107.8,1173,1314,869,12.6,12,6.619047619047619,83.4
치지직,연미콩,1108.2,509,440,2076,0.4,33,26,10.4
SOOP,멜랴.,1108.6,1261,1495,646,24.6,11,5.491869918699187,135.1
치지직,ozz6,1109.4,1105,1380,841,14.4,13,6.180555555555555,89
치지직,Casey,1109.8,1261,1345,799,15.3,11,6.398692810457517,97.9
치지직,아키루 님,1109.8,1173,1260,928,10.6,12,6.990566037735849,74.1
치지직,하파,1111.2,1036,1346,914,12.1,14,6.396694214876033,77.4
SOOP,CARU.,1112.6,1173,1054,1141,5.5,12,8.963636363636363,49.3
치지직,너삼2,1114.2,1173,1109,1090,6.4,12,8.28125,53
치지직,ValS,1114.6,923,1108,1217,5.2,16,8.288461538461538,43.1
SOOP,정연ㅇㅅㅇ,1115.8,923,879,1449,2.5,16,11.44,28.6
SOOP,민나희,1116.6,1105,929,1310,3.4,13,10.647058823529411,36.2
SOOP,제복이_,1117.8,839,678,1697,1.2,18,15.666666666666666,18.8
치지직,라멜Ramel,1119,975,1031,1279,4.1,15,9.21951219512195,37.8
치지직,앤무디,1120.2,923,1155,1184,5.8,16,7.844827586206897,45.5
치지직,버터구이,1120.2,923,1070,1269,4.4,16,8.772727272727273,38.6
치지직,뮨1,1120.2,923,963,1376,3.2,16,10.1875,32.6
SOOP,멍라라,1122.2,1261,1250,925,10.6,11,7.09433962264151,75.2
치지직,사탕무,1123,1105,1014,1241,4.4,13,9.386363636363637,41.3
치지직,SpearOW,1123.2,1036,1545,745,20.8,14,5.1923076923076925,108
치지직,예쁘찌냐,1123.4,1173,1268,954,10.2,12,6.921568627450981,70.6
SOOP,SecretOW,1125.4,839,710,1684,1.3,18,14.846153846153847,19.3
치지직,갤러해드1,1126.2,1343,1352,792,15.6,10,6.371794871794871,99.4
치지직,o빵봉투,1126.8,1036,931,1368,3.1,14,10.612903225806452,32.9
치지직,장민돌,1127.8,1173,1343,890,12.7,12,6.4015748031496065,81.3
치지직,흐 림,1129.8,975,1434,903,13.4,15,5.873134328358209,78.7
치지직,함현식,1130.4,1036,1081,1227,4.9,14,8.653061224489797,42.4
치지직,물망초ow,1130.6,839,1130,1277,4.7,18,8.063829787234043,37.9
SOOP,보아탱,1133.4,1343,1240,922,10.6,10,7.179245283018868,76.1
치지직,고순해,1133.6,736,660,1806,1,21,16.1,16.1
SOOP,강천남,1133.8,1105,961,1321,3.5,13,10.2,35.7
치지직,뗭니,1134.2,1173,1353,896,12.6,12,6.357142857142857,80.1
치지직,코혼,1136.2,1105,1064,1224,4.8,13,8.854166666666666,42.5
치지직,한소링,1136.6,1261,1639,572,35.3,11,4.719546742209632,166.6
SOOP,묭땅,1137.8,1105,882,1410,2.7,13,11.407407407407407,30.8
치지직,도비애오,1138.4,1036,946,1382,3.1,14,10.451612903225806,32.4
치지직,불녀,1139.8,1261,1272,947,10.4,11,6.903846153846154,71.8
SOOP,내로남불엿포,1142.2,1173,1451,818,16.1,12,5.751552795031056,92.6
SOOP,미도。,1143,1105,877,1428,2.6,13,11.461538461538462,29.8
치지직,기 찬,1143.6,520,415,2184,0.3,32,28.333333333333332,8.5
SOOP,유지한,1143.8,1343,1374,814,15,10,6.226666666666667,93.4
치지직,김오쥐,1143.8,923,755,1643,1.5,16,13.733333333333333,20.6
SOOP,하얀율무차,1144.2,1343,1230,959,9.7,10,7.216494845360825,70
치지직,우사기쿠노이치,1144.8,1036,1518,826,17,14,5.347058823529411,90.9
치지직,해설아 Haeseola,1147.4,975,992,1389,3.3,15,9.696969696969697,32
치지직,이츠미 세요,1147.6,708,536,1979,0.6,22,20.5,12.3
치지직,전유라,1149.8,1173,1016,1272,4.1,12,9.365853658536585,38.4
SOOP,유시아-,1150.2,1261,1202,1043,8,11,7.4625,59.7
치지직,세히리,1150.2,1105,1157,1166,6,13,7.833333333333333,47
치지직,재굴이,1151.4,679,754,1785,1.2,23,13.75,16.5
치지직,옥혜이,1151.8,975,806,1586,1.8,15,12.61111111111111,22.7
치지직,다르 Dar,1152.2,1173,1459,835,15.7,12,5.7006369426751595,89.5
치지직,멍 한,1153.8,1173,1224,1074,7.6,12,7.2631578947368425,55.2
SOOP,빛머,1153.8,975,838,1559,2,15,12.05,24.1
SOOP,개절,1154.2,975,755,1643,1.5,15,13.733333333333333,20.6
치지직,킴율미,1155.4,839,1105,1364,4,18,8.3,33.2
치지직,김통수,1156.6,1173,1420,885,13.8,12,5.971014492753623,82.4
치지직,밍뭉망,1158.4,1036,1377,1001,10.2,14,6.215686274509804,63.4
치지직,김 설 탕,1159.4,1343,1450,777,17.9,10,5.759776536312849,103.1
치지직,릴썬,1160,1036,849,1533,2.1,14,11.904761904761905,25
치지직,쎈곰,1160.6,1173,1758,557,41.5,12,4.195180722891566,174.1
SOOP,포우시,1161,1173,1158,1158,6.1,12,7.819672131147541,47.7
SOOP,희각,1162.4,1444,1474,710,20.5,9,5.639024390243902,115.6
SOOP,이연지다,1162.4,1444,1698,486,50.1,9,4.421157684630739,221.5
치지직,하시우v,1163,923,2043,403,91.3,16,3.2113910186199344,293.2
SOOP,시루♪,1163.8,633,470,2123,0.4,25,23.75,9.5
치지직,티니얌,1164.2,1261,1511,769,19.3,11,5.393782383419689,104.1
SOOP,suna03,1164.6,465,1849,830,23.5,37,3.8468085106382977,90.4
치지직,서여주,1165.4,1173,1373,954,11.3,12,6.247787610619469,70.6
SOOP,삼채.,1165.8,1261,1164,1120,6.5,11,7.7846153846153845,50.6
SOOP,이선만.,1166,1036,903,1494,2.4,14,11.041666666666666,26.5
치지직,베로 bero,1166.4,1036,1022,1376,3.5,14,9.314285714285715,32.6
씨미,머적,1166.6,1173,1265,1065,8.1,12,6.938271604938271,56.2
SOOP,칡진욱,1167,1343,1211,1035,8.2,10,7.365853658536586,60.4
SOOP,기혁_,1168,1036,985,1417,3.1,14,9.806451612903226,30.4
치지직,김페포,1169,1261,1598,694,24.5,11,4.8979591836734695,120
치지직,구름위에달,1169.4,1173,1261,1076,7.9,12,6.962025316455696,55
치지직,하리라 HaLira,1169.6,1036,1059,1347,3.8,14,8.921052631578947,33.9
치지직,칠분,1171.2,1444,1640,566,36,9,4.719444444444444,169.9
치지직,배추맨,1171.4,873,1177,1315,4.7,17,7.659574468085107,36
SOOP,케이꿍,1172,1444,1367,841,14.2,9,6.267605633802817,89
SOOP,흐린밤,1172.4,1444,1253,956,10,9,7.03,70.3
치지직,떠오르는 참외 124641,1172.6,1105,1193,1186,6,13,7.533333333333333,45.2
SOOP,혀니일세,1175,1105,911,1474,2.5,13,10.96,27.4
치지직,에루인데요,1175.4,975,870,1581,2,15,11.6,23.2
치지직,아샤 누아르,1176.2,975,1004,1449,3,15,9.533333333333333,28.6
치지직,나는양숭이,1177.4,1173,1470,887,14.5,12,5.662068965517242,82.1
SOOP,HAVIRA,1177.4,975,962,1494,2.6,15,10.192307692307692,26.5
치지직,햄 민 이,1177.8,1173,1168,1190,5.8,12,7.741379310344827,44.9
SOOP,코잉.,1178.4,1578,1426,731,18.7,8,5.919786096256685,110.7
SOOP,팝콘4,1178.6,975,843,1616,1.8,15,11.944444444444445,21.5
SOOP,김벌새,1180,1036,810,1622,1.7,14,12.529411764705882,21.3
치지직,아댕 ADANG,1180.6,1343,1391,889,13.3,10,6.135338345864661,81.6
SOOP,김프디:SoifD,1181,873,652,1864,0.9,17,16.333333333333332,14.7
SOOP,짐묵,1182.6,923,705,1790,1.1,16,14.909090909090908,16.4
치지직,키츠네 청야,1183,1173,1169,1202,5.7,12,7.7368421052631575,44.1
치지직,제로아 ZeroA,1183.8,1261,1398,931,12.1,11,6.099173553719008,73.8
치지직,Michael Myers,1184.8,1036,1039,1405,3.4,14,9.147058823529411,31.1
치지직,꽁구마,1184.8,1036,898,1546,2.2,14,11.136363636363637,24.5
SOOP,프라이,1185,1173,1020,1356,3.6,12,9.333333333333334,33.6
SOOP,밍가연,1186,1444,1205,1038,8.1,9,7.419753086419753,60.1
SOOP,세컨:),1186,1444,1205,1038,8.1,9,7.419753086419753,60.1
치지직,차원이다른선미 Marie,1186.6,1261,1858,478,58.8,11,3.812925170068027,224.2
치지직,라몬 사쿠 Lamon Saku,1187,923,809,1697,1.5,16,12.533333333333333,18.8
SOOP,#정군,1187.2,1444,1384,862,13.9,9,6.16546762589928,85.7
치지직,서깜자,1187.8,679,1881,749,28.8,23,3.7430555555555554,107.8
치지직,우동집딸래미,1187.8,1105,1183,1234,5.5,13,7.618181818181818,41.9
치지직,닝 야,1188,1036,1369,1083,8.6,14,6.255813953488372,53.8
치지직,범식 sick tiger,1188.2,1173,1407,977,11.2,12,6.035714285714286,67.6
치지직,하채민,1189,1173,1180,1206,5.7,12,7.649122807017544,43.6
치지직,도지음,1189,1173,1361,1025,9.8,12,6.295918367346939,61.7
SOOP,모기용,1189.4,1105,968,1453,2.8,13,10.142857142857142,28.4
SOOP,또한아,1189.6,1036,918,1538,2.3,14,10.782608695652174,24.8
치지직,므슈77,1189.8,923,2150,363,113.4,16,2.9779541446208113,337.7
치지직,고마생원,1191,1173,1608,783,20.9,12,4.861244019138756,101.6
치지직,미 기,1191.8,805,609,1968,0.7,19,17.857142857142858,12.5
SOOP,얼도우우,1193.8,1173,1069,1329,4,12,8.775,35.1
치지직,든세,1195.4,1261,1330,1028,9.4,11,6.5212765957446805,61.3
SOOP,승용,1195.4,975,826,1675,1.6,15,12.3125,19.7
SOOP,멍염디,1198.2,1173,1417,992,10.8,12,5.981481481481482,64.6
치지직,휘틀릭,1201.8,873,738,1830,1.1,17,14.181818181818182,15.6
SOOP,Gur3um.,1201.8,1105,1013,1439,3.1,13,9.419354838709678,29.2
치지직,코스미카,1203.8,1343,1256,1082,7.7,10,7,53.9
치지직,단디팍,1205.4,1261,1299,1084,8,11,6.7125,53.7
치지직,엘바 Elva,1205.4,1105,1440,1021,10.6,13,5.839622641509434,61.9
SOOP,린나래123,1206.2,975,796,1732,1.4,15,12.785714285714286,17.9
치지직,김 타 오,1206.8,1036,1594,905,16,14,4.90625,78.5
치지직,레 보,1208.6,805,666,1953,0.8,19,16,12.8
치지직,아카큐라,1209,805,845,1775,1.4,19,11.928571428571429,16.7
치지직,부유융,1209.8,1343,1486,867,15.1,10,5.529801324503311,83.5
치지직,고망지,1210.6,975,886,1653,1.8,15,11.333333333333334,20.4
SOOP,히수레,1210.6,1343,1194,1161,6.3,10,7.523809523809524,47.4
SOOP,♡쿠라,1212.6,1173,1181,1264,5.1,12,7.647058823529412,39
치지직,문히온,1216,1036,1499,1023,11.3,14,5.469026548672566,61.8
SOOP,구월_九月,1216.8,1036,859,1665,1.7,14,11.764705882352942,20
치지직,Pard0n,1218.2,923,1621,963,14.5,16,4.8,69.6
치지직,릴킥,1219.4,1343,1730,647,31.6,10,4.265822784810126,134.8
치지직,선이서니 Sunny,1220,1444,1562,766,20.6,9,5.08252427184466,104.7
치지직,현 수 아,1222.2,1105,1084,1419,3.5,13,8.628571428571428,30.2
치지직,AME33,1225.4,1343,1619,773,21.6,10,4.810185185185185,103.9
치지직,이백도baekdo,1225.8,1343,1336,1057,9,10,6.444444444444445,58
치지직,Kirei 키레이,1226,1036,1132,1415,3.8,14,8.026315789473685,30.5
치지직,마철용3,1226.4,1578,1646,631,29.7,8,4.686868686868687,139.2
치지직,잉닝밍,1227.4,1261,1348,1090,8.3,11,6.385542168674699,53
치지직,뚜시땨시,1228.2,1173,1536,948,13.6,12,5.25,71.4
치지직,짤랑이,1228.6,1173,1469,1016,11,12,5.663636363636364,62.3
치지직,가자미 JAMI,1230.6,1173,1161,1329,4.5,12,7.8,35.1
치지직,뜌듸,1230.8,1444,1766,589,37.8,9,4.145502645502646,156.7
치지직,초사샤샤,1231,923,815,1801,1.3,16,12.461538461538462,16.2
치지직,구 슬 님,1231,975,968,1622,2.1,15,10.142857142857142,21.3
치지직,히미카 스이,1231.2,596,1088,1692,2.2,27,8.590909090909092,18.9
치지직,한두울,1231.4,1261,1214,1234,5.7,11,7.350877192982456,41.9
치지직,삶은구운계란,1236.6,1261,1360,1101,8.3,11,6.301204819277109,52.3
치지직,광무리,1236.6,1173,1284,1221,6.3,12,6.7936507936507935,42.8
SOOP,달님.,1236.8,1444,1362,1008,10,9,6.29,62.9
치지직,류단비,1237,1261,1296,1166,7,11,6.714285714285714,47
치지직,김흑둥이,1238.2,1343,1792,632,34.6,10,4.017341040462428,139
SOOP,goblin2001,1238.4,1578,1779,528,45.6,8,4.083333333333333,186.2
치지직,베릴20,1238.8,436,316,2563,0.1,41,41,4.1
SOOP,윤견,1240.4,1578,1574,738,21.8,8,5.036697247706422,109.8
치지직,그누그누gunugunu,1240.6,1261,1791,680,31,11,4.032258064516129,125
치지직,츄아공주,1240.6,1173,1041,1474,3,12,9.133333333333333,27.4
SOOP,김해태,1243.6,1444,1267,1120,7.3,9,6.931506849315069,50.6
SOOP,못말리는춘식,1243.6,1036,1058,1533,2.8,14,8.928571428571429,25
치지직,디룽지,1246.6,1343,1306,1139,7.4,10,6.675675675675675,49.4
SOOP,세세,1247,1261,1082,1405,3.6,11,8.63888888888889,31.1
SOOP,배아인.,1248,1444,1283,1115,7.5,9,6.8,51
치지직,버스타는 지렁이,1250.2,1105,1363,1210,6.9,13,6.2898550724637685,43.4
치지직,쿄 하,1250.2,1261,1435,1060,9.8,11,5.86734693877551,57.5
치지직,화 릴,1250.6,873,737,1953,0.9,17,14.222222222222221,12.8
SOOP,이찬찬,1250.6,1261,1303,1193,6.7,11,6.686567164179104,44.8
SOOP,최낙타.,1251.4,1105,797,1779,1.3,13,12.76923076923077,16.6
치지직,플로스05,1252.2,975,1176,1467,3.6,15,7.666666666666667,27.6
치지직,하늘뇽,1252.6,873,987,1708,1.9,17,9.789473684210526,18.6
SOOP,빼로.,1252.6,1261,981,1520,2.6,11,9.846153846153847,25.6
SOOP,동아형,1259.8,1343,1416,1062,9.5,10,5.989473684210527,56.9
치지직,고먐미님,1260.2,1261,1449,1071,9.7,11,5.77319587628866,56
SOOP,☆하리아재★,1262,1444,1522,911,14.6,9,5.328767123287672,77.8
SOOP,리쟈♥,1264.6,873,716,2009,0.8,17,14.75,11.8
SOOP,힝구맹구,1266.8,1578,1504,874,15.3,8,5.437908496732026,83.2
치지직,김 찐 빵,1267,1105,1148,1467,3.5,13,7.885714285714286,27.6
SOOP,AlexKr,1267.4,1261,1370,1168,7.5,11,6.253333333333333,46.9
치지직,내가바로칸나,1267.8,923,1509,1199,8.2,16,5.402439024390244,44.3
씨미,이야녕,1268.8,1578,1593,790,20.4,8,4.9068627450980395,100.1
치지직,쿠사나기 키요,1269.4,1105,1044,1577,2.6,13,9.038461538461538,23.5
치지직,고요히 GoYoHi,1269.8,1261,1789,755,26.4,11,4.053030303030303,107
SOOP,피너,1269.8,1343,1084,1419,3.5,10,8.628571428571428,30.2
치지직,유키노 포테치,1271,1105,1121,1504,3.2,13,8.1875,26.2
치지직,히 담,1271.4,1343,1721,786,23.5,10,4.306382978723405,101.2
씨미,레딕,1271.4,1105,938,1688,1.8,13,10.555555555555555,19
치지직,민포포,1273.2,1444,1688,773,23.1,9,4.4978354978354975,103.9
SOOP,수백이_,1273.6,1036,1781,885,20.2,14,4.079207920792079,82.4
치지직,갈치링,1273.6,1578,1557,838,17.5,8,5.1085714285714285,89.4
SOOP,힘구,1275.8,1173,955,1648,2,12,10.25,20.5
치지직,신드멘,1276.8,1444,1209,1261,5.3,9,7.377358490566038,39.1
치지직,피꺄츄,1278.2,873,1221,1538,3.4,17,7.294117647058823,24.8
치지직,박도롱,1278.2,975,1682,1026,13.6,15,4.522058823529412,61.5
치지직,김연랑,1278.8,1036,1113,1566,2.9,14,8.241379310344827,23.9
치지직,동이리오너라,1279.2,1036,1027,1653,2.2,14,9.272727272727273,20.4
치지직,한새몽,1283.4,1343,1712,825,20.9,10,4.354066985645933,91
SOOP,흑구_,1283.8,1105,1555,1102,10.2,13,5.117647058823529,52.2
치지직,박 대굴,1284.2,923,1110,1639,2.5,16,8.28,20.7
치지직,이월짱,1287,1343,1616,930,15.3,10,4.830065359477124,73.9
SOOP,나라=♥=,1288.2,1173,954,1680,1.9,12,10.263157894736842,19.5
SOOP,김-부각,1289.2,484,344,2637,0.1,35,35,3.5
SOOP,내신,1290.6,1261,1095,1501,3.1,11,8.483870967741936,26.3
SOOP,하현♪,1291,1343,1472,1084,9.5,10,5.652631578947369,53.7
치지직,방모걸,1292.4,1444,1542,967,13.1,9,5.236641221374046,68.6
치지직,철갑상어탄,1293.4,975,1482,1264,7,15,5.571428571428571,39
치지직,yeoning,1295,975,1226,1524,3.5,15,7.257142857142857,25.4
SOOP,이학일.,1295.2,1036,895,1825,1.4,14,11.214285714285714,15.7
치지직,앵 두몽,1296,1444,1855,663,33.7,9,3.821958456973294,128.8
치지직,한다비 handabi,1300.2,1261,1178,1442,3.8,11,7.657894736842105,29.1
씨미,애퍼타이트 apatite,1302.4,1444,1568,966,13.6,9,5.0661764705882355,68.9
치지직,김빠빡,1303,1173,1097,1574,2.8,12,8.428571428571429,23.6
치지직,디움,1303.4,1173,1430,1242,7,12,5.885714285714286,41.2
치지직,l영이l,1304.2,1261,1211,1419,4.1,11,7.365853658536586,30.2
치지직,인티지,1305.4,1261,1930,703,32.8,11,3.573170731707317,117.2
치지직,조 윤 Yun,1307,1261,1115,1522,3.1,11,8.225806451612904,25.5
씨미,하람,1307,975,812,1968,1,15,12.5,12.5
SOOP,샤로토모,1309,1261,1023,1619,2.3,11,9.304347826086957,21.4
치지직,kirtw472832,1309.4,1343,1669,933,16,10,4.6,73.6
치지직,군만두 kunmandu,1310.6,1173,1015,1675,2.1,12,9.380952380952381,19.7
치지직,담비꺼야,1310.8,1036,1003,1756,1.8,14,9.555555555555555,17.2
치지직,호루니 Horuni,1311.6,1444,1651,906,16.8,9,4.666666666666667,78.4
치지직,드로즈,1316.2,975,786,2017,0.9,15,12.88888888888889,11.6
치지직,뚜로리3,1316.8,1036,901,1873,1.3,14,11.076923076923077,14.4
치지직,뿅뿅호랑이,1319,1173,1102,1609,2.6,12,8.346153846153847,21.7
치지직,분위기있는스파게티,1320.6,1173,1078,1637,2.4,12,8.666666666666666,20.8
SOOP,김이든_,1321.6,1444,1223,1359,4.6,9,7.282608695652174,33.5
치지직,포이Poye,1323,1261,1100,1577,2.8,11,8.392857142857142,23.5
치지직,어글리덕,1323.8,771,683,2241,0.5,20,15.4,7.7
치지직,하밍2,1325.4,1105,1021,1740,1.9,13,9.31578947368421,17.7
치지직,얌 새,1325.6,1444,1810,782,25.5,9,3.996078431372549,101.9
치지직,하스딩,1325.8,1105,1276,1486,3.9,13,6.871794871794871,26.8
치지직,사냥남,1325.8,1261,1388,1296,6,11,6.15,36.9
치지직,aino 카리,1325.8,1343,1219,1424,4.1,10,7.317073170731708,30
치지직,찐우02,1328,1444,1476,1122,9,9,5.611111111111111,50.5
치지직,현재 Hyunjae,1328.2,975,1096,1737,2.1,15,8.476190476190476,17.8
SOOP,쿠리_KURI,1329.4,1173,927,1810,1.5,12,10.666666666666666,16
치지직,KID030,1330.4,1578,1744,793,23.5,8,4.221276595744681,99.2
SOOP,일월♥,1332.2,1173,1012,1732,1.9,12,9.421052631578947,17.9
치지직,쭈닝owo,1332.6,1173,1144,1601,2.8,12,7.928571428571429,22.2
치지직,파이널리,1333,1105,1263,1517,3.7,13,6.945945945945946,25.7
치지직,덕귤,1333.8,1105,1406,1376,5.4,13,6.037037037037037,32.6
SOOP,파콕,1335.6,1578,1399,1151,7.9,8,6.0886075949367084,48.1
치지직,바가민,1335.6,1036,900,1921,1.2,14,11.083333333333334,13.3
SOOP,최윤주,1336,1704,1614,874,17.2,7,4.837209302325581,83.2
치지직,수블리 suvely,1337.8,1173,1184,1574,3.1,12,7.612903225806452,23.6
치지직,디안 dian,1338.4,1036,836,1992,1,14,12.1,12.1
치지직,박용준06,1339,1343,1112,1564,2.9,10,8.275862068965518,24
SOOP,수키ㅋ,1339.4,923,764,2123,0.7,16,13.571428571428571,9.5
치지직,이단홍,1339.4,1105,856,1940,1.1,13,11.818181818181818,13
SOOP,흠냥b,1345,1343,1249,1442,4.1,10,7.097560975609756,29.1
SOOP,말론님,1347.8,1343,1227,1471,3.8,10,7.2368421052631575,27.5
SOOP,무헌,1349.6,1578,1716,869,19.3,8,4.321243523316062,83.4
치지직,타로빈,1350.6,1261,1282,1464,4.1,11,6.804878048780488,27.9
치지직,클린스카이,1351,1261,1488,1259,7.1,11,5.52112676056338,39.2
치지직,Pav2l,1351.4,1343,1501,1206,8,10,5.45,43.6
치지직,AZENT,1351.4,1105,1270,1556,3.5,13,6.914285714285715,24.2
치지직,치지직 늘이,1351.4,975,1649,1242,8.8,15,4.681818181818182,41.2
SOOP,문영달,1353.6,1444,1254,1408,4.4,9,7.0227272727272725,30.9
치지직,o쏘쏘야o,1354,1444,1878,785,27,9,3.751851851851852,101.3
치지직,오브 AUBE,1354.6,1343,1699,1016,14.1,10,4.418439716312057,62.3
SOOP,서도하,1356.4,1578,1243,1359,4.7,8,7.127659574468085,33.5
SOOP,기보기;,1357,1173,1045,1761,1.9,12,9,17.1
SOOP,아드레날린。,1358,1444,1396,1277,6.2,9,6.112903225806452,37.9
SOOP,나레나레,1358,1444,1228,1445,4,9,7.225,28.9
SOOP,ow_Yate,1358.6,1261,1131,1635,2.6,11,8.038461538461538,20.9
치지직,샤미 SHAMI,1359,1173,1273,1538,3.6,12,6.888888888888889,24.8
치지직,하이 HI,1359.6,1444,1478,1199,7.9,9,5.6075949367088604,44.3
치지직,솜달이,1359.8,1261,1632,1137,10.4,11,4.759615384615385,49.5
SOOP,김강생1,1359.8,1857,1819,652,33.7,6,3.943620178041543,132.9
치지직,꾸르뽀GGURUBBO,1360.6,1261,1318,1453,4.3,11,6.604651162790698,28.4
치지직,댕라미,1362,1444,1532,1151,9.1,9,5.285714285714286,48.1
SOOP,햄쩌구,1363,975,818,2102,0.8,15,12.375,9.9
치지직,지영모1,1363.6,1578,1868,752,28.3,8,3.795053003533569,107.4
치지직,나모라고해,1364.2,1261,1794,986,16.4,11,4,65.6
치지직,모 냐,1365.8,1173,1304,1524,3.8,12,6.684210526315789,25.4
치지직,조끼 JOokKY,1366,1444,1571,1122,10,9,5.05,50.5
치지직,Aester,1367.2,1036,1075,1825,1.8,14,8.722222222222221,15.7
치지직,노제 Nojae,1368.6,1343,1371,1379,5.2,10,6.25,32.5
SOOP,메메_,1369.6,1704,1974,598,44.4,7,3.425675675675676,152.1
치지직,Min0626,1371,1261,1149,1648,2.6,11,7.884615384615385,20.5
치지직,비글명수,1371.6,1036,850,2061,0.9,14,11.88888888888889,10.7
치지직,Gyomin,1373,1261,1204,1598,3,11,7.433333333333334,22.3
치지직,메로코,1374.2,1261,1236,1569,3.3,11,7.181818181818182,23.7
치지직,레쁘리,1376.6,1261,1066,1745,2,11,8.8,17.6
치지직,인돌 indoor,1378.2,1261,1939,876,23.4,11,3.5427350427350426,82.9
치지직,방가방가햄토리7602,1378.2,1261,1719,1096,12.2,11,4.311475409836065,52.6
치지직,lynz 린지,1378.8,1578,2040,618,45.1,8,3.221729490022173,145.3
치지직,리셋소녀,1379.8,1343,1563,1215,8.5,10,5.08235294117647,43.2
치지직,블리루,1380.8,1036,981,1953,1.3,14,9.846153846153847,12.8
치지직,문리아,1381.6,1444,1385,1347,5.5,9,6.163636363636364,33.9
치지직,여라 Yeora,1382.2,1343,1126,1658,2.5,10,8.12,20.3
치지직,플로탸,1382.4,1444,2093,641,44.7,9,3.0782997762863533,137.6
치지직,코우세이 우키,1382.6,975,801,2168,0.7,15,12.714285714285714,8.9
SOOP,달달햇,1383.8,975,886,2086,0.9,15,11.333333333333334,10.2
치지직,앤프,1383.8,1343,1311,1477,4.1,10,6.658536585365853,27.3
치지직,냥금이,1385,1173,1120,1756,2.1,12,8.19047619047619,17.2
치지직,리안S2,1385,1173,1292,1584,3.4,12,6.735294117647059,22.9
SOOP,일오놈,1385.6,1444,1077,1665,2.3,9,8.695652173913043,20
치지직,미소롭게,1387.4,1261,1392,1446,4.7,11,6.127659574468085,28.8
치지직,호서윤,1387.6,1036,1018,1933,1.4,14,9.357142857142858,13.1
치지직,Ares 아레스,1389.8,975,1008,1979,1.3,15,9.461538461538462,12.3
치지직,엠피empy,1391.2,1444,1331,1425,4.6,9,6.5,29.9
치지직,정이양,1394.2,1173,1277,1622,3.1,12,6.870967741935484,21.3
치지직,안재꼼,1395.2,1578,1963,736,31.8,8,3.4622641509433962,110.1
SOOP,김꼬비_,1395.4,1343,1706,1111,11.7,10,4.384615384615385,51.3
SOOP,히야,1395.4,923,840,2187,0.7,16,12,8.4
치지직,장금만,1397.2,1444,1905,866,22.9,9,3.663755458515284,83.9
치지직,낑물개,1398.8,1578,1704,1004,14.4,8,4.388888888888889,63.2
치지직,아라비아Arabia,1399,1261,1329,1538,3.8,11,6.526315789473684,24.8
SOOP,릴딕04,1399.4,975,729,2282,0.5,15,14.4,7.2
치지직,MolangMolang,1399.4,1173,1172,1740,2.3,12,7.695652173913044,17.7
SOOP,장용운,1400.4,1444,1233,1546,3.4,9,7.205882352941177,24.5
치지직,현 냥 0w0,1400.8,1444,1263,1517,3.7,9,6.945945945945946,25.7
치지직,노여울,1401.2,1578,1773,941,17.5,8,4.1257142857142854,72.2
치지직,릴리나봉,1404.4,1444,1322,1467,4.2,9,6.571428571428571,27.6
치지직,카미 K4M1,1405.8,1343,1424,1419,5.1,10,5.921568627450981,30.2
SOOP,아라리_-,1406.6,1173,1034,1896,1.5,12,9.2,13.8
SOOP,자두zz,1408.4,1444,1316,1483,4.1,9,6.609756097560975,27.1
SOOP,광살탄,1409.6,1704,1757,915,18.4,7,4.195652173913044,77.2
치지직,현찌당,1410,1036,1045,1962,1.4,14,9,12.6
SOOP,심복춘,1410,1578,1339,1397,4.9,8,6.428571428571429,31.5
SOOP,현자군,1410,1578,1410,1326,5.9,8,6,35.4
치지직,리트밍,1411.2,1444,1667,1139,10.7,9,4.616822429906542,49.4
치지직,스트로베리쇼트케이크,1411.4,1105,1432,1544,4.2,13,5.880952380952381,24.7
치지직,Iris 아이리스,1411.8,1261,1251,1648,2.9,11,7.068965517241379,20.5
SOOP,부잉이!,1412.2,1173,930,2014,1.1,12,10.636363636363637,11.7
치지직,솔 2,1412.2,1261,1075,1825,1.8,11,8.722222222222221,15.7
치지직,키묘선,1412.4,1444,1558,1251,7.8,9,5.102564102564102,39.8
치지직,불멸의라볶이,1413.4,923,1882,1190,12,16,3.7416666666666667,44.9
치지직,용 훈,1413.4,1343,2027,835,27.4,10,3.2664233576642334,89.5
치지직,김고도,1414.4,1036,1973,1045,17.3,14,3.4277456647398843,59.3
치지직,단비임,1416.8,1444,1786,1034,14.9,9,4.060402684563758,60.5
치지직,메냥e,1417.4,1343,1588,1284,7.6,10,4.947368421052632,37.6
치지직,자쪽,1417.6,1444,1487,1335,6.3,9,5.523809523809524,34.8
씨미,응형,1418.8,1444,1351,1474,4.3,9,6.372093023255814,27.4
치지직,송블리v,1420.4,1444,1421,1408,5.2,9,5.9423076923076925,30.9
치지직,큐빈 Kyubin,1420.6,1173,1146,1819,2,12,7.9,15.8
SOOP,[온정성],1421.2,1704,1548,1153,9.3,7,5.161290322580645,48
치지직,낌어라,1421.4,1105,1114,1887,1.7,13,8.235294117647058,14
치지직,냥타몽,1422.4,1036,1038,2000,1.3,14,9.153846153846153,11.9
치지직,빙 빙 봉,1423,1261,1166,1761,2.2,11,7.7727272727272725,17.1
치지직,로다모,1424.2,1105,1305,1703,2.8,13,6.678571428571429,18.7
SOOP,TenTen_ow,1424.8,1444,1288,1552,3.6,9,6.75,24.3
SOOP,훈논,1424.8,1704,1975,735,32.2,7,3.422360248447205,110.2
치지직,홍재에용,1425,1343,1701,1190,10.2,10,4.401960784313726,44.9
치지직,치지직도붕이,1426.6,1343,1832,1063,14.6,10,3.8904109589041096,56.8
치지직,룽지123,1427.6,1578,1638,1142,10.4,8,4.721153846153846,49.1
치지직,니크스,1428.6,1261,1925,1016,17.3,11,3.601156069364162,62.3
치지직,인간승릐,1428.8,1444,1447,1403,5.4,9,5.777777777777778,31.2
치지직,블루 구피,1429,1105,874,2146,0.8,13,11.5,9.2
치지직,정붕,1429.4,1343,2057,845,28.1,10,3.1601423487544484,88.8
치지직,챺파,1429.8,1343,1153,1750,2.2,10,7.863636363636363,17.3
SOOP,최함상우,1430,1704,1692,1031,13.6,7,4.470588235294118,60.8
SOOP,_CHR_Horner_,1432.2,1857,1746,906,18.6,6,4.21505376344086,78.4
씨미,역촌동윤민수,1434,1444,1618,1245,8.5,9,4.811764705882353,40.9
치지직,사노님,1435.2,1578,1875,924,20,8,3.765,75.3
SOOP,푸른달팽E,1435.4,1857,1732,928,17.4,6,4.258620689655173,74.1
치지직,유도리카,1437.6,1578,1637,1168,9.9,8,4.737373737373737,46.9
치지직,꼬도리,1438.6,1343,1290,1635,3.1,10,6.741935483870968,20.9
SOOP,조우만,1440,1578,1498,1313,6.6,8,5.46969696969697,36.1
치지직,백핀아,1441.4,1173,1347,1670,3.1,12,6.387096774193548,19.8
치지직,02정우,1442.8,1444,1958,927,21.3,9,3.483568075117371,74.2
SOOP,lyn.z♡,1443.4,1857,2022,658,39.7,6,3.27455919395466,130
치지직,룡쥐,1444.2,1343,1462,1477,4.8,10,5.6875,27.3
치지직,송하v,1444.2,1343,1462,1477,4.8,10,5.6875,27.3
치지직,프로겐,1445,1105,1098,1962,1.5,13,8.4,12.6
SOOP,브떱이,1446.4,1704,1436,1328,6,7,5.866666666666666,35.2
치지직,꽃라오,1447.2,1444,1641,1255,8.4,9,4.714285714285714,39.6
SOOP,브금뿜뿜,1447.2,1704,1448,1318,6.2,7,5.774193548387097,35.8
치지직,쫀띠,1447.8,1343,2256,692,45.1,10,2.6762749445676275,120.7
SOOP,도병선,1453.8,1343,1315,1648,3.1,10,6.612903225806452,20.5
치지직,해링링 해링,1454,1444,1595,1318,7.3,9,4.904109589041096,35.8
치지직,넌지기,1454.8,1444,1683,1232,9.3,9,4.516129032258065,42
치지직,민디yam,1455.6,1444,1336,1581,3.6,9,6.444444444444445,23.2
치지직,도히루,1459.8,1173,1150,1913,1.7,12,7.882352941176471,13.4
치지직,레이라 리코리스,1461.2,1444,1529,1402,5.9,9,5.305084745762712,31.3
치지직,김호씨,1462.6,1261,1241,1785,2.3,11,7.173913043478261,16.5
치지직,빠니볼,1464.6,1343,1502,1488,4.9,10,5.448979591836735,26.7
치지직,억빠맨1234,1465,1261,1242,1790,2.3,11,7.130434782608695,16.4
치지직,오유파,1465.8,1343,1400,1593,3.7,10,6.081081081081081,22.5
SOOP,hiwchakiew,1466.2,1173,977,2102,1,12,9.9,9.9
치지직,owcoco,1466.2,1261,1836,1199,11.4,11,3.8859649122807016,44.3
SOOP,=룽냐=,1468,1704,1641,1177,9.8,7,4.714285714285714,46.2
SOOP,귀춘._.,1468.8,1578,1286,1597,3.3,8,6.787878787878788,22.4
치지직,Ruby짱,1471.4,1343,1725,1282,8.8,10,4.284090909090909,37.7
치지직,주스 Juice,1473,1173,1328,1768,2.6,12,6.538461538461538,17
치지직,오슈니,1473.4,1343,1496,1516,4.7,10,5.48936170212766,25.8
치지직,인사이트,1474,1444,1847,1116,13.2,9,3.8484848484848486,50.8
SOOP,서이찌,1474.8,1444,1146,1819,2,9,7.9,15.8
치지직,시저1,1475.8,1343,2085,933,23.7,10,3.1054852320675104,73.6
SOOP,카노ミ☆,1480.2,1261,975,2095,1,11,10,10
SOOP,상머니,1480.4,1578,1395,1517,4.2,8,6.119047619047619,25.7
치지직,쩡슈,1481,1173,1355,1761,2.7,12,6.333333333333333,17.1
치지직,송먀옹,1481.6,1444,1582,1400,6.3,9,4.984126984126984,31.4
치지직,노아린o,1481.8,1343,1886,1147,13,10,3.730769230769231,48.5
SOOP,인티지,1482.4,2062,1959,716,33,5,3.481818181818182,114.9
치지직,모모이로,1482.6,1173,1224,1896,1.9,12,7.2631578947368425,13.8
치지직,해찜,1482.8,1578,1368,1550,3.9,8,6.256410256410256,24.4
치지직,안녕나기,1482.8,1578,1927,991,18.1,8,3.585635359116022,64.9
치지직,몽블랑도너츠,1484.2,1261,1410,1670,3.3,11,6,19.8
치지직,김망고O,1486,1578,1519,1407,5.8,8,5.344827586206897,31
치지직,김땡땡72,1486.2,1857,1918,869,23,6,3.626086956521739,83.4
치지직,설류은,1486.8,1444,1410,1585,3.8,9,6,22.8
치지직,맛있는 너구리라면,1487.6,1704,1859,1008,16.5,7,3.812121212121212,62.9
치지직,E클립S,1488,1578,1596,1335,7.1,8,4.901408450704225,34.8
치지직,TWOSUNPLACE,1488,1444,1702,1296,8.4,9,4.392857142857143,36.9
치지직,레인드롭,1490.2,1343,1659,1395,6.8,10,4.647058823529412,31.6
치지직,김 민트,1490.8,1578,1714,1224,9.8,8,4.336734693877551,42.5
치지직,두푸,1493.6,1444,1505,1507,4.8,9,5.4375,26.1
치지직,맴마,1494.6,1261,1300,1806,2.4,11,6.708333333333333,16.1
SOOP,빡퇘.,1494.8,1704,1534,1351,6.4,7,5.28125,33.8
치지직,탄잡스,1495.6,1444,1357,1660,3.2,9,6.3125,20.2
치지직,박주경,1495.8,1173,1774,1379,7.9,12,4.113924050632911,32.5
치지직,오하루땅,1496.6,1343,1992,1078,16.2,10,3.3641975308641974,54.5
치지직,여행감자,1496.8,1578,1446,1507,4.5,8,5.8,26.1
SOOP,진주냥,1497.6,1444,1179,1843,2,9,7.65,15.3
SOOP,미에링,1500,1704,1658,1240,8.9,7,4.651685393258427,41.4
치지직,하 다람,1500.8,1444,1317,1713,2.8,9,6.607142857142857,18.5
치지직,PasaCrow,1501,1343,1320,1761,2.6,10,6.576923076923077,17.1
치지직,치땅꾸,1502.2,1343,1546,1538,4.8,10,5.166666666666667,24.8
치지직,크헐헐,1505.2,1444,1208,1833,2.1,9,7.380952380952381,15.5
SOOP,벨로스레아,1505.2,1704,1883,1028,16.4,7,3.7378048780487805,61.3
치지직,윤돌핀,1505.6,1444,2326,716,46.6,9,2.4656652360515023,114.9
SOOP,해피핑,1506.8,1704,2148,767,34.9,7,2.997134670487106,104.6
치지직,Omurang,1508.4,1444,1736,1313,8.5,9,4.247058823529412,36.1
치지직,유즈사 헤라,1509,1261,1142,2000,1.5,11,7.933333333333334,11.9
SOOP,빈쫑,1509.4,1343,1331,1771,2.6,10,6.5,16.9
SOOP,안눙_,1510.4,1444,1394,1660,3.3,9,6.121212121212121,20.2
SOOP,한남99호,1510.8,1704,1818,1107,13.1,7,3.946564885496183,51.7
치지직,어리바리곤듀,1512.8,1444,1477,1583,4.1,9,5.609756097560975,23
SOOP,정깜.,1512.8,1444,1275,1785,2.4,9,6.875,16.5
치지직,멍써,1514.2,1343,1152,1962,1.6,10,7.875,12.6
치지직,하츠미 HATSUMI,1515.4,1173,935,2267,0.7,12,10.571428571428571,7.4
치지직,phelia1,1515.4,1173,1873,1329,9.3,12,3.774193548387097,35.1
치지직,다이진888,1515.8,975,1672,1630,4.6,15,4.586956521739131,21.1
치지직,이초 2sec,1517,1261,1129,2033,1.4,11,8.071428571428571,11.3
치지직,대추야자,1517.2,1704,2110,831,29.8,7,3.0268456375838926,90.2
치지직,덤덤보,1517.8,1343,1087,2036,1.3,10,8.615384615384615,11.2
SOOP,유솜_,1519.2,1036,812,2468,0.4,14,12.5,5
치지직,레오 130,1520.4,1578,1505,1507,4.8,8,5.4375,26.1
씨미,먀망,1520.6,1343,1433,1697,3.2,10,5.875,18.8
치지직,펩제라 펩제라,1521,1343,1134,1997,1.5,10,8,12
SOOP,삐딱냥,1521.2,1704,1684,1267,8.6,7,4.5,38.7
치지직,김해적,1522.2,1343,1187,1947,1.7,10,7.588235294117647,12.9
SOOP,상인상,1522.2,1173,989,2230,0.8,12,9.75,7.8
치지직,야오시 모모M,1523,1343,1550,1586,4.4,10,5.159090909090909,22.7
SOOP,임세계,1523.6,1578,1312,1708,2.8,8,6.642857142857143,18.6
SOOP,태수!!,1524,1578,1419,1602,3.7,8,5.972972972972973,22.1
SOOP,준신,1524.4,1444,1365,1724,2.9,9,6.275862068965517,18.2
치지직,은성ow,1524.8,1704,1811,1149,12.1,7,3.9917355371900825,48.3
치지직,막판,1524.8,1704,1613,1347,7,7,4.8428571428571425,33.9
치지직,거야,1525.4,1343,1651,1491,5.7,10,4.666666666666667,26.6
치지직,희솜,1528,1704,1846,1122,13.1,7,3.854961832061069,50.5
SOOP,깅태,1529.4,1857,1656,1239,8.9,6,4.662921348314606,41.5
치지직,유키네 하츠라,1531,1105,927,2348,0.6,13,10.666666666666666,6.4
치지직,민트아가씨,1533,1173,1273,1973,1.8,12,6.888888888888889,12.4
SOOP,PLANNA유나,1534.4,1704,1554,1430,5.8,7,5.120689655172414,29.7
SOOP,해따,1535.2,1444,1341,1775,2.6,9,6.423076923076923,16.7
치지직,쵸 연,1536.4,1444,1271,1848,2.2,9,6.909090909090909,15.2
SOOP,씬쏘,1537.6,1578,1236,1819,2.2,8,7.181818181818182,15.8
치지직,보름 borum,1538.6,1261,1163,2053,1.4,11,7.785714285714286,10.9
치지직,거짓이슬,1538.6,1261,1877,1339,9.2,11,3.760869565217391,34.6
치지직,Sumv,1538.6,1343,1671,1504,5.7,10,4.5964912280701755,26.2
SOOP,코코넛프라페,1539.2,1578,1375,1684,3.1,8,6.225806451612903,19.3
SOOP,타올이,1539.8,1261,1210,2009,1.6,11,7.375,11.8
SOOP,꼬시앵,1540.4,1704,1535,1464,5.3,7,5.264150943396227,27.9
SOOP,이은밍,1542.2,805,581,2872,0.1,19,19,1.9
치지직,도하비,1542.4,1578,1994,1073,16.5,8,3.3515151515151516,55.3
SOOP,연주홍_,1543.4,1261,1030,2198,0.9,11,9.222222222222221,8.3
치지직,미엘린,1544.8,1444,1302,1838,2.3,9,6.695652173913044,15.4
SOOP,도케비,1545,1857,1778,1156,11.7,6,4.085470085470085,47.8
치지직,비올레티,1545,1261,1285,1947,1.9,11,6.7894736842105265,12.9
SOOP,서단아.,1545.6,1444,1439,1703,3.2,9,5.84375,18.7
SOOP,행구리.,1545.6,1444,1142,2000,1.5,9,7.933333333333334,11.9
SOOP,돌바난,1547.4,1343,1042,2155,1,10,9.1,9.1
치지직,포 얼,1547.6,1578,2220,860,30.8,8,2.788961038961039,85.9
SOOP,그림자2,1548,2062,2450,389,142.7,5,2.1415557112824106,305.6
SOOP,마철용3,1548.4,2062,2038,802,29.7,5,3.225589225589226,95.8
SOOP,피에로-,1548.8,1578,1730,1353,7.9,8,4.265822784810126,33.7
SOOP,ArgonKHS,1550,1704,1556,1467,5.4,7,5.111111111111111,27.6
SOOP,미쑬쩡,1550.4,1704,1510,1514,4.8,7,5.395833333333333,25.9
치지직,솔아리,1551.2,1444,1530,1626,4,9,5.3,21.2
SOOP,선미쓰,1551.2,1444,1247,1909,1.9,9,7.105263157894737,13.5
SOOP,lemonpea,1554,1578,1600,1496,5.4,8,4.888888888888889,26.4
SOOP,히몽이,1554.4,1704,1863,1171,12.3,7,3.8048780487804876,46.8
SOOP,짜이건,1555,1857,1991,968,20.3,6,3.374384236453202,68.5
치지직,기남시,1556.4,1444,1229,1940,1.8,9,7.222222222222222,13
치지직,앤디게임,1558.8,1444,2177,998,21.9,9,2.91324200913242,63.8
치지직,날2,1559.2,1578,1737,1372,7.7,8,4.246753246753247,32.7
치지직,요츠네,1560.8,1578,1909,1204,12,8,3.65,43.8
SOOP,프디바보멍충,1561.8,1857,1788,1188,11.1,6,4.054054054054054,45
치지직,콩 시 루,1562,1578,1821,1295,9.4,8,3.9361702127659575,37
치지직,여믜여믜땅,1562.8,1444,1525,1660,3.8,9,5.315789473684211,20.2
치지직,루네아 비쥬,1563.6,1444,1170,2017,1.5,9,7.733333333333333,11.6
치지직,하무키,1563.8,1343,1246,1992,1.7,10,7.117647058823529,12.1
SOOP,뚜헝,1566.2,1857,1603,1384,6.6,6,4.878787878787879,32.2
치지직,마민 mamin,1566.4,1444,1307,1887,2.1,9,6.666666666666667,14
SOOP,빠삐코TV,1566.4,2292,2151,619,48.6,4,2.977366255144033,144.7
치지직,태시기Taesigi,1566.8,1704,2267,798,37.1,7,2.641509433962264,98
치지직,대구흑염소,1567,1343,1760,1486,6.4,10,4.1875,26.8
치지직,뾰린,1567.4,1261,1068,2220,0.9,11,8.777777777777779,7.9
SOOP,사자º,1567.6,1704,1465,1602,3.9,7,5.666666666666667,22.1
SOOP,김잇딥,1569.2,1578,1187,1947,1.7,8,7.588235294117647,12.9
SOOP,기무댕,1569.8,1343,1479,1774,3,10,5.6,16.8
SOOP,세로-,1570,1444,1045,2158,1,9,9,9
치지직,광 진 구,1571.2,1444,1993,1213,12.9,9,3.356589147286822,43.3
치지직,김종이 PaperKim,1575.4,1857,2065,945,22.8,6,3.1535087719298245,71.9
치지직,아름잉,1576,1704,2010,1078,16.4,7,3.323170731707317,54.5
치지직,닉길,1580.4,1578,1598,1564,4.9,8,4.8979591836734695,24
SOOP,진현킴,1580.6,1261,1117,2204,1,11,8.2,8.2
SOOP,규나.,1581.8,873,955,2563,0.4,17,10.25,4.1
치지직,구새우,1582,1444,1713,1520,5.9,9,4.338983050847458,25.6
치지직,지미이입니다,1582,1578,1891,1275,10.2,8,3.7254901960784315,38
치지직,나개누들,1582.4,1444,1564,1670,3.9,9,5.076923076923077,19.8
SOOP,한나금,1582.6,1343,1098,2187,1,10,8.4,8.4
치지직,밤한이,1583.8,1343,1742,1546,5.8,10,4.224137931034483,24.5
치지직,볼빨간고라니,1586.4,1578,2182,995,22.1,8,2.9049773755656108,64.2
치지직,두무,1587,1343,1029,2267,0.8,10,9.25,7.4
치지직,루네리 Luneri,1588.4,1704,1760,1359,8,7,4.1875,33.5
치지직,럽샥,1590,1444,1889,1364,8.9,9,3.730337078651685,33.2
치지직,린디Rindi,1590,1578,1462,1724,3.2,8,5.6875,18.2
치지직,요원요원,1590.4,1444,1514,1740,3.3,9,5.363636363636363,17.7
치지직,금침환,1590.8,1578,1441,1747,3,8,5.833333333333333,17.5
치지직,차차삐,1591.4,1261,1134,2214,1,11,8,8
치지직,릴라차,1592.6,1105,1296,2133,1.4,13,6.714285714285714,9.4
치지직,너가 좀 알려줘,1593,1343,1641,1670,4.2,10,4.714285714285714,19.8
SOOP,닝야_Ningya,1593,1857,1745,1309,8.6,6,4.22093023255814,36.3
치지직,이오링0,1593,1173,1086,2310,0.8,12,8.625,6.9
치지직,콩실이s,1596.4,1704,1662,1477,5.9,7,4.627118644067797,27.3
치지직,감정적으로겜함,1597,1343,1117,2204,1,10,8.2,8.2
씨미,방유청,1599.4,1343,1045,2282,0.8,10,9,7.2
치지직,빠쿄,1600.4,1578,1679,1533,5.5,8,4.545454545454546,25
치지직,성 순 이,1601.8,1261,1074,2300,0.8,11,8.75,7
치지직,뉴국재,1603.2,1704,2084,1072,17.9,7,3.106145251396648,55.6
치지직,하프냥 HafuNeKo,1604,1578,2008,1213,13,8,3.330769230769231,43.3
치지직,쪼렙5,1606.4,1444,1570,1724,3.6,9,5.055555555555555,18.2
치지직,동글1동글,1606.4,1704,1775,1389,7.8,7,4.102564102564102,32
SOOP,꼬탄주한모금,1606.8,1704,1526,1639,3.9,7,5.3076923076923075,20.7
치지직,o삐뿌o,1606.8,1578,1977,1251,11.7,8,3.4017094017094016,39.8
SOOP,늘쫑,1606.8,1704,1586,1579,4.7,7,4.957446808510638,23.3
치지직,고한수,1611,1343,1198,2158,1.2,10,7.5,9
치지직,김 엘렌,1611.4,1343,1444,1913,2.3,10,5.826086956521739,13.4
치지직,마키 Makii,1611.6,1704,1981,1196,13.1,7,3.3969465648854964,44.5
치지직,복날강아지,1611.6,1578,1884,1356,9,8,3.7333333333333334,33.6
SOOP,구투_,1613.2,2062,1976,1026,18,5,3.4166666666666665,61.5
SOOP,오정제,1613.6,1578,1428,1817,2.7,8,5.888888888888889,15.9
치지직,i1ly,1614.8,1704,1727,1458,6.6,7,4.2727272727272725,28.2
치지직,네쿠 necu,1615.2,1444,1629,1687,4,9,4.775,19.1
치지직,몽키쌤,1615.6,1704,1793,1394,7.9,7,4.012658227848101,31.7
치지직,국국세환,1617.2,1578,1514,1740,3.3,8,5.363636363636363,17.7
치지직,밍녕,1618.4,1704,1763,1431,7.1,7,4.169014084507042,29.6
치지직,레드오랭지,1618.4,1444,1231,2093,1.4,9,7.214285714285714,10.1
SOOP,아카제_,1621,1857,1633,1491,5.6,6,4.75,26.6
치지직,고소한누룽지탕,1621.4,1857,1871,1254,10.5,6,3.780952380952381,39.7
치지직,죄현이,1622.4,1444,1457,1877,2.5,9,5.72,14.3
치지직,ow ravi,1624,1444,1907,1431,8.1,9,3.654320987654321,29.6
치지직,귤먹고노래짐,1624.4,1704,2230,979,24.2,7,2.760330578512397,66.8
SOOP,아리민이,1625.2,1578,1244,2030,1.6,8,7.125,11.4
치지직,천하진123,1625.6,1444,1266,2076,1.5,9,6.933333333333334,10.4
치지직,임다은,1626.4,1704,2079,1135,16,7,3.1125,49.8
치지직,Trekking,1628,1444,2317,1031,24.5,9,2.4816326530612245,60.8
SOOP,무지개항아리,1628,2062,1590,1449,5.8,5,4.931034482758621,28.6
SOOP,더픽스,1628.8,1704,1401,1819,2.6,7,6.076923076923077,15.8
SOOP,라붕,1630,1704,1541,1682,3.7,7,5.243243243243243,19.4
치지직,김강생,1630.4,1578,2378,909,33.7,8,2.314540059347181,78
치지직,dozzy,1630.8,1578,1742,1546,5.8,8,4.224137931034483,24.5
치지직,거1겐,1630.8,1578,1988,1300,10.9,8,3.376146788990826,36.8
치지직,디딛띱,1631.2,1704,1813,1413,7.7,7,3.9740259740259742,30.6
SOOP,소망망이,1632.8,1444,1103,2257,0.9,9,8.333333333333334,7.5
SOOP,든세2,1637.2,1704,1902,1339,9.4,7,3.6808510638297873,34.6
치지직,오하순,1637.2,1578,1575,1729,3.6,8,5,18
치지직,salgu6,1637.6,1578,1828,1477,7,8,3.9,27.3
치지직,흑설월,1643.2,1704,1617,1639,4.3,7,4.813953488372093,20.7
치지직,크로캣,1643.6,1444,2277,1110,19.8,9,2.601010101010101,51.5
치지직,마부카,1647.6,1578,1661,1669,4.3,8,4.627906976744186,19.9
치지직,권 요 한,1647.8,1173,886,2647,0.3,12,11.333333333333334,3.4
치지직,딸피2,1649.6,1444,1307,2095,1.5,9,6.666666666666667,10
치지직,솜탕Somtang,1651,1343,1236,2220,1.1,10,7.181818181818182,7.9
치지직,낙쭌,1651.6,1704,2258,1019,23.3,7,2.6695278969957084,62.2
치지직,미츄리,1652,1578,1708,1633,4.8,8,4.375,21
치지직,삼다수빈,1652,1704,1968,1310,10.5,7,3.447619047619048,36.2
치지직,단망찌,1654.6,1343,1165,2300,0.9,10,7.777777777777778,7
치지직,쁠러팅,1654.6,1343,1752,1713,4.4,10,4.204545454545454,18.5
치지직,유 보 라,1655.4,1343,1125,2342,0.8,10,8.125,6.5
치지직,진짜루비,1655.8,1261,1456,2053,1.9,11,5.7368421052631575,10.9
치지직,망령 mangryeong,1656.6,1343,1861,1609,5.7,10,3.807017543859649,21.7
치지직,밤밤94,1657.8,1857,2231,985,24,6,2.75,66
SOOP,하뉴.,1659.6,1704,1405,1892,2.3,7,6.043478260869565,13.9
치지직,iyong,1661,1343,1489,1992,2.2,10,5.5,12.1
치지직,0쨍쨍이0,1661.4,1857,1794,1431,7.4,6,4,29.6
치지직,트위치바쿠간,1662.4,1704,2440,864,39.3,7,2.162849872773537,85
치지직,후유네 S2,1664.2,1343,1531,1958,2.4,10,5.291666666666667,12.7
SOOP,Kimtan2,1665.2,2062,1956,1176,13.3,5,3.488721804511278,46.4
SOOP,베리:Ｄ,1665.4,1857,1602,1633,4.3,6,4.883720930232558,21
치지직,장기선생님,1666.2,1857,1955,1282,10.8,6,3.490740740740741,37.7
치지직,곰머꼭이,1666.8,1444,1524,1921,2.5,9,5.32,13.3
SOOP,단디팍,1667.6,2062,1749,1389,7.6,5,4.2105263157894735,32
SOOP,elvaow,1668.8,2062,1932,1209,12.2,5,3.5655737704918034,43.5
SOOP,이따비,1668.8,1444,1381,2069,1.7,9,6.176470588235294,10.5
치지직,도 마 도,1669.2,1704,2316,1005,25.4,7,2.484251968503937,63.1
치지직,서이당,1669.6,1578,1575,1810,3.2,8,5,16
치지직,햄균,1670.8,1578,2173,1215,14.8,8,2.918918918918919,43.2
SOOP,감자빵77,1671.8,1105,840,2787,0.2,13,12,2.4
치지직,솜하치,1674.8,1704,1850,1485,7,7,3.842857142857143,26.9
SOOP,투이지_,1674.8,1444,1465,2000,2.1,9,5.666666666666667,11.9
SOOP,정포도_,1675.6,1578,1497,1903,2.5,8,5.48,13.7
치지직,차 메,1675.6,1704,2324,1013,25.3,7,2.4703557312252964,62.5
치지직,POTG 멋쟁이토마토,1677.6,1704,2195,1147,17,7,2.8529411764705883,48.5
SOOP,악천이321,1680.8,2292,2095,961,22.7,4,3.0748898678414096,69.8
치지직,주해우,1681,1857,2024,1250,12.3,6,3.268292682926829,40.2
치지직,공 운,1681,1343,1124,2407,0.7,10,8.142857142857142,5.7
치지직,슬라임00,1681.4,1343,1553,1979,2.4,10,5.125,12.3
치지직,꿀곰이,1682,1578,2155,1261,13.2,8,2.962121212121212,39.1
치지직,엘리시아 벨리오,1682.2,1261,1561,2014,2.3,11,5.086956521739131,11.7
치지직,그림자2,1684,1704,2809,549,142.7,7,1.2578836720392432,179.5
치지직,선밀크,1684,1704,1694,1664,4.5,7,4.466666666666667,20.1
SOOP,피야.,1686.2,1343,1034,2510,0.5,10,9.2,4.6
치지직,과 고 리,1686.4,1704,1812,1552,6.1,7,3.9836065573770494,24.3
치지직,루또 Rutto,1687.2,1578,1296,2133,1.4,8,6.714285714285714,9.4
SOOP,청순딜러,1688.2,1857,1649,1643,4.4,6,4.681818181818182,20.6
SOOP,까복치,1688.4,2062,2009,1181,13.8,5,3.3260869565217392,45.9
치지직,이신나,1688.6,1173,2210,1425,10.6,12,2.8207547169811322,29.9
치지직,정여하,1688.8,1704,1569,1801,3.2,7,5.0625,16.2
치지직,비스켓 Biscuit,1689.2,1578,1841,1593,5.8,8,3.8793103448275863,22.5
치지직,우주악당해적로봇,1689.2,1578,1604,1830,3.2,8,4.875,15.6
SOOP,설형_,1690,1578,1350,2086,1.6,8,6.375,10.2
치지직,김화린,1690.4,1578,1681,1756,3.8,8,4.526315789473684,17.2
SOOP,알파카카7,1693,1857,1612,1692,3.9,6,4.846153846153846,18.9
치지직,외계소보루,1693.2,1704,1523,1858,2.8,7,5.321428571428571,14.9
SOOP,배배랑,1693.2,1704,1500,1881,2.6,7,5.461538461538462,14.2
치지직,김조랭이,1694.8,1578,1508,1940,2.4,8,5.416666666666667,13
치지직,조운이당,1695.4,1857,1560,1750,3.4,6,5.088235294117647,17.3
치지직,방가영,1695.4,1261,1551,2057,2.1,11,5.142857142857143,10.8
치지직,윤디v,1695.6,1704,1771,1616,5.2,7,4.134615384615385,21.5
치지직,병덕이,1695.8,1857,2189,1122,17.6,6,2.8693181818181817,50.5
치지직,김갤덕,1696,1578,2318,1133,20.2,8,2.48019801980198,50.1
치지직,호나브로,1696,1704,2178,1210,14.9,7,2.912751677852349,43.4
치지직,XIANL2,1696.6,1343,1390,2180,1.4,10,6.142857142857143,8.6
치지직,하이지이,1697.8,1857,2016,1300,11.2,6,3.2857142857142856,36.8
SOOP,백춘식.,1698.8,2062,1914,1302,10.1,5,3.633663366336634,36.7
치지직,달무리빛,1701.6,1578,1675,1790,3.6,8,4.555555555555555,16.4
SOOP,밴드◎,1702,1578,1371,2095,1.6,8,6.25,10
치지직,고만둥,1702,1444,1944,1589,6.4,9,3.53125,22.6
치지직,잠옷냥,1702.8,1704,1717,1688,4.4,7,4.318181818181818,19
치지직,로이드윈,1702.8,1578,1765,1703,4.5,8,4.155555555555556,18.7
치지직,가 백,1704,1444,1625,1913,2.8,9,4.785714285714286,13.4
치지직,리차드373,1704.8,1578,2012,1461,8.5,8,3.3058823529411763,28.1
치지직,할버튼ㅣ,1705,1343,1695,1896,3.1,10,4.451612903225806,13.8
치지직,꾸준이,1705.6,1444,1609,1933,2.7,9,4.851851851851852,13.1
SOOP,남재건,1705.6,2062,1945,1288,10.6,5,3.518867924528302,37.3
치지직,샤라킹 Shine Like a King,1706.8,1704,2432,983,30.5,7,2.1737704918032787,66.3
SOOP,지뇽_,1707.6,2062,2034,1204,13.5,5,3.2444444444444445,43.8
SOOP,갱갱_♥,1711.2,1704,1665,1761,3.7,7,4.621621621621622,17.1
SOOP,슬립낫맨,1714.4,1704,1604,1830,3.2,7,4.875,15.6
SOOP,Ado,1714.4,1578,1339,2158,1.4,8,6.428571428571429,9
치지직,유혀니,1715.2,1444,2393,1173,20.4,9,2.2794117647058822,46.5
SOOP,J™,1715.8,1857,1860,1501,6.9,6,3.8115942028985508,26.3
SOOP,까미꿍,1717.6,1704,1584,1858,3,7,4.966666666666667,14.9
치지직,게임하는 백상아리,1718.4,1704,1842,1602,5.7,7,3.8771929824561404,22.1
치지직,쒸이저,1719,1173,1326,2385,0.9,12,6.555555555555555,5.9
SOOP,시라유리,1719.2,1444,1198,2378,0.8,9,7.5,6
치지직,W하울M,1720,1444,1517,2061,2,9,5.35,10.7
치지직,단 찌,1720.4,1444,1666,1913,2.9,9,4.620689655172414,13.4
SOOP,흑생,1723,1857,1827,1552,6.2,6,3.9193548387096775,24.3
치지직,리루입니다,1723.2,1704,1700,1756,3.9,7,4.410256410256411,17.2
치지직,용내미,1724,1578,1353,2168,1.4,8,6.357142857142857,8.9
치지직,예몽몽,1726,1578,1431,2095,1.7,8,5.882352941176471,10
치지직,나오스0,1726,1704,2170,1293,12.7,7,2.921259842519685,37.1
치지직,쭈쭈네,1728.8,1444,2208,1392,11.3,9,2.8230088495575223,31.9
SOOP,몽티몽티:D,1729.2,1704,2019,1452,8.7,7,3.2758620689655173,28.5
SOOP,다쿠_,1730.8,1704,1738,1737,4.2,7,4.238095238095238,17.8
치지직,l하뇽이l,1732,1578,1751,1790,3.9,8,4.205128205128205,16.4
SOOP,콩빈,1732.4,2292,2322,863,34.5,4,2.472463768115942,85.3
치지직,ㅈ1윤,1733,1857,2275,1129,19.2,6,2.6145833333333335,50.2
SOOP,김알짱,1733.2,2062,2243,1059,21.2,5,2.7169811320754715,57.6
치지직,폭풍팟쥐또로리,1733.6,1704,2215,1267,13.8,7,2.8043478260869565,38.7
치지직,김파인애플,1734.4,1578,1349,2198,1.3,8,6.384615384615385,8.3
치지직,KimDino김디노,1734.4,1704,1960,1524,7.3,7,3.4794520547945207,25.4
SOOP,성찬킴,1734.6,1857,1864,1544,6.5,6,3.8,24.7
치지직,존싴,1735.6,1704,1898,1589,6.1,7,3.7049180327868854,22.6
치지직,나 봉,1736.4,1444,1134,2485,0.6,9,8,4.8
치지직,녜코,1736.6,1343,1045,2625,0.4,10,9,3.6
치지직,남보마,1736.8,1704,1460,2030,2,7,5.7,11.4
씨미,만보긔,1738.4,1444,1301,2323,1,9,6.7,6.7
치지직,투유toyou,1739.4,1857,2412,1008,28.4,6,2.214788732394366,62.9
치지직,겜퀸비,1740,1578,1331,2230,1.2,8,6.5,7.8
SOOP,ReaperDark,1741,1857,1776,1648,5,6,4.1,20.5
치지직,PLANNA 유나공주,1743.6,1578,1931,1639,5.8,8,3.5689655172413794,20.7
치지직,마찌롱,1743.6,1578,1693,1877,3.2,8,4.46875,14.3
SOOP,새벽별__,1743.8,1857,1630,1801,3.4,6,4.764705882352941,16.2
SOOP,암살냥,1746,2062,1648,1686,4.1,5,4.682926829268292,19.2
SOOP,뿌뿌박스,1746.2,1857,1734,1703,4.4,6,4.25,18.7
치지직,물총빵야,1746.8,1444,1559,2086,2,9,5.1,10.2
치지직,김테리TERY,1748.8,1704,1723,1797,3.8,7,4.2894736842105265,16.3
치지직,활친놈 말쭈기,1749.4,1857,2100,1345,11.2,6,3.0625,34.3
치지직,안개은신술,1749.8,1343,1597,2106,2,10,4.9,9.8
SOOP,도이한,1751.2,1578,1313,2276,1.1,8,6.636363636363637,7.3
SOOP,강까르_,1752,2062,1839,1510,6.7,5,3.8805970149253732,26
치지직,린푸푸,1756,1578,1387,2214,1.3,8,6.153846153846154,8
치지직,하또랑,1756.8,1578,1741,1862,3.5,8,4.228571428571429,14.8
SOOP,남네님,1756.8,2292,2025,1221,13.1,4,3.267175572519084,42.8
치지직,정포도,1758.4,1578,1678,1929,2.9,8,4.551724137931035,13.2
SOOP,므가앙,1758.4,1444,1256,2418,0.8,9,7,5.6
치지직,쀼연,1758.8,1704,1512,2033,2.1,7,5.380952380952381,11.3
SOOP,화니다요,1759.2,1444,1366,2310,1.1,9,6.2727272727272725,6.9
SOOP,호아띠☆,1760.4,2062,1673,1697,4.1,5,4.585365853658536,18.8
치지직,서뚜비,1760.6,1343,1489,2241,1.4,10,5.5,7.7
SOOP,현이님♥,1761.2,1704,1465,2086,1.8,7,5.666666666666667,10.2
SOOP,태썬,1762.8,2062,1817,1559,6.1,5,3.9508196721311477,24.1
치지직,코라 qora,1763.6,1444,1651,2036,2.4,9,4.666666666666667,11.2
SOOP,메츄리알,1763.8,1857,1633,1848,3.2,6,4.75,15.2
SOOP,예다혜,1766.4,1578,1674,1953,2.8,8,4.571428571428571,12.8
치지직,이민환 LeeMinHwan,1767.6,1444,1379,2318,1.1,9,6.181818181818182,6.8
치지직,카라스 쌤,1768.4,1444,1726,1973,2.9,9,4.275862068965517,12.4
SOOP,동현*_*,1769,1857,1770,1724,4.4,6,4.136363636363637,18.2
치지직,망카입니다,1770.8,1704,1628,1947,2.7,7,4.777777777777778,12.9
SOOP,미유냥,1772,1704,1483,2095,1.8,7,5.555555555555555,10
SOOP,정애더,1772.2,1105,1006,2872,0.2,13,9.5,1.9
SOOP,#최무성,1774,2062,2070,1334,11.1,5,3.144144144144144,34.9
치지직,니루NIRU,1774.8,1704,1585,2000,2.4,7,4.958333333333333,11.9
SOOP,서로2,1775.2,1578,1382,2267,1.2,8,6.166666666666667,7.4
치지직,클레버리1,1776.4,1704,1572,2017,2.3,7,5.043478260869565,11.6
치지직,흑두꺼비,1776.4,1704,1897,1692,5.1,7,3.7058823529411766,18.9
치지직,양잉,1778,1704,2037,1556,7.5,7,3.2266666666666666,24.2
치지직,럭키리,1778.8,1704,1816,1779,4.2,7,3.9523809523809526,16.6
SOOP,누구냥패왕섹,1780,2062,2097,1322,11.6,5,3.0689655172413794,35.6
치지직,반호,1780,1704,2159,1439,9.9,7,2.9494949494949494,29.2
SOOP,강삐닝,1780,1704,1452,2146,1.6,7,5.75,9.2
SOOP,김서후,1780.4,1578,1489,2173,1.6,8,5.5,8.8
치지직,김시끄,1780.8,1578,1587,2076,2.1,8,4.9523809523809526,10.4
치지직,리시나,1780.8,1578,1422,2241,1.3,8,5.923076923076923,7.7
SOOP,욱스딱스,1781.6,2062,1815,1608,5.5,5,3.963636363636364,21.8
SOOP,묘앵,1781.6,2062,1854,1569,6.2,5,3.8225806451612905,23.7
치지직,wkdrbwls,1782.8,1578,1787,1881,3.5,8,4.057142857142857,14.2
치지직,톸히,1784.6,1343,1186,2604,0.5,10,7.6,3.8
SOOP,울새.,1784.8,1578,1331,2342,1,8,6.5,6.5
SOOP,YANGJUN_,1785.2,1444,1441,2300,1.2,9,5.833333333333333,7
치지직,레오니 Leoni,1785.6,1704,1739,1873,3.4,7,4.235294117647059,14.4
SOOP,마키___,1786.2,1857,2167,1370,11.2,6,2.9285714285714284,32.8
씨미,은밤결,1786.6,1857,1625,1913,2.8,6,4.785714285714286,13.4
치지직,롤 동 현,1786.8,1704,1782,1833,3.8,7,4.078947368421052,15.5
치지직,흑달곰,1788,1578,1689,1992,2.7,8,4.481481481481482,12.1
SOOP,혤미,1788,2292,1965,1359,9.7,4,3.4536082474226806,33.5
치지직,코하로,1788.8,1704,1711,1909,3.1,7,4.354838709677419,13.5
치지직,른자 leunja,1788.8,1704,2539,1081,27.3,7,1.9926739926739927,54.4
치지직,꼬만,1789.2,1704,1401,2220,1.3,7,6.076923076923077,7.9
치지직,잔리화,1789.6,1578,1307,2378,0.9,8,6.666666666666667,6
치지직,퇴근남유경유,1790.8,1578,1720,1968,2.9,8,4.310344827586207,12.5
치지직,오민omin,1791.8,1857,2074,1477,8.7,6,3.1379310344827585,27.3
치지직,유안Uan,1792.2,1857,1709,1843,3.5,6,4.371428571428571,15.3
SOOP,유브16,1794,2062,1657,1797,3.5,5,4.6571428571428575,16.3
치지직,유구리YOOGURI,1795.2,1444,1484,2282,1.3,9,5.538461538461538,7.2
치지직,묘 링,1797.8,1343,1397,2426,0.9,10,6.111111111111111,5.5
치지직,방갈로 BANGALO,1797.8,1857,1776,1790,4,6,4.1,16.4
치지직,콜라희,1798.8,1704,1623,2022,2.4,7,4.791666666666667,11.5
치지직,달비 dalbee,1799.4,1857,1641,1929,2.8,6,4.714285714285714,13.2
치지직,허스키다요,1800.2,1857,1532,2040,2.1,6,5.285714285714286,11.1
치지직,부산촌놈최씨,1802.4,1578,2186,1531,8.7,8,2.896551724137931,25.2
치지직,Goo9ooCat,1802.6,1857,1969,1609,6.3,6,3.4444444444444446,21.7
치지직,마우,1802.8,2062,2362,1114,21.6,5,2.365740740740741,51.1
치지직,식신달,1804.4,1704,2292,1367,12.9,7,2.558139534883721,33
치지직,돋이킥,1804.6,1857,2219,1364,11.9,6,2.7899159663865545,33.2
치지직,아론93,1805,1857,2279,1305,14.1,6,2.5886524822695036,36.5
치지직,너구리 살생부,1806,1704,1422,2241,1.3,7,5.923076923076923,7.7
SOOP,딴소,1806.8,2062,2418,1068,25.5,5,2.2,56.1
SOOP,이달범,1806.8,2292,2185,1186,15.6,4,2.8974358974358974,45.2
치지직,쥬쥬브,1807.8,1857,1733,1858,3.5,6,4.257142857142857,14.9
SOOP,하푸띠,1808.4,2062,2098,1392,10.4,5,3.0673076923076925,31.9
치지직,마옐,1809.8,1857,1835,1761,4.4,6,3.8863636363636362,17.1
SOOP,머씨룸,1810,2062,2069,1425,9.5,5,3.1473684210526316,29.9
치지직,쭈쿵,1811.8,1857,1893,1708,5,6,3.72,18.6
치지직,아즈칸 류,1813.4,1105,1256,2725,0.4,13,7,2.8
치지직,러마스 노바,1814.4,1578,1785,1962,3.1,8,4.064516129032258,12.6
SOOP,후니Huniee,1814.6,1857,1551,2057,2.1,6,5.142857142857143,10.8
치지직,삐 뇽,1815.6,1444,1565,2252,1.5,9,5.066666666666666,7.6
치지직,아콩핑,1815.6,1444,1565,2252,1.5,9,5.066666666666666,7.6
치지직,니빙,1816,1578,1475,2276,1.3,8,5.615384615384615,7.3
치지직,리어4,1817.6,1444,2298,1524,10,9,2.54,25.4
치지직,류벨라0917,1818,1704,1473,2220,1.4,7,5.642857142857143,7.9
치지직,김민홍,1819,1857,2188,1431,10.3,6,2.8737864077669903,29.6
SOOP,타쵸쵸,1819,1261,907,3010,0.1,11,11,1.1
치지직,오카 리나,1819,1261,907,3010,0.1,11,11,1.1
치지직,J N,1820.8,1444,2433,1397,14.5,9,2.1724137931034484,31.5
치지직,쿠사노 kusano,1821.4,1857,1946,1679,5.6,6,3.5,19.6
치지직,제갈혜선,1822,1578,1484,2282,1.3,8,5.538461538461538,7.2
SOOP,백야♬♥,1824.4,1444,1078,2761,0.3,9,8.666666666666666,2.6
SOOP,세르초이,1824.8,2292,2044,1372,10.2,4,3.2058823529411766,32.7
치지직,이나프 NafeX,1825.2,1704,2014,1697,5.7,7,3.2982456140350878,18.8
치지직,아람치,1825.4,1857,2105,1530,8.3,6,3.0481927710843375,25.3
치지직,쑤안,1826.2,1857,2648,989,39.3,6,1.6641221374045803,65.4
치지직,한상원,1826.6,1857,2049,1589,7.1,6,3.183098591549296,22.6
SOOP,솜솜둥,1829.2,2062,1609,1933,2.7,5,4.851851851851852,13.1
치지직,설여운,1829.6,1578,1864,1921,3.5,8,3.8,13.3
SOOP,박오훈,1829.8,2581,2425,859,39.8,3,2.1834170854271355,86.9
치지직,듀비 Dubee,1830.8,1704,1611,2114,2,7,4.85,9.7
치지직,바이이잉,1833.2,1704,1668,2063,2.3,7,4.608695652173913,10.6
치지직,호 람,1834.8,1444,1428,2437,0.9,9,5.888888888888889,5.3
치지직,김쿠엔,1835.2,1704,1696,2040,2.5,7,4.44,11.1
치지직,오만찡,1835.6,2062,2205,1353,11.9,5,2.831932773109244,33.7
치지직,김한소리,1836.2,1857,2103,1559,7.9,6,3.050632911392405,24.1
치지직,무시카092,1837,1343,1134,2787,0.3,10,8,2.4
치지직,palpatine,1837.6,1578,1847,1958,3.3,8,3.8484848484848486,12.7
SOOP,안경뚱떙이,1837.6,1578,1134,2671,0.4,8,8,3.2
치지직,초롱이 타로상담소,1838,1704,1641,2102,2.1,7,4.714285714285714,9.9
치지직,세세리,1838.6,1857,1825,1843,3.9,6,3.923076923076923,15.3
치지직,루메룬,1838.8,2062,2651,915,46.6,5,1.6566523605150214,77.2
SOOP,구팔칠,1839.6,2062,1942,1626,6,5,3.533333333333333,21.2
SOOP,만수.,1839.6,2062,1886,1682,5.2,5,3.730769230769231,19.4
치지직,상어상TV,1840.6,1857,2578,1095,28.1,6,1.8790035587188612,52.8
SOOP,wanew11,1842.4,2292,2181,1279,13,4,2.9076923076923076,37.8
SOOP,싸가지있어라,1842.4,2062,1867,1708,4.9,5,3.795918367346939,18.6
SOOP,잉누^,1843.8,1857,1702,1979,2.8,6,4.392857142857143,12.3
치지직,라마취,1844.6,1857,2576,1107,27.4,6,1.8868613138686132,51.7
치지직,막개,1844.8,1578,1489,2334,1.2,8,5.5,6.6
치지직,쭈망이,1845.2,1444,1364,2527,0.7,9,6.285714285714286,4.4
SOOP,광무리,1846.4,2062,1966,1619,6.2,5,3.4516129032258065,21.4
치지직,고구망망,1847.2,1704,1928,1838,4.3,7,3.5813953488372094,15.4
치지직,삐딱냥,1848.6,1857,2265,1428,11.2,6,2.6607142857142856,29.8
치지직,st3llar,1848.8,1704,2041,1729,5.6,7,3.2142857142857144,18
SOOP,기미니_,1850,2292,2375,1104,22.4,4,2.3169642857142856,51.9
치지직,연 화 Yeon hwa,1851,1857,1759,1940,3.1,6,4.193548387096774,13
치지직,수연1004,1855.8,1857,2187,1524,8.8,6,2.8863636363636362,25.4
치지직,백도완,1856.4,1704,1941,1848,4.3,7,3.5348837209302326,15.2
치지직,푸시케,1856.6,1857,1997,1716,5.5,6,3.3454545454545452,18.4
치지직,임 도 하,1857.2,1444,1134,2787,0.3,9,8,2.4
치지직,윤별3,1857.2,1578,1814,2040,2.8,8,3.9642857142857144,11.1
SOOP,민청,1858.4,2292,2047,1453,8.9,4,3.191011235955056,28.4
치지직,헉븜켁븜,1859.4,1857,1833,1887,3.6,6,3.888888888888889,14
SOOP,월킹,1859.6,2062,1894,1724,4.9,5,3.7142857142857144,18.2
치지직,반새얀,1861.8,1857,1631,2095,2.1,6,4.761904761904762,10
SOOP,조혜자,1862.4,2062,2272,1353,12.8,5,2.6328125,33.7
치지직,보름2e,1862.6,1857,2114,1614,7.2,6,3,21.6
SOOP,봉규ㅁ,1862.8,2292,2001,1510,7.8,4,3.3333333333333335,26
치지직,휴플hyuple,1863.6,1704,2344,1463,11.6,7,2.413793103448276,28
치지직,망구빙수,1864.6,1857,1900,1833,4.2,6,3.6904761904761907,15.5
치지직,부보k,1864.8,1704,1822,1988,3.1,7,3.935483870967742,12.2
SOOP,백하누,1865.2,2292,2368,1149,20.6,4,2.3446601941747574,48.3
씨미,렌지씨,1865.6,1704,1427,2385,1,7,5.9,5.9
치지직,백성민,1866.2,1857,2369,1368,14.1,6,2.3333333333333335,32.9
SOOP,저항마,1866.8,2292,2446,1075,25.6,4,2.15234375,55.1
치지직,송그릴,1867.4,1857,1923,1817,4.4,6,3.6136363636363638,15.9
SOOP,콜로니,1869.2,2062,2036,1606,6.8,5,3.235294117647059,22
SOOP,프로펫,1869.4,1857,1772,1973,3,6,4.133333333333334,12.4
SOOP,김민석:0,1869.6,2062,1722,1921,3.1,5,4.290322580645161,13.3
SOOP,우짜.,1869.8,1857,1660,2086,2.2,6,4.636363636363637,10.2
치지직,갑자기 문뜩,1870.6,1261,2088,1958,4.1,11,3.097560975609756,12.7
SOOP,게임백상아리,1871.6,2062,1983,1665,5.9,5,3.389830508474576,20
치지직,골드카우,1872,1578,2221,1670,7.1,8,2.788732394366197,19.8
치지직,루씨엠99,1873.4,1857,1912,1843,4.2,6,3.642857142857143,15.3
치지직,소보로시,1873.6,1704,1322,2510,0.7,7,6.571428571428571,4.6
치지직,옥농이,1874.2,1857,1870,1887,3.7,6,3.7837837837837838,14
치지직,ow WASD,1874.4,1704,1604,2230,1.6,7,4.875,7.8
SOOP,김다원.,1874.4,2292,1961,1579,6.7,4,3.4776119402985075,23.3
SOOP,도크리1,1876,2062,2390,1269,16.9,5,2.2840236686390534,38.6
SOOP,김종국국,1878.6,2581,2489,917,37.7,3,2.0450928381962865,77.1
SOOP,설이안,1878.8,2062,1869,1797,4.3,5,3.7906976744186047,16.3
치지직,오리구연,1878.8,2062,2361,1305,15.4,5,2.3701298701298703,36.5
치지직,릴테이프,1880.2,1857,1690,2082,2.3,6,4.478260869565218,10.3
SOOP,왕오솔,1882.4,2062,1627,2048,2.3,5,4.782608695652174,11
SOOP,부버#,1883,1857,1624,2155,1.9,6,4.7894736842105265,9.1
치지직,백은무,1884.4,1704,1790,2069,2.6,7,4.038461538461538,10.5
치지직,쩐다롱,1885,1857,1946,1838,4.4,6,3.5,15.4
SOOP,와쯔입니다,1886.6,1857,1410,2378,1,6,6,6
SOOP,슈가제로,1887.6,1704,1393,2474,0.8,7,6.125,4.9
치지직,식탁이,1887.8,1857,1794,1997,3,6,4,12
치지직,Delireonirique,1888.8,1578,2201,1732,6.3,8,2.8412698412698414,17.9
치지직,콩유디 YUDI,1890.6,1857,1906,1892,3.8,6,3.6578947368421053,13.9
치지직,L0V3L0V3,1892.6,1343,2688,1372,20.9,10,1.5645933014354068,32.7
SOOP,개굴이,1893.6,2062,1663,2040,2.4,5,4.625,11.1
치지직,쿠참,1894.2,1857,2028,1779,5.1,6,3.2549019607843137,16.6
치지직,비비v,1894.8,1704,1633,2252,1.6,7,4.75,7.6
치지직,섬오 SeomO,1895.8,1857,2001,1810,4.8,6,3.3333333333333335,16
SOOP,☆뽀☆,1897.4,1857,1647,2168,1.9,6,4.684210526315789,8.9
SOOP,맹우주._.,1898,1704,1256,2637,0.5,7,7,3.5
치지직,로젤링,1898.2,1857,1565,2252,1.5,6,5.066666666666666,7.6
치지직,J A M,1898.8,1578,1872,2086,2.7,8,3.7777777777777777,10.2
SOOP,탕빵빵,1899,1857,1910,1909,3.7,6,3.6486486486486487,13.5
SOOP,히코키모리,1899.4,1857,1544,2276,1.4,6,5.214285714285714,7.3
치지직,갓붕,1899.4,1857,2306,1514,10.3,6,2.5145631067961167,25.9
치지직,프 록 시,1899.6,1578,2257,1703,7,8,2.6714285714285713,18.7
치지직,jojii,1899.8,1857,2379,1442,12.6,6,2.3095238095238093,29.1
SOOP,유준석,1900.2,1857,1753,2069,2.5,6,4.2,10.5
치지직,요기yogi,1900.4,1578,1452,2510,0.8,8,5.75,4.6
SOOP,광폿,1905.8,1857,1526,2310,1.3,6,5.3076923076923075,6.9
치지직,GongTan,1907.6,1704,1575,2342,1.3,7,5,6.5
치지직,임평,1908.8,2062,2053,1688,6,5,3.1666666666666665,19
치지직,영월 yeongwoll,1909.6,2062,2083,1660,6.5,5,3.1076923076923078,20.2
치지직,지신2,1909.8,1857,2702,1144,31.9,6,1.5266457680250785,48.7
치지직,루 안 Luan,1910.4,1704,2466,1458,13.5,7,2.088888888888889,28.2
치지직,시옷 동쨩,1912.8,1704,1663,2267,1.6,7,4.625,7.4
치지직,남이진,1913.6,2062,2822,931,59.2,5,1.2466216216216217,73.8
치지직,물구름이,1913.8,1857,2548,1308,18.5,6,1.9675675675675677,36.4
치지직,자몽다인데,1916.2,1857,2114,1748,5.8,6,3,17.4
치지직,즐겜냥이,1916.6,1857,1967,1896,4,6,3.45,13.8
SOOP,규태입니다,1917.2,2292,1934,1713,5.2,4,3.5576923076923075,18.5
SOOP,둔두,1918.4,2062,1862,1903,3.6,5,3.8055555555555554,13.7
치지직,멧비둘기0,1918.6,1857,2330,1538,10.1,6,2.4554455445544554,24.8
치지직,반갑새우,1918.8,1704,1715,2230,1.8,7,4.333333333333333,7.8
치지직,겨울누렁이,1920.2,1857,2303,1569,9.4,6,2.521276595744681,23.7
치지직,뿅 아리,1920.2,1857,2303,1569,9.4,6,2.521276595744681,23.7
SOOP,너.고,1921.4,1857,1691,2184,1.9,6,4.473684210526316,8.5
치지직,밤비 Bambi,1921.4,1857,1917,1958,3.5,6,3.6285714285714286,12.7
SOOP,나이프울프,1922.8,2062,1589,2187,1.7,5,4.9411764705882355,8.4
치지직,헤개,1923.8,1857,1845,2036,2.9,6,3.8620689655172415,11.2
SOOP,˚서건우,1924.6,1857,1607,2276,1.5,6,4.866666666666666,7.3
SOOP,#미반,1925,1857,1911,1973,3.4,6,3.6470588235294117,12.4
치지직,Miaow,1925.4,1857,1779,2106,2.4,6,4.083333333333333,9.8
치지직,AdIer,1928,1704,1915,2053,3,7,3.6333333333333333,10.9
치지직,솔 프,1928.6,1857,1853,2040,2.9,6,3.8275862068965516,11.1
SOOP,밍가,1929.2,1444,1045,3056,0.1,9,9,0.9
치지직,아루미 ARUMI,1930.4,1578,1458,2579,0.7,8,5.714285714285714,4
치지직,솔라solar,1931.4,1857,2409,1491,12,6,2.216666666666667,26.6
SOOP,이요담,1932,2062,1933,1866,4.1,5,3.5609756097560976,14.6
치지직,Nid0,1934.2,1857,2249,1658,7.5,6,2.7066666666666666,20.3
치지직,강백현TV,1934.6,1857,1762,2146,2.2,6,4.181818181818182,9.2
SOOP,유명해질이름,1936.8,2292,2163,1533,8.5,4,2.9411764705882355,25
치지직,짤맨,1937.6,1578,1986,2069,3.1,8,3.3870967741935485,10.5
치지직,G 1 N,1940,1578,2642,1419,18.1,8,1.6685082872928176,30.2
치지직,이쩜쩜,1940,2062,2226,1593,8.1,5,2.7777777777777777,22.5
치지직,lArinl,1940.2,1857,1718,2204,1.9,6,4.315789473684211,8.2
SOOP,신종이.,1940.4,2292,2149,1556,8.1,4,2.9876543209876543,24.2
치지직,혜지는혜지,1940.8,1704,1437,2563,0.7,7,5.857142857142857,4.1
SOOP,환익,1941,1857,1924,2000,3.3,6,3.606060606060606,11.9
씨미,쌀벌레,1941.2,1704,1382,2619,0.6,7,6.166666666666667,3.7
치지직,레디안느,1941.4,1343,3124,1058,117.7,10,0.491928632115548,57.9
치지직,B4DGUY,1942.6,1857,2396,1532,11.1,6,2.2612612612612613,25.1
치지직,유아루,1944.8,1704,2114,1896,4.6,7,3,13.8
치지직,쮸베,1945.6,1704,1615,2397,1.2,7,4.833333333333333,5.8
SOOP,[G3]이리^,1946.4,2062,2339,1496,10.9,5,2.4220183486238533,26.4
SOOP,간태,1946.8,1704,1344,2671,0.5,7,6.4,3.2
SOOP,송하님,1947.2,2292,1943,1779,4.7,4,3.5319148936170213,16.6
SOOP,가쿠인,1947.2,2292,2113,1609,7.2,4,3.013888888888889,21.7
치지직,휴이휴이 Hyu2,1947.6,1578,1710,2370,1.4,8,4.357142857142857,6.1
SOOP,장꾸뽕,1947.8,1857,2035,1906,4.2,6,3.238095238095238,13.6
SOOP,[동구리],1949.2,2062,1684,2158,2,5,4.5,9
치지직,오레오씨,1949.6,2062,1750,2093,2.4,5,4.208333333333333,10.1
치지직,랑뮤,1949.6,1578,1536,2549,0.8,8,5.25,4.2
치지직,아라운검,1952.4,2062,2060,1790,5.2,5,3.1538461538461537,16.4