플랫폼,스트리머,포인트,최고 시청자 순위,평균 시청자 순위,뷰어십 순위,방송시간,최고시청자,평균시청자,뷰어십
SOOP,김민교.,1.4,1,1,2,13.3,15482,11723.924812030074,155928.2
SOOP,owesports,1.6,2,2,1,27.5,11943,7466.254545454545,205322
SOOP,징버거☆,4.4,4,5,4,16.9,7127,3503.644970414201,59211.6
SOOP,고세구!,4.6,3,4,6,12.5,10526,3562.368,44529.6
치지직,텐코 시부키,6,6,3,9,3.3,6693,5321.515151515152,17561
SOOP,제갈금자,7,5,7,8,7.6,6845,2761.3815789473683,20986.5
SOOP,일루전_,7,7,11,3,36.9,5889,2349.8482384823847,86709.4
치지직,아오쿠모 린,9.2,8,6,13,3,3747,2999.5666666666666,8998.7
SOOP,쪼낙,9.4,11,13,5,36.3,3206,1293.2727272727273,46945.8
SOOP,강만식,10.2,13,12,7,16.2,2323,1419.8827160493827,23002.1
치지직,하나코 나나,10.6,9,8,14,3,3424,2644.6,7933.8
치지직,유즈하 리코,12,10,10,15,3.1,3423,2487.064516129032,7709.9
SOOP,깐숙,12.8,14,14,11,13.5,1950,1231.3703703703704,16623.5
SOOP,악어∀,15,17,17,12,16,1285,776.00625,12416.1
SOOP,아이치,15,19,18,10,22,1210,757.9272727272727,16674.4
SOOP,감블러,17.2,16,16,19,5.3,1436,1036.7924528301887,5495
치지직,아카네 리제,17.2,12,9,28,1.3,2880,2530.4615384615386,3289.6
치지직,양아지,22,18,20,26,5.4,1228,684.6111111111111,3696.9
치지직,계춘회,22.2,15,15,33,2,1438,1107.65,2215.3
치지직,쪼낙,24.4,24,26,23,11.7,587,374.8888888888889,4386.2
치지직,에땁01,28.2,31,31,24,14.2,478,291.19718309859155,4135
치지직,쟁구임,29,27,28,31,7.2,547,333.56944444444446,2401.7
치지직,류제홍S,29.8,25,22,40,3.8,579,469.36842105263156,1783.6
치지직,바이올렛잇고,30.4,28,24,38,4.6,539,392.2391304347826,1804.3
치지직,소우릎,31.6,22,19,49,2.2,786,696.4545454545455,1532.2
SOOP,디엠이무니다,32.4,32,49,16,45.1,454,166.99334811529934,7531.4
SOOP,파니_,33,33,37,29,13,432,245.66153846153847,3193.6
치지직,팔차선8,37,21,64,18,42.1,793,144.16389548693587,6069.3
치지직,윤산삼,38.2,55,48,20,26.1,266,178.88505747126436,4668.9
SOOP,aidragon,38.4,56,46,22,23.8,263,184.47899159663865,4390.6
SOOP,칸_김동하,38.8,20,55,32,14.4,898,159.75,2300.4
SOOP,베베리,41.6,54,41,36,8.7,270,229.80459770114942,1999.3
치지직,엘시v,42.2,23,21,73,1.7,682,601.7647058823529,1023
치지직,주루,42.4,52,59,21,30.8,274,150.16233766233765,4625
SOOP,바밍_,43.8,35,34,58,5,418,261.6,1308
치지직,볼가지 bug,44.2,47,62,25,25.6,299,148.01171875,3789.1
치지직,설백,44.4,36,27,66,3.1,398,355.6774193548387,1102.6
치지직,김동학,47.4,49,47,47,8.4,286,184.35714285714286,1548.6
SOOP,stalk3row,49.4,45,42,59,5.8,304,224.20689655172413,1300.4
치지직,푸린,49.6,38,30,75,3.3,354,292.5151515151515,965.3
치지직,유후의피아노래,49.8,53,53,45,10.4,273,160.60576923076923,1670.3
치지직,디디디용,51.2,28,23,91,1.9,539,418.8421052631579,795.8
치지직,아이치,51.6,44,40,67,4.7,307,230.2340425531915,1082.1
치지직,Akaros83,51.8,59,45,55,7.4,230,190.1216216216216,1406.9
치지직,서넹,52,30,29,86,2.7,535,322.55555555555554,870.9
SOOP,망개,52.8,26,73,46,14.2,578,115.83098591549296,1644.8
치지직,프로핏 Profit,55.4,43,60,57,9.1,309,149.03296703296704,1356.2
치지직,갱쥰,56,74,86,17,73.3,165,91.39972714870396,6699.6
치지직,세노 SEN5,56,70,61,44,11.7,186,148.04273504273505,1732.1
SOOP,마로니!,56.2,41,38,82,3.7,338,241.94594594594594,895.2
SOOP,초롱CH0R0NG,56.4,42,51,69,6.5,317,165.12307692307692,1073.3
치지직,김편집,57,37,35,89,3.3,360,253.3939393939394,836.2
SOOP,홍현성.,61.2,48,39,90,3.5,287,234.68571428571428,821.4
SOOP,목츄리,61.4,51,78,50,15,279,101.04,1515.6
치지직,향아치,62,34,25,113,1.6,431,388.1875,621.1
치지직,ㅇ연이ㅇ,63.2,40,36,102,2.9,340,247.13793103448276,716.7
치지직,권세이,63.6,84,80,37,19.9,138,99.00502512562814,1970.2
치지직,근모닝,63.8,81,92,27,41.3,142,84.31719128329298,3482.3
치지직,나무늘보OW,68,86,97,30,33.6,135,77.98809523809524,2620.4
SOOP,MAX?,68.4,64,69,70,8.3,190,128.27710843373495,1064.7
치지직,프로즈,69.2,64,58,83,5.8,190,153.20689655172413,888.6
치지직,담유이,70.6,39,32,125,2,353,282.7,565.4
SOOP,owesportsjp,72.8,58,111,42,26.8,247,65.34701492537313,1751.3
치지직,삐라입니다,73.4,77,89,56,15.6,155,87.77564102564102,1369.3
치지직,쿨 쿨 이,76,88,98,48,20,132,77.245,1544.9
치지직,Proud,78,62,52,112,3.9,197,161.2051282051282,628.7
치지직,츠밍,79.8,57,43,128,2.5,260,219.96,549.9
치지직,징 가,81.2,94,115,41,27.8,125,63.86690647482014,1775.5
치지직,멜랴,82.8,90,88,74,11.3,130,87.95575221238938,993.9
치지직,게구리,83,85,87,78,10.3,137,91.37864077669903,941.2
치지직,김덕만 KDM,85,63,65,116,4.3,194,141.34883720930233,607.8
치지직,디엠이무니다,86.2,103,110,54,21,113,67.07619047619048,1408.6
치지직,헤이 heyy,88.8,124,125,35,35.6,89,58.04494382022472,2066.4
SOOP,립LIP,88.8,80,81,101,7.4,143,97.27027027027027,719.8
치지직,은뿌,89.4,71,67,121,4.3,183,135.8372093023256,584.1
치지직,어스키,89.6,102,130,43,31.4,115,55.56369426751592,1744.7
치지직,일루전입니다,90.2,67,77,115,5.6,188,109.30357142857143,612.1
치지직,광말구짱,91.2,66,50,145,2.7,189,166.25925925925927,448.9
SOOP,HeeSang1,92.8,60,63,139,3.4,207,145.05882352941177,493.2
SOOP,손승아_♥,93,61,138,64,23,199,50.369565217391305,1158.5
치지직,유봄냥,94.4,78,71,126,4.7,149,117.61702127659575,552.8
치지직,치요우,96.2,87,100,97,10,134,75.04,750.4
치지직,냐 미 Nyami,96.2,73,54,150,2.6,168,159.76923076923077,415.4
치지직,미라클TV,96.6,83,76,124,5.2,141,109.51923076923077,569.5
치지직,Kaiser카이저,96.8,96,123,71,17.7,122,58.44632768361582,1034.5
치지직,유우스즈 무무,97.8,79,70,135,4.1,146,126.8780487804878,520.2
치지직,Uann 유안,105.6,98,152,63,25.9,120,45.054054054054056,1166.9
치지직,이 리 온,106.2,75,66,162,2.7,164,139.7037037037037,377.2
치지직,슈이입니다,106.6,107,162,51,35.6,106,41.76966292134831,1487
치지직,smurf5,108.8,122,117,94,12.4,90,61.153225806451616,758.3
치지직,따람지,109.4,137,140,65,22.9,80,49.580786026200876,1135.4
치지직,람썬,109.6,72,84,154,4.4,181,91.79545454545455,403.9
SOOP,깡담비,109.6,104,105,117,8.5,112,70.72941176470589,601.2
치지직,제이큐브,110,114,137,81,17.9,102,50.74301675977654,908.3
SOOP,김배키이,110.4,138,139,68,21.5,79,50.17674418604651,1078.8
치지직,Mer1t,112.4,88,85,152,4.5,132,91.6,412.2
치지직,OW 유니원스,112.8,122,144,77,20.1,90,47.353233830845774,951.8
SOOP,유시에,112.8,136,121,93,13.2,81,58.734848484848484,775.3
치지직,네이키드 naked,113,127,114,105,10.4,88,63.88461538461539,664.4
치지직,꽃핀,113.6,68,57,193,1.9,187,155,294.5
치지직,해옥 HAEOK,114.4,100,109,127,8.2,116,67.40243902439025,552.7
치지직,시메빈,114.8,100,142,95,15.4,116,49.01948051948052,754.9
치지직,제에스트,114.8,76,68,181,2.4,156,130.04166666666666,312.1
치지직,갓샤인2,115,49,33,230,0.9,286,268,241.2
SOOP,빡준빈,115.8,93,74,169,3.1,128,112.7741935483871,349.6
SOOP,oPuTo,116.2,159,158,53,32.3,64,43.61300309597523,1408.7
치지직,텝텝,117.8,107,101,140,6.5,106,74.13846153846154,481.9
SOOP,뢴트게늄,119.6,68,56,209,1.7,187,158.1764705882353,268.9
SOOP,다키_,121.8,131,128,111,11.4,83,56.219298245614034,640.9
치지직,owKira,123.2,130,164,79,23,85,40.74782608695652,937.2
치지직,빅박스,123.4,111,134,119,11.5,105,51.7304347826087,594.9
치지직,꾸리쨩,126.4,138,151,96,16.6,79,45.295180722891565,751.9
치지직,김길현,126.6,97,104,164,5.1,121,71.90196078431373,366.7
치지직,아오토라 유키,126.8,46,44,250,1,302,218.4,218.4
치지직,나나링 Nanaring,127.2,124,120,136,8.7,89,59.12643678160919,514.4
치지직,박진규02,128,156,190,52,45.3,65,32.10154525386314,1454.2
치지직,텐플라스텐 텐텐,131.8,107,96,180,4,106,79.4,317.6
치지직,Sley,132.2,115,141,132,10.8,100,49.083333333333336,530.1
치지직,알파이입니다,132.6,107,118,160,6.3,106,60.84126984126984,383.3
치지직,야켓,134.2,165,192,61,39.2,62,31.772959183673468,1245.5
SOOP,한아밍,136.6,91,167,129,13.9,129,39.48201438848921,548.8
치지직,펠리칸인디용,136.6,131,143,133,10.8,83,48.28703703703704,521.5
치지직,아론페이지,137.2,106,94,196,3.6,108,81.38888888888889,293
치지직,한나금,138.6,165,154,110,14.6,62,44.86986301369863,655.1
SOOP,유후피아노래,140.2,141,129,151,7.4,75,55.71621621621622,412.3
치지직,체크메이트입니다,140.2,91,75,230,2.2,129,109.63636363636364,241.2
치지직,쏭이,142.8,160,217,60,47.4,63,27.343881856540083,1296.1
치지직,제우스93,143.4,167,155,120,13.4,61,44.38059701492537,594.7
치지직,킴쿼카,143.8,195,228,34,80.8,50,25.850247524752476,2088.7
치지직,하예솜,144.8,182,191,80,29.2,54,32.05821917808219,936.1
치지직,꽃분홍,145.8,169,176,104,18.9,60,36.507936507936506,690
치지직,축닭이,147.8,153,205,88,28.8,66,29.510416666666668,849.9
치지직,전홀리,147.8,189,199,76,31.8,52,30.138364779874212,958.4
치지직,무화 Moohwa,151.8,167,257,39,81.6,61,22.090686274509803,1802.6
치지직,전게,153.4,195,187,99,22.2,50,32.734234234234236,726.7
치지직,fearless0527,159.2,150,156,167,8.1,70,44.333333333333336,359.1
치지직,땅컹이ㅋ,159.6,190,197,107,21.2,51,31.12735849056604,659.9
치지직,햄둥2,163,135,150,190,6.6,82,45.31818181818182,299.1
SOOP,개리∀,165.4,117,113,242,3.6,99,64.11111111111111,230.8
치지직,비화 Bihwa,165.6,124,99,253,2.8,89,76.39285714285714,213.9
치지직,얌록,165.6,178,253,72,44.9,55,22.78619153674833,1023.1
치지직,기령,168.2,99,83,288,1.9,118,93.3157894736842,177.3
SOOP,앨리스얌,169.2,112,82,285,1.9,103,95.78947368421052,182
치지직,혤캉,169.6,160,160,184,7.3,63,42.16438356164384,307.8
치지직,로쥬마리,171.6,160,161,188,7.2,63,41.81944444444444,301.1
치지직,숀쟝,172.6,151,159,197,6.9,68,42.27536231884058,291.7
치지직,이복만,172.8,190,215,122,21.2,51,27.485849056603772,582.7
치지직,판누,174.2,229,229,92,30.2,40,25.81788079470199,779.7
치지직,다래임,174.4,182,208,137,17.8,54,28.56741573033708,508.5
치지직,이오링0,176.4,160,299,62,62.5,63,19.0048,1187.8
치지직,사야플,177.2,178,186,168,10.5,55,33.53333333333333,352.1
치지직,문창식,177.2,178,211,143,16.4,55,28.182926829268293,462.2
치지직,이삼둥,179.4,145,119,257,3.5,73,60.02857142857143,210.1
SOOP,사봉디,180.2,223,254,85,38.6,42,22.634715025906736,873.7
치지직,콩콩,182.2,147,149,233,5.2,72,45.92307692307692,238.8
치지직,아로AURO,183.2,112,90,312,1.9,103,85.10526315789474,161.7
치지직,사모장,184,128,95,301,2.1,86,80.19047619047619,168.4
치지직,광살탄,184,238,238,103,28.1,37,24.747330960854093,695.4
치지직,이치카 히비,184.8,118,103,300,2.3,96,73.26086956521739,168.5
치지직,owjasm1ne,186.8,128,126,277,3.3,86,57.24242424242424,188.9
치지직,엄덕구1,186.8,248,243,100,30,36,24.09,722.7
치지직,Knife21,187.4,147,127,268,3.5,72,56.77142857142857,198.7
치지직,Oo시안oO,189,205,239,131,21.9,47,24.726027397260275,541.5
치지직,도화령,190.2,81,72,363,1.1,142,117.45454545454545,129.2
치지직,연 구 대 상,191.4,187,177,208,7.4,53,36.36486486486486,269.1
치지직,용봉탕,193.6,118,91,334,1.7,96,84.94117647058823,144.4
SOOP,한나금,195.8,229,204,171,11.7,40,29.52991452991453,345.5
치지직,쿠미네,196.6,105,79,360,1.3,110,100.53846153846153,130.7
치지직,서벌캣 례이,201.6,208,195,205,8.6,46,31.41860465116279,270.2
치지직,고보미,205.6,156,327,109,38,65,17.268421052631577,656.2
치지직,와팬,208.4,190,182,244,6.6,51,34.56060606060606,228.1
치지직,박뽀숑이,208.6,187,174,254,5.8,53,36.827586206896555,213.6
치지직,하 쁘,209,153,122,324,2.6,66,58.46153846153846,152
치지직,메메s,212.4,226,280,138,24.8,41,20.181451612903224,500.5
치지직,유제이와 고양이,215.8,235,314,108,36.5,38,18.002739726027396,657.1
SOOP,반히._.,219,231,218,214,9.5,39,27.294736842105262,259.3
치지직,eo58,219.4,143,196,281,5.9,74,31.28813559322034,184.6
치지직,나나는못말려,219.8,275,328,84,51.6,32,17.199612403100776,887.5
치지직,설하린1,224.8,212,290,166,18.4,45,19.597826086956523,360.6
치지직,감수,225.8,173,163,315,3.9,58,41.23076923076923,160.8
치지직,해나 Haena,227.2,120,107,401,1.6,93,69.375,111
치지직,중괄호,227.4,141,147,351,2.9,75,46.758620689655174,135.6
치지직,세찬 SECHAN,227.4,175,178,303,4.6,56,36.17391304347826,166.4
치지직,감정적으로겜함,228.2,175,203,280,6.2,56,29.870967741935484,185.2
SOOP,학살~,229.8,205,209,263,7.1,47,28.366197183098592,201.4
치지직,머라냥 I Meolanyang,231.4,223,244,223,10.4,42,24.01923076923077,249.8
SOOP,지앤*,231.4,115,274,247,10.8,100,20.574074074074073,222.2
치지직,희 야,233,195,180,305,4.7,50,35.361702127659576,166.2
SOOP,거대별,233.4,95,112,424,1.6,124,65.125,104.2
치지직,rus1,233.6,182,273,220,12.4,54,20.612903225806452,255.6
SOOP,김무무,235.4,253,241,221,10.3,35,24.660194174757283,254
치지직,히레 hire,235.6,238,225,245,8.7,37,26.20689655172414,228
치지직,코뚱잉입니다,235.8,151,124,390,2,68,58.2,116.4
치지직,계연화,238,208,297,194,15.4,46,19.116883116883116,294.4
치지직,화이트fps,238.6,253,309,161,20.8,35,18.153846153846153,377.6
SOOP,코태,238.8,238,194,284,5.8,37,31.43103448275862,182.3
치지직,초깨비,241.2,238,226,258,8,37,26.0375,208.3
치지직,콩난이,243.2,238,224,265,7.6,37,26.36842105263158,200.4
SOOP,A1IEN,245.2,190,172,346,3.7,51,37.16216216216216,137.5
치지직,TTia 띠아,246,286,289,183,15.7,30,19.643312101910826,308.4
치지직,실크로,247.4,219,227,282,7.1,43,25.859154929577464,183.6
치지직,마지텐시0,247.6,226,216,290,6.4,41,27.4375,175.6
SOOP,서한결,248.6,305,322,147,24.9,28,17.40963855421687,433.5
SOOP,heiser72,249.4,219,175,339,3.9,43,36.794871794871796,143.5
치지직,용사98,250.2,219,288,228,12.4,43,19.68548387096774,244.1
치지직,블리승,250.6,169,168,374,3.2,60,38.90625,124.5
치지직,람보람1,250.6,253,316,184,17.2,35,17.8953488372093,307.8
치지직,백하누,250.8,178,396,142,33.5,55,14.008955223880598,469.3
치지직,우히나,251.6,294,377,105,45,29,14.764444444444445,664.4
SOOP,Soop바이칼,255.4,315,325,156,22.8,27,17.32894736842105,395.1
치지직,욤미 Yommi,255.4,261,276,232,11.7,34,20.47008547008547,239.5
치지직,신노스케입니다,256.4,238,424,98,55.6,37,13.390287769784173,744.5
SOOP,보리담,256.6,171,148,408,2.3,59,46.69565217391305,107.4
치지직,화 릴,258.4,270,356,155,25.5,33,15.79607843137255,402.8
치지직,라붕,258.6,253,251,269,8.7,35,22.816091954022987,198.5
SOOP,빵찌-_-,259,315,313,177,18,27,18.011111111111113,324.2
SOOP,한세긴,259.6,140,116,463,1.5,76,62.8,94.2
SOOP,마링유,259.8,315,303,189,15.9,27,18.867924528301888,300
SOOP,지오!,265.8,171,133,446,1.9,59,52.36842105263158,99.5
씨미,유아리,266.2,201,185,380,3.6,48,34.02777777777778,122.5
치지직,옵쪽이,266.8,294,367,153,26.6,29,15.421052631578947,410.2
치지직,에임봇,267.8,145,131,466,1.7,73,54.88235294117647,93.3
SOOP,셈니-3-,269,219,312,251,12,43,18.058333333333334,216.7
SOOP,떵이。,269.6,294,315,212,14.6,29,17.931506849315067,261.8
치지직,최윤주,271.4,305,334,192,17.5,28,16.925714285714285,296.2
치지직,재 희,271.6,160,165,434,2.5,63,40.68,101.7
SOOP,비현_Vhyun,272.6,261,212,339,5.1,34,28.137254901960784,143.5
치지직,마카04,274.6,215,221,358,4.9,44,26.877551020408163,131.7
치지직,강오목,274.8,238,279,289,8.7,37,20.20689655172414,175.8
치지직,민 빵,275.8,201,373,216,17.1,48,15.04093567251462,257.2
SOOP,김리루,276.4,270,263,293,8,33,21.7,173.6
SOOP,류제홍1,278.8,238,236,342,5.7,37,24.894736842105264,141.9
치지직,시이야,280.6,253,206,369,4.4,35,29.022727272727273,127.7
치지직,헤일라 미러,280.6,153,132,493,1.6,66,53.8125,86.1
치지직,리네 Renee,281,329,394,144,32.3,26,14.145510835913313,456.9
SOOP,나모모짱,282.2,215,173,425,2.8,44,37.035714285714285,103.7
SOOP,현르시,283.6,422,411,87,63,21,13.598412698412698,856.7
치지직,AZENT,284,270,339,236,14.1,33,16.70212765957447,235.5
치지직,살균제,285.8,315,423,134,38.9,27,13.398457583547557,521.2
치지직,유리리,287.4,131,102,551,1,83,73.3,73.3
치지직,잗만한라마,289,305,383,187,20.7,28,14.671497584541063,303.7
치지직,예나츄,294.6,329,335,237,13.9,26,16.85611510791367,234.3
SOOP,로히♥,294.6,261,233,373,5,34,25.12,125.6
SOOP,상기님,294.8,338,445,123,45.1,25,12.678492239467849,571.8
SOOP,우이♥,296.6,445,371,148,28.2,20,15.102836879432624,425.9
치지직,김춘례92,296.8,200,210,432,3.6,49,28.333333333333332,102
치지직,페오 PEO,297.8,315,430,157,29.5,27,13.220338983050848,390
치지직,지 짱,297.8,315,388,199,19.8,27,14.348484848484848,284.1
치지직,훈톨이,298,402,386,158,26.8,22,14.462686567164178,387.6
치지직,프로펫 Prophet,300,208,250,396,5,46,22.96,114.8
치지직,Akie8,302.2,205,429,224,18.7,47,13.283422459893048,248.4
치지직,튜티,302.2,261,415,210,19.9,34,13.507537688442211,268.8
SOOP,지유_♥,302.8,376,329,240,13.6,23,17.183823529411764,233.7
치지직,프로겐,303.8,261,395,234,16.9,34,14.04733727810651,237.4
SOOP,삐라입니다,306.8,226,398,256,15.2,41,13.947368421052632,212
SOOP,쌀비,308.6,355,359,235,15.1,24,15.675496688741722,236.7
치지직,롱이롱,311.2,208,170,504,2.2,46,38.09090909090909,83.8
치지직,수이수이,311.6,376,343,248,13.4,23,16.48507462686567,220.9
치지직,아이나 모모,314.2,305,267,366,6.1,28,21.016393442622952,128.2
치지직,리네양,314.6,329,418,204,20.3,26,13.482758620689655,273.7
치지직,새 담,315.8,143,108,610,0.9,74,69.33333333333333,62.4
SOOP,앙다봉=♥,317.4,315,264,372,5.8,27,21.67241379310345,125.7
SOOP,현주♥,320.2,355,287,336,7.3,24,19.73972602739726,144.1
치지직,토우 루체르나,322,190,153,557,1.6,51,45,72
치지직,아이스초코1,322,376,406,211,19.4,23,13.79896907216495,267.7
치지직,배빛,325.6,338,438,207,20.8,25,12.942307692307692,269.2
치지직,꾸르잠1,330,376,410,227,18.1,23,13.662983425414364,247.3
치지직,인지상지형,330.4,338,326,331,8.5,25,17.28235294117647,146.9
치지직,움팡,333.4,315,457,219,20.8,27,12.3125,256.1
SOOP,칼리오스임다,333.4,131,286,482,4.5,83,19.755555555555556,88.9
SOOP,김멘탈,336.2,445,500,118,53,20,11.258490566037736,596.7
SOOP,리타∀,336.2,149,106,660,0.8,71,69.875,55.9
SOOP,소미._.,336.8,402,323,318,9.1,22,17.373626373626372,158.1
치지직,핸떠기,338.4,286,392,311,11.4,30,14.210526315789474,162
치지직,반달냐,338.8,338,476,202,23.5,25,11.919148936170213,280.1
SOOP,천짱짱이,340.8,422,404,237,16.9,21,13.863905325443787,234.3
SOOP,볼가지,340.8,338,485,198,24.3,25,11.736625514403292,285.2
치지직,우티안,341.4,253,336,391,6.9,35,16.81159420289855,116
SOOP,vi9ilante,343,173,145,626,1.3,58,46.92307692307692,61
치지직,윤우 YunWoo,343.2,422,469,178,26.6,21,12.037593984962406,320.2
치지직,짹제로,343.6,248,261,474,4.2,36,21.761904761904763,91.4
SOOP,맛지!,343.8,195,169,593,1.7,50,38.64705882352941,65.7
치지직,덤덤보,345.8,201,269,495,4.1,48,20.926829268292682,85.8
치지직,김 츄,346,182,146,628,1.3,54,46.84615384615385,60.9
치지직,티타냥,346.6,355,548,141,46.9,24,10.119402985074627,474.6
치지직,조근우,347.8,275,242,490,3.6,32,24.11111111111111,86.8
치지직,겜나나,350.4,248,189,563,2.2,36,32.27272727272727,71
치지직,하나츠 nacheu,350.6,121,93,723,0.6,92,83,49.8
SOOP,우엉,351.2,294,258,473,4.2,29,21.833333333333332,91.7
SOOP,루센_,353,253,255,501,3.8,35,22.157894736842106,84.2
SOOP,떤디,353,355,319,386,6.7,24,17.55223880597015,117.6
치지직,드로시,356.4,280,352,399,7,31,16.042857142857144,112.3
SOOP,근모닝TV,356.4,402,541,149,40.7,22,10.238329238329237,416.7
치지직,릴리 Lily Lue,357.6,462,414,249,16.2,19,13.524691358024691,219.1
치지직,사이테,357.8,305,265,477,4.2,28,21.571428571428573,90.6
치지직,이수민05,358.2,315,292,446,5.1,27,19.50980392156863,99.5
SOOP,혜지,359.6,484,487,170,29.9,18,11.65551839464883,348.5
SOOP,구월이_,360.8,338,353,380,7.7,25,15.909090909090908,122.5
치지직,져니콩,363.2,402,544,163,36.1,22,10.18005540166205,367.5
치지직,갇핑거,363.8,315,330,422,6.1,27,17.18032786885246,104.8
SOOP,박디라,363.8,261,207,572,2.4,34,28.75,69
치지직,디또띠,364.2,195,219,594,2.4,50,27.291666666666668,65.5
SOOP,얀시로,364.8,286,237,532,3.1,30,24.806451612903224,76.9
치지직,perr,365.6,286,369,402,7.2,30,15.194444444444445,109.4
치지직,FIB,366.8,212,202,609,2.1,45,29.904761904761905,62.8
SOOP,희건,367,355,385,355,9.2,24,14.467391304347826,133.1
치지직,자하진,367.2,402,526,191,28.2,22,10.578014184397164,298.3
치지직,녕지,367.6,376,601,130,59.2,23,9.253378378378379,547.8
치지직,디아 나,368.8,238,184,619,1.8,37,34.22222222222222,61.6
치지직,쎈곰,370.4,516,509,159,34.6,17,11.141618497109826,385.5
치지직,사루코,371.2,402,452,275,15.5,22,12.451612903225806,193
치지직,휴이휴이 Hyu2,373,261,399,403,7.8,34,13.935897435897436,108.7
치지직,SeungAn,374.4,248,271,541,3.6,36,20.86111111111111,75.1
치지직,조개구2임,374.6,231,340,481,5.4,39,16.666666666666668,90
치지직,aileen1,375.8,305,511,276,17.2,28,11.098837209302326,190.9
SOOP,이릴_,376,294,222,571,2.6,29,26.615384615384617,69.2
치지직,김민히,377.4,175,188,668,1.7,56,32.470588235294116,55.2
치지직,서씨가문의수치,378,376,337,420,6.3,23,16.746031746031747,105.5
치지직,냥금이,378.4,402,408,337,10.5,22,13.704761904761904,143.9
치지직,네쿠 necu,382.2,355,577,201,29.4,24,9.568027210884354,281.3
치지직,마리owo,383.2,280,230,588,2.6,31,25.423076923076923,66.1
치지직,쪼뭉,384,484,477,241,19.4,18,11.907216494845361,231
치지직,9룡포,385.6,422,360,393,7.4,21,15.662162162162161,115.9
치지직,윈 트,386.8,422,570,186,31.5,21,9.66984126984127,304.6
SOOP,나무늘보_ow,390,422,585,179,33.5,21,9.495522388059701,318.1
SOOP,만월e,390,422,302,462,5,21,18.92,94.6
치지직,아차찹쌀책,391.2,462,571,176,33.8,19,9.668639053254438,326.8
치지직,쵸꾸미,391.4,215,166,705,1.3,44,39.69230769230769,51.6
치지직,모몬 헤닐,393,261,304,548,3.9,34,18.846153846153847,73.5
SOOP,네링_,393.6,238,179,686,1.5,37,36.06666666666667,54.1
치지직,티네케,394,402,372,412,7.1,22,15.056338028169014,106.9
치지직,훈논,394.2,329,560,261,20.5,26,9.848780487804879,201.9
치지직,무하디,395.8,215,214,668,2,44,27.6,55.2
SOOP,박멘탈,396.4,376,435,368,9.8,23,13.051020408163266,127.9
치지직,윤니,397.4,305,422,419,7.9,28,13.430379746835444,106.1
SOOP,양일,404.4,376,525,298,16,23,10.59375,169.5
치지직,TaeJong2,406.6,355,580,259,21.8,24,9.536697247706423,207.9
치지직,차니0110,407.6,338,283,567,3.5,25,19.914285714285715,69.7
SOOP,아이링IRING,407.6,402,332,486,5.1,22,17.15686274509804,87.5
치지직,카논제이,410,376,472,365,10.7,23,12.02803738317757,128.7
치지직,주수 몬,410.8,376,562,277,19.2,23,9.838541666666666,188.9
치지직,광배언니,412.2,329,547,319,15.5,26,10.141935483870968,157.2
치지직,wkdrbwls,412.4,286,602,286,19.6,30,9.244897959183673,181.2
SOOP,김복배,414.6,355,305,554,3.9,24,18.564102564102566,72.4
치지직,난지 NANJY,417,275,234,671,2.2,32,25,55
치지직,Meiker,419,305,245,650,2.4,28,24,57.6
SOOP,뜌덩,419.8,551,504,270,17.6,16,11.221590909090908,197.5
치지직,김칠칠,421.8,329,317,573,3.9,26,17.641025641025642,68.8
치지직,선드 SeonD,422.2,445,651,182,35.3,20,8.827195467422097,311.6
치지직,꼼댕이,422.8,484,586,229,25.7,18,9.494163424124514,244
치지직,희재네케찹도둑,423.4,315,284,617,3.1,27,19.903225806451612,61.7
SOOP,머라냥,423.6,338,496,394,10.2,25,11.343137254901961,115.7
치지직,나 견,426.4,462,663,172,39.2,19,8.686224489795919,340.5
치지직,변수지,426.4,338,554,343,14.1,25,10.02836879432624,141.4
치지직,채로키,426.6,275,252,677,2.4,32,22.791666666666668,54.7
SOOP,오파리,428.2,355,281,612,3.1,24,20.06451612903226,62.2
치지직,체리아씨,428.4,376,310,573,3.8,23,18.105263157894736,68.8
SOOP,슈리´ㅇ`,431.2,294,234,697,2.1,29,25,52.5
치지직,구길동,432,422,507,362,11.6,21,11.172413793103448,129.6
SOOP,미미MIMI#,432.4,294,293,641,3,29,19.5,58.5
치지직,햇밤식,433.2,280,266,677,2.6,31,21.03846153846154,54.7
SOOP,사만다_,434,596,673,114,71.8,15,8.57799442896936,615.9
SOOP,루루시,434.2,223,198,776,1.5,42,30.733333333333334,46.1
치지직,아자엘,434.4,286,240,703,2.1,30,24.714285714285715,51.9
치지직,배그하는 곰띠,434.8,294,260,680,2.5,29,21.8,54.5
치지직,칼리오스임미다,435,235,270,700,2.5,38,20.88,52.2
SOOP,체리꿀맛,435.4,445,355,511,5.2,20,15.846153846153847,82.4
치지직,유앵화,435.6,402,301,587,3.5,22,18.942857142857143,66.3
치지직,엽빛나0,435.6,338,591,329,15.8,25,9.386075949367088,148.3
치지직,홍띵환,436.6,551,495,321,13.6,16,11.411764705882353,155.2
치지직,유토 STAVE,436.6,315,311,623,3.4,27,18.058823529411764,61.4
치지직,얼도우,440.8,422,530,361,12.4,21,10.516129032258064,130.4
치지직,포얌 Poyam,441.2,280,246,717,2.1,31,23.952380952380953,50.3
SOOP,각하늘,441.6,422,350,543,4.6,21,16.108695652173914,74.1
치지직,포포쨩,443,315,277,673,2.7,27,20.333333333333332,54.9
치지직,유예니,444.8,462,551,330,14.7,19,10.081632653061224,148.2
SOOP,강채,445.2,376,275,650,2.8,23,20.571428571428573,57.6
치지직,포뭉S2,446,462,467,417,8.8,19,12.102272727272727,106.5
치지직,욱동2,448.6,355,647,297,19.3,24,8.849740932642487,170.8
치지직,하파,449,551,625,222,27.8,16,9.050359712230216,251.6
치지직,Ares 아레스,449.8,355,321,626,3.5,24,17.428571428571427,61
치지직,무 운,451.6,376,632,309,18.3,23,8.978142076502733,164.3
치지직,플 레 타,451.6,212,183,840,1.2,45,34.333333333333336,41.2
치지직,0칠빵0,452.2,551,603,252,23.2,16,9.241379310344827,214.4
치지직,초사샤샤,455.2,422,442,485,6.9,21,12.695652173913043,87.6
SOOP,바먀,456.6,329,259,718,2.3,26,21.82608695652174,50.2
치지직,쎄나츄,459.8,551,608,266,21.7,16,9.19815668202765,199.6
치지직,정수파리,460,516,579,313,16.9,17,9.550295857988166,161.4
치지직,천룩희,460.4,484,568,341,14.7,18,9.72108843537415,142.9
SOOP,딸기슈몽이♡,461.6,484,451,461,7.6,18,12.473684210526315,94.8
SOOP,효야,465.2,462,428,504,6.3,19,13.301587301587302,83.8
치지직,유메리님,465.2,462,460,472,7.5,19,12.253333333333334,91.9
치지직,과학잡지,465.4,355,771,215,35.1,24,7.373219373219373,258.8
치지직,유자 Yuja,468.6,329,705,302,20.5,26,8.141463414634146,166.9
SOOP,히령♡,470.8,484,379,556,4.9,18,14.714285714285714,72.1
치지직,새지,470.8,462,743,203,36.1,19,7.684210526315789,277.4
치지직,푸뽀,471.4,329,262,752,2.2,26,21.727272727272727,47.8
치지직,펭삼,472,402,344,635,3.7,22,16.35135135135135,60.5
치지직,킴이슬,472,402,444,535,6,22,12.683333333333334,76.1
치지직,쑥쑥바질,472.4,376,347,646,3.6,23,16.194444444444443,58.3
치지직,민잉이,473.8,551,735,174,42.8,16,7.780373831775701,333
치지직,빵짱,474.4,376,381,617,4.2,23,14.69047619047619,61.7
치지직,요이 YOE,474.8,248,220,843,1.5,36,27.2,40.8
SOOP,Gur3um.,475.2,376,448,552,5.8,23,12.60344827586207,73.1
치지직,멜 이,476.4,376,375,628,4.1,23,14.853658536585366,60.9
치지직,천수천수,477.2,376,282,723,2.5,23,19.92,49.8
치지직,에바자넝,477.6,462,521,442,9.2,19,10.880434782608695,100.1
치지직,레츠 Letsu,478.4,422,387,598,4.5,21,14.377777777777778,64.7
치지직,김통수,478.6,445,707,267,24.5,20,8.122448979591837,199
치지직,시로네 하루,479.8,261,193,876,1.2,34,31.666666666666668,38
치지직,에이드3,480,270,247,818,1.8,33,23.72222222222222,42.7
SOOP,Faith3,480.4,484,552,407,10.7,18,10.046728971962617,107.5
치지직,융 쁘,480.8,376,285,729,2.5,23,19.8,49.5
SOOP,해봄♡,482.2,305,256,797,2,28,22.15,44.3
치지직,쀙쀙줴,482.2,445,421,562,5.3,20,13.471698113207546,71.4
SOOP,키비스으,483.6,422,318,680,3.1,21,17.580645161290324,54.5
치지직,록시 스윗랜드,484,376,331,691,3.1,23,17.161290322580644,53.2
씨미,아야네 호타루,485.6,270,232,847,1.6,33,25.125,40.2
치지직,최올림,489.2,596,730,195,37.5,15,7.832,293.7
치지직,임소다,489.2,516,589,376,13.1,17,9.427480916030534,123.5
치지직,애플보이캣,491.2,402,425,602,4.8,22,13.375,64.2
치지직,하밍이,491.8,445,403,604,4.6,20,13.869565217391305,63.8
SOOP,문창식,492.4,294,767,317,21.4,29,7.462616822429907,159.7
치지직,아델리 Adelie,492.4,596,533,400,10.7,15,10.401869158878505,111.3
SOOP,_콩이_,492.4,516,432,541,5.7,17,13.175438596491228,75.1
치지직,코지43,493.8,551,733,226,31.8,16,7.79559748427673,247.9
치지직,신소칩,497.2,516,471,514,6.8,17,12.029411764705882,81.8
치지직,어서옵냥,497.2,596,706,239,28.8,15,8.131944444444445,234.2
치지직,하스딩,498,402,400,644,4.2,22,13.904761904761905,58.4
치지직,샤 나,499,231,342,790,2.7,39,16.555555555555557,44.7
치지직,정따따,499.6,338,320,760,2.7,25,17.48148148148148,47.2
치지직,달무리빛,500.4,484,671,338,16.7,18,8.610778443113773,143.8
치지직,육두희,504.4,596,750,213,34,15,7.629411764705883,259.4
치지직,달달한 피치쨩,505.6,516,497,509,7.3,17,11.301369863013699,82.5
치지직,유엔 Yu2n,509.2,516,668,347,15.8,17,8.664556962025317,136.9
SOOP,유서리_,509.6,422,488,575,5.9,21,11.64406779661017,68.7
치지직,비스타냥이,509.8,355,610,487,9.5,24,9.189473684210526,87.3
치지직,미즈야,513.2,596,839,146,63,15,6.893650793650794,434.3
치지직,kitty365manwoon,514,156,135,1072,0.5,65,51.4,25.7
치지직,닝 야,514.2,551,731,279,24.2,16,7.801652892561983,188.8
SOOP,새마요,514.8,516,416,613,4.6,17,13.5,62.1
치지직,박평구천,516.4,286,853,295,25.4,30,6.7952755905511815,172.6
SOOP,흐린밤,518,638,758,218,34,14,7.538235294117647,256.3
씨미,애퍼타이트,518,402,590,504,8.9,22,9.415730337078651,83.8
치지직,햄부기쟝,520.4,422,382,708,3.5,21,14.685714285714285,51.4
치지직,루아나 Official,520.8,182,136,1075,0.5,54,51,25.5
치지직,쿠아 Qua,521.6,422,357,736,3.1,21,15.774193548387096,48.9
치지직,고망지,522,402,362,742,3.1,22,15.580645161290322,48.3
SOOP,삐딱냥,522,638,703,283,22.5,14,8.155555555555555,183.5
치지직,김사라,522.8,638,631,357,14.7,14,8.979591836734693,132
SOOP,아이코_,523.6,294,249,913,1.5,29,23.466666666666665,35.2
SOOP,예니_ouo,524.4,516,433,620,4.7,17,13.085106382978724,61.5
SOOP,마리히,524.8,376,296,828,2.2,23,19.227272727272727,42.3
치지직,부부워치,525.8,551,613,426,11.3,16,9.15929203539823,103.5
치지직,릴썬,527.2,596,576,444,10.4,15,9.586538461538462,99.7
치지직,행성이 게임,528.8,462,756,335,19.1,19,7.554973821989528,144.3
치지직,신예리,530.4,638,566,441,10.3,14,9.737864077669903,100.3
SOOP,다네,531.2,484,390,696,3.7,18,14.216216216216216,52.6
치지직,헬릭스,532.4,638,543,469,9.1,14,10.23076923076923,93.1
치지직,하곰루,532.8,462,368,733,3.2,19,15.3125,49
SOOP,랑이몽_,533.2,516,370,705,3.4,17,15.176470588235293,51.6
치지직,불녀,534.4,596,628,410,11.9,15,9,107.1
치지직,ZO2im,534.6,355,522,637,5.6,24,10.75,60.2
SOOP,화려희,534.8,638,565,453,10,14,9.76,97.6
SOOP,송현_,536.4,462,354,756,3,19,15.9,47.7
치지직,진짜루비,536.8,484,517,583,6.1,18,10.98360655737705,67
치지직,Aester,537.4,445,413,708,3.8,20,13.526315789473685,51.4
치지직,닭백수,539.6,596,505,546,6.6,15,11.196969696969697,73.9
치지직,히마오,540,422,366,773,3,21,15.433333333333334,46.3
SOOP,핑빠리,542.2,445,324,809,2.5,20,17.36,43.4
치지직,배추맨,542.2,551,670,410,12.4,16,8.637096774193548,107.1
SOOP,♡쿠라,542.4,638,519,518,7.4,14,10.945945945945946,81
치지직,Python1,543.6,484,803,314,22.5,18,7.168888888888889,161.3
치지직,디단장,545.6,422,365,788,2.9,21,15.482758620689655,44.9
치지직,정재미,547.2,484,728,398,14.4,18,7.840277777777778,112.9
치지직,오미짱,548.8,596,819,255,30.2,15,7.052980132450331,213
치지직,넥플,549.4,275,213,1023,1,32,27.8,27.8
치지직,상일2,549.6,516,854,262,29.7,17,6.784511784511785,201.5
치지직,탑드래곤,551.2,402,409,768,3.4,22,13.676470588235293,46.5
SOOP,승용,551.8,551,465,639,4.9,16,12.142857142857142,59.5
SOOP,썰대장-,552.8,596,536,548,7.1,15,10.352112676056338,73.5
치지직,고라니는 똥손,554,462,506,648,5.2,19,11.173076923076923,58.1
치지직,도해니,554.4,516,405,723,3.6,17,13.833333333333334,49.8
치지직,곰돌정호,555.2,516,781,349,18.7,17,7.2994652406417115,136.5
치지직,푸시아베리,557.2,484,713,438,12.6,18,8,100.8
치지직,이나0704,559.4,551,518,605,5.8,16,10.982758620689655,63.7
SOOP,류키∀,560.6,231,181,1105,0.7,39,34.57142857142857,24.2
치지직,하모시달,560.8,422,426,765,3.5,21,13.371428571428572,46.8
SOOP,ir1s_ow,561.8,445,349,833,2.6,20,16.115384615384617,41.9
치지직,빠삐코TV,562,832,783,206,37,11,7.291891891891892,269.8
치지직,삶은구운계란,562,516,795,352,18.6,17,7.225806451612903,134.4
치지직,외화서리범,562.6,701,813,243,32.2,13,7.10248447204969,228.7
SOOP,멍쩡이,564.8,832,686,310,19.4,11,8.443298969072165,163.8
SOOP,뜌듸,566.2,701,791,274,26.7,13,7.262172284644195,193.9
치지직,송찐빵,567.2,376,300,930,1.8,23,19,34.2
SOOP,후와,570,376,272,965,1.5,23,20.666666666666668,31
치지직,연미콩,573.8,253,200,1108,0.8,35,30.125,24.1
SOOP,퓨리1,574.4,638,633,484,9.8,14,8.948979591836734,87.7
치지직,므메 muemei,576,294,510,783,4.1,29,11.121951219512194,45.6
치지직,salgu6,576.6,551,993,173,58.2,16,5.737113402061856,333.9
치지직,아 켄,578,484,844,359,19.2,18,6.848958333333333,131.5
치지직,신바람 baram,578.4,402,981,264,34.6,22,5.797687861271676,200.6
치지직,졍끼끼,579.2,484,458,748,3.9,18,12.307692307692308,48
SOOP,히어로레드,580.8,484,338,872,2.3,18,16.73913043478261,38.5
SOOP,가롱⊙v⊙,581.2,484,345,866,2.4,18,16.25,39
치지직,말카디아,582.4,422,455,790,3.6,21,12.416666666666666,44.7
치지직,모베,583.6,484,719,498,10.7,18,7.990654205607477,85.5
SOOP,뚜덩,584.2,355,341,942,2,24,16.6,33.2
치지직,Navi 나비,585.2,422,739,513,10.6,21,7.726415094339623,81.9
SOOP,솔이가왔솔,585.2,462,363,869,2.5,19,15.52,38.8
치지직,백 정 이,586.4,484,482,742,4.1,18,11.78048780487805,48.3
치지직,해링링 해링,587,701,846,271,28.9,13,6.826989619377162,197.3
치지직,도화선2,588.2,445,376,872,2.6,20,14.807692307692308,38.5
SOOP,리아벨_,588.6,551,434,762,3.6,16,13.083333333333334,47.1
SOOP,성하늘,589.4,355,295,1001,1.5,24,19.266666666666666,28.9
치지직,혼 광,590.2,355,970,328,25.4,24,5.854330708661418,148.7
치지직,제나의일기,592.4,596,805,378,17.2,15,7.162790697674419,123.2
치지직,단망찌,593.4,445,453,808,3.5,20,12.428571428571429,43.5
SOOP,까마귀_____,593.6,638,481,684,4.6,14,11.782608695652174,54.2
치지직,김조승,594.2,551,459,751,3.9,16,12.282051282051283,47.9
치지직,인댕댕,594.8,338,535,783,4.4,25,10.363636363636363,45.6
치지직,올 망,595,551,489,723,4.3,16,11.581395348837209,49.8
치지직,현 수 아,596.8,516,461,773,3.8,17,12.18421052631579,46.3
치지직,키츠네 청야,598.8,484,479,776,3.9,18,11.820512820512821,46.1
치지직,말랑콩떡할미,599,701,802,345,19.3,13,7.186528497409326,138.7
치지직,D4RT,600.4,338,531,801,4.2,25,10.5,44.1
SOOP,요디딛,601.2,402,307,995,1.6,22,18.25,29.2
씨미,김평범,601.6,338,466,869,3.2,25,12.125,38.8
SOOP,징가_,601.8,551,930,299,27.6,16,6.13768115942029,169.4
SOOP,♥핑꾸♥,602,638,736,450,12.7,14,7.771653543307087,98.7
치지직,엘바 Elva,603.2,462,777,500,11.6,19,7.310344827586207,84.8
치지직,향 아,603.6,596,583,628,6.4,15,9.515625,60.9
치지직,해리 z,604.6,445,361,928,2.2,20,15.590909090909092,34.3
치지직,이아 Yia,606.4,402,427,888,2.8,22,13.357142857142858,37.4
치지직,홍말차,607.6,484,501,776,4.1,18,11.24390243902439,46.1
치지직,PasaCrow,609.6,638,774,431,13.9,14,7.345323741007194,102.1
치지직,디룽지,609.8,769,749,391,15.2,12,7.631578947368421,116
SOOP,초아♬,609.8,445,307,995,1.6,20,18.25,29.2
SOOP,keyring,610.6,769,634,508,9.3,12,8.946236559139784,83.2
치지직,임참직,611,769,926,217,41.7,12,6.158273381294964,256.8
치지직,프리리Freeree,611.2,484,621,665,6.1,18,9.098360655737705,55.5
씨미,귤먹고노래짐,611.6,596,797,434,14.1,15,7.212765957446808,101.7
SOOP,찬욱,613.6,516,358,918,2.2,17,15.772727272727273,34.7
치지직,든세,613.6,596,659,577,7.8,15,8.717948717948717,68
치지직,여라몬,615,701,711,476,11.3,13,8.053097345132743,91
치지직,카야jamkaya,616,516,389,893,2.6,17,14.26923076923077,37.1
치지직,플로스05,616.4,462,412,898,2.7,19,13.555555555555555,36.6
치지직,무미띠,616.6,701,684,507,9.9,13,8.444444444444445,83.6
치지직,으 응,617.8,355,333,1034,1.6,24,17.125,27.4
SOOP,[BJ]철이형,618.4,376,520,838,3.8,23,10.921052631578947,41.5
치지직,달토끼멜라,619.2,516,440,850,3.1,17,12.870967741935484,39.9
SOOP,깅제제,622,484,346,967,1.9,18,16.210526315789473,30.8
치지직,렌카즈,622,484,378,935,2.3,18,14.73913043478261,33.9
치지직,하소리,623.2,376,291,1079,1.3,23,19.53846153846154,25.4
치지직,해령임둥,626.2,701,657,558,8.2,13,8.768292682926829,71.9
치지직,즌다몬,627.2,280,231,1197,0.8,31,25.375,20.3
치지직,먼지샴푸,627.8,769,865,320,23.2,12,6.706896551724138,155.6
치지직,김칸타,629,551,512,785,4.1,16,11.073170731707316,45.4
치지직,꼬도리,629.2,596,660,615,7.1,15,8.704225352112676,61.8
치지직,호랭찌,629.4,701,765,458,12.8,13,7.4765625,95.7
치지직,콩이라고해,629.6,596,753,523,10.4,15,7.605769230769231,79.1
치지직,안어이,629.8,305,248,1174,0.9,28,23.666666666666668,21.3
치지직,신드멘,632.4,516,557,766,4.7,17,9.936170212765957,46.7
치지직,르 하,634.4,462,419,936,2.5,19,13.48,33.7
치지직,딩폴 DingPOL,639,551,470,852,3.3,16,12.030303030303031,39.7
SOOP,잉소원,640,484,384,974,2.1,18,14.571428571428571,30.6
치지직,삐람지,641.2,422,439,953,2.5,21,12.92,32.3
치지직,헤카테문,641.6,638,921,364,20.8,14,6.1923076923076925,128.8
치지직,세히리,644.4,516,499,854,3.5,17,11.285714285714286,39.5
치지직,하시우v,645,701,936,326,24.9,13,6.072289156626506,151.2
치지직,솜달이,646,638,826,470,13.3,14,6.984962406015038,92.9
치지직,하츠미 HATSUMI,647,551,402,940,2.4,16,13.875,33.3
치지직,도 마 도,648,462,1097,292,34.5,19,5.057971014492754,174.5
치지직,흐 림,648.4,596,956,367,21.5,15,5.9581395348837205,128.1
치지직,도비애오,653.6,516,502,874,3.4,17,11.235294117647058,38.2
SOOP,멜랴.,653.6,596,816,520,11.3,15,7.088495575221239,80.1
치지직,해찜,653.8,769,793,457,13.2,12,7.257575757575758,95.8
치지직,밍뭉망,654.2,701,810,475,12.8,13,7.1171875,91.1
치지직,고먐미님,655,701,599,688,5.8,13,9.275862068965518,53.8
치지직,박용준06,655.2,484,449,947,2.6,18,12.576923076923077,32.7
치지직,얌상츄,658.2,551,486,884,3.2,16,11.71875,37.5
치지직,대추야자,659.2,638,973,356,22.7,14,5.845814977973569,132.7
SOOP,창기-,660.2,551,463,912,2.9,16,12.172413793103448,35.3
치지직,베키Becky,660.4,638,953,379,20.5,14,5.985365853658537,122.7
치지직,LoveAffair,662,516,764,633,8.1,17,7.481481481481482,60.6
치지직,빠니볼,663,701,738,569,9,13,7.733333333333333,69.6
치지직,앤디게임,665,769,1005,273,34.2,12,5.675438596491228,194.1
SOOP,카히리,665.8,235,171,1376,0.4,38,37.25,14.9
치지직,o 프리엘 o,665.8,769,626,654,6.3,12,9.047619047619047,57
치지직,치로미,666.2,769,745,536,9.9,12,7.6767676767676765,76
치지직,소 하린,668.4,638,620,732,5.4,14,9.11111111111111,49.2
치지직,Z4nN,668.6,701,939,382,20.1,13,6.054726368159204,121.7
치지직,김까슬,669.8,769,881,409,16.4,12,6.5426829268292686,107.3
치지직,백선화,671.2,638,669,690,6.2,14,8.661290322580646,53.7
SOOP,자용이,672.6,769,677,620,7.2,12,8.541666666666666,61.5
치지직,Iris 아이리스,672.6,551,523,883,3.5,16,10.742857142857142,37.6
치지직,메이아 Maid in korea,674.4,638,605,762,5.1,14,9.235294117647058,47.1
SOOP,bananabacon,675.4,769,698,606,7.7,12,8.25974025974026,63.6
치지직,맹총가리,675.6,516,441,990,2.3,17,12.869565217391305,29.6
치지직,쌉피,677.4,701,622,721,5.5,13,9.090909090909092,50
치지직,김공은,677.6,832,991,287,31.1,11,5.739549839228296,178.5
치지직,빈빈 BinBin,679,551,446,976,2.4,16,12.666666666666666,30.4
SOOP,다정언니,679.2,1036,980,200,48.5,9,5.830927835051546,282.8
치지직,두락이2,680.6,701,639,712,5.7,13,8.929824561403509,50.9
치지직,먀 고,681.2,338,298,1236,1,25,19.1,19.1
치지직,김고도,682.8,596,1103,306,33,15,5.024242424242424,165.8
치지직,류태풍,684.2,911,983,272,34.1,10,5.777126099706745,197
SOOP,미니님♡.♡,684.8,832,612,684,5.9,11,9.186440677966102,54.2
치지직,쭉쭉이0,687.4,551,944,499,14.2,16,6,85.2
치지직,락사샤,687.8,769,555,780,4.6,12,9.978260869565217,45.9
치지직,루아 I RuA,688,596,527,895,3.5,15,10.571428571428571,37
치지직,나로양,688.8,638,665,738,5.6,14,8.678571428571429,48.6
치지직,발명왕에디슨,689.8,551,808,641,8.2,16,7.134146341463414,58.5
치지직,다정언니,691.2,832,1087,225,48.6,11,5.102880658436214,248
SOOP,별이쓰.,692.6,701,578,803,4.6,13,9.565217391304348,44
SOOP,미유?,692.8,596,420,1014,2.1,15,13.476190476190476,28.3
치지직,정크랫패스,693.2,484,1184,307,35.4,18,4.6807909604519775,165.7
치지직,상 애,693.8,701,963,421,17.9,13,5.88268156424581,105.3
SOOP,미닛이에용,694.4,516,473,1005,2.4,17,12,28.8
SOOP,간율,694.6,911,910,371,20.1,10,6.27363184079602,126.1
치지직,시로카미 레이,696.2,769,658,698,6,12,8.733333333333333,52.4
치지직,예쁘찌냐,696.6,551,524,942,3.1,16,10.709677419354838,33.2
치지직,스쿼크,696.6,769,962,395,19.5,12,5.897435897435898,115
씨미,비천월,697.2,462,818,694,7.5,19,7.053333333333334,52.9
치지직,삐딱냥,697.4,551,1093,375,24.4,16,5.073770491803279,123.8
치지직,쿠키태운명나뇽,698,638,572,854,4.1,14,9.634146341463415,39.5
SOOP,순수콩♧,698.8,638,638,790,5,14,8.94,44.7
치지직,칠삼 73020,699.2,638,604,825,4.6,14,9.23913043478261,42.5
치지직,윤비나,699.4,551,498,975,2.7,16,11.296296296296296,30.5
치지직,김쑤앙,699.6,484,462,1045,2.2,18,12.181818181818182,26.8
치지직,므슈77,700.6,769,896,471,14.5,12,6.393103448275862,92.7
SOOP,서납,701.2,638,556,878,3.8,14,9.973684210526315,37.9
치지직,현브,702.2,551,619,861,4.3,16,9.116279069767442,39.2
치지직,그누그누gunugunu,702.2,769,903,468,14.7,12,6.340136054421769,93.2
치지직,연너,709.6,516,431,1085,1.9,17,13.210526315789474,25.1
SOOP,유제이와냥이,710.4,638,1060,397,21.7,14,5.267281105990784,114.3
치지직,느좋킴,710.8,832,1101,260,41.1,11,5.02676399026764,206.6
치지직,햄 민 이,711.2,638,648,811,4.9,14,8.83673469387755,43.3
치지직,티아 Celestia,712,338,474,1137,1.9,25,11.947368421052632,22.7
치지직,설표0,713,701,1016,416,19.1,13,5.5863874345549736,106.7
치지직,융유융융,713.6,422,348,1225,1.2,21,16.166666666666668,19.4
치지직,곰머꼭이,713.6,638,766,699,7,14,7.4714285714285715,52.3
치지직,레스인데,714,376,278,1319,0.8,23,20.25,16.2
치지직,예티사냥꾼,714.2,701,984,451,17,13,5.770588235294118,98.1
SOOP,타쵸쵸,714.8,596,508,981,2.7,15,11.148148148148149,30.1
치지직,한심한김진돌,716.2,551,453,1062,2.1,16,12.428571428571429,26.1
치지직,양엔젤,717,551,987,530,13.4,16,5.768656716417911,77.3
치지직,지눙2,717.6,596,546,950,3.2,15,10.15625,32.5
치지직,오민omin,719.6,638,1095,385,23.6,14,5.067796610169491,119.6
치지직,현 냥 0w0,720,832,776,608,8.6,11,7.325581395348837,63
SOOP,BJ은후,721.2,638,662,822,4.9,14,8.693877551020408,42.6
치지직,Charlotte 샤를로트,721.6,638,595,890,4,14,9.325,37.3
치지직,얌 새,721.8,769,918,502,13.5,12,6.214814814814815,83.9
치지직,솜탕Somtang,723,769,587,836,4.4,12,9.477272727272727,41.7
치지직,신 S1N,723.6,638,931,559,11.7,14,6.136752136752137,71.8
치지직,LucioPesto,723.6,516,1011,540,13.3,17,5.661654135338346,75.3
치지직,까복치,724.2,911,937,418,17.5,10,6.0685714285714285,106.2
SOOP,d햄비b,725,911,841,516,11.9,10,6.857142857142857,81.6
SOOP,goblin2001,725.2,832,1044,353,25,11,5.336,133.4
치지직,쨩스리,726.4,832,712,688,6.7,11,8.029850746268657,53.8
SOOP,미니언-,728,638,655,846,4.6,14,8.782608695652174,40.4
치지직,구름위에달,728.6,911,827,539,10.8,10,6.981481481481482,75.4
치지직,꾸꾸몽,728.6,769,744,693,6.9,12,7.681159420289855,53
치지직,홍재에용,729,769,1142,296,35.3,12,4.852691218130311,171.3
SOOP,슈이,729.6,832,1117,291,35.2,11,4.985795454545454,175.5
치지직,류단비,730.8,596,573,956,3.3,15,9.606060606060606,31.7
치지직,추 추,731.6,832,817,596,9.2,11,7.065217391304348,65
SOOP,멍염디,735,911,954,428,17.2,10,5.982558139534884,102.9
치지직,퓨리0,735.8,701,890,599,10,13,6.45,64.5
치지직,우동집딸래미,736.4,638,694,828,5.1,14,8.294117647058824,42.3
치지직,Gyomin,736.8,638,763,760,6.3,14,7.492063492063492,47.2
치지직,dozzy,737,701,1122,370,25.6,13,4.9609375,127
치지직,솔부엉이,737.4,769,1055,404,20.5,12,5.2926829268292686,108.5
치지직,불멸의라볶이,737.8,701,1178,316,34,13,4.711764705882353,160.2
치지직,담비꺼야,738,596,480,1067,2.2,15,11.818181818181818,26
SOOP,소금김밥,739.2,832,832,600,9.3,11,6.924731182795699,64.4
치지직,김 민트,740.4,832,1030,405,19.9,11,5.447236180904523,108.4
치지직,몽블랑도너츠,741.8,701,829,675,7.9,13,6.936708860759493,54.8
치지직,한두울,743.6,596,708,853,4.9,15,8.081632653061224,39.6
치지직,뽀실애기,744.2,551,597,988,3.2,16,9.28125,29.7
치지직,설하나,744.4,516,391,1212,1.4,17,14.214285714285714,19.9
치지직,시 끝,745.2,638,539,1005,2.8,14,10.285714285714286,28.8
씨미,냐룽이,748,516,974,638,10.2,17,5.8431372549019605,59.6
치지직,장 봉 남,748.8,596,682,892,4.4,15,8.454545454545455,37.2
치지직,아 뵤,749.6,596,692,884,4.5,15,8.333333333333334,37.5
SOOP,비라애옹,750,1036,1054,303,31.4,9,5.2993630573248405,166.4
SOOP,sp1nel,750.4,516,513,1105,2.2,17,11,24.2
치지직,김멩뚜,751,551,493,1109,2.1,16,11.428571428571429,24
치지직,지우나,752.8,596,549,1035,2.7,15,10.11111111111111,27.3
치지직,호루니 Horuni,753.2,832,958,509,13.9,11,5.9352517985611515,82.5
치지직,큐빈 Kyubin,753.2,596,678,907,4.2,15,8.523809523809524,35.8
치지직,i1ly,753.6,832,828,640,8.5,11,6.964705882352941,59.2
치지직,navi2,754.8,596,754,835,5.5,15,7.6,41.8
SOOP,츄르°,755.4,769,829,675,7.9,12,6.936708860759493,54.8
치지직,율무가루,757,551,713,904,4.5,16,8,36
치지직,후유네 S2,758.6,769,725,787,5.7,12,7.912280701754386,45.1
치지직,구로미쿠,759.8,769,905,610,9.9,12,6.303030303030303,62.4
치지직,자빈123,759.8,445,351,1326,1,20,16.1,16.1
SOOP,hiwchakiew,760.4,832,695,790,5.4,11,8.277777777777779,44.7
치지직,제갈혜선,760.4,462,709,961,3.9,19,8.076923076923077,31.5
치지직,백의화백,760.6,769,687,830,5,12,8.44,42.2
치지직,꽁구마,761.2,638,447,1137,1.8,14,12.61111111111111,22.7
치지직,승 돌,761.4,701,740,813,5.6,13,7.714285714285714,43.2
치지직,하루나 HARUNA,762.6,769,997,525,13.7,12,5.7226277372262775,78.4
치지직,범식 sick tiger,763.4,701,976,582,11.5,13,5.834782608695652,67.1
치지직,루 아 냥,764.2,769,831,695,7.6,12,6.934210526315789,52.7
SOOP,정초아,765.2,1036,804,591,9.2,9,7.163043478260869,65.9
치지직,랍벤뎀,766,638,789,807,6,14,7.266666666666667,43.6
치지직,시메접음,766,286,1314,458,23.1,30,4.142857142857143,95.7
치지직,포곰이,766.6,769,675,857,4.6,12,8.565217391304348,39.4
치지직,아리토리에스,769.2,638,611,993,3.2,14,9.1875,29.4
치지직,견희v,769.6,596,779,847,5.5,15,7.3090909090909095,40.2
SOOP,깡밍_♥,769.8,911,888,581,10.4,10,6.461538461538462,67.2
씨미,일짱,769.8,701,713,861,4.9,13,8,39.2
치지직,리안S2,771,701,653,924,3.9,13,8.820512820512821,34.4
치지직,유나욘,772,638,474,1137,1.9,14,11.947368421052632,22.7
치지직,이맹고 maengo,772.2,551,450,1205,1.6,16,12.5625,20.1
치지직,로로8P,773.6,638,553,1062,2.6,14,10.038461538461538,26.1
SOOP,강엽,773.8,911,689,790,5.3,10,8.433962264150944,44.7
치지직,마무 Mamuu,774.2,201,157,1678,0.2,48,44,8.8
치지직,룡쥐,775.8,911,898,586,10.4,10,6.384615384615385,66.4
치지직,꿀 덕,776.2,701,581,1009,3,13,9.533333333333333,28.6
치지직,이호요이,776.6,701,624,967,3.4,13,9.058823529411764,30.8
SOOP,강푸름_^,777,911,968,519,13.7,10,5.868613138686132,80.4
치지직,김메르시,777,769,1020,538,13.6,12,5.5588235294117645,75.6
치지직,하채민,778.6,701,503,1093,2.2,13,11.227272727272727,24.7
치지직,양먕양,778.6,701,923,673,8.9,13,6.168539325842697,54.9
치지직,혤미 HM,779.4,701,627,971,3.4,13,9.029411764705882,30.7
치지직,앵 두몽,780.4,832,1120,415,21.5,11,4.967441860465116,106.8
치지직,철갑상어탄,781.4,701,863,740,7.2,13,6.722222222222222,48.4
치지직,미안하다강림이좀늦었,782,462,843,881,5.5,19,6.8545454545454545,37.7
SOOP,히몽이,782.6,911,1059,442,19,10,5.268421052631579,100.1
치지직,레이라 리코리스,783,911,1023,479,16.4,10,5.512195121951219,90.4
SOOP,이희루♡,783.6,638,443,1197,1.6,14,12.6875,20.3
치지직,미츠나,785.4,701,838,775,6.7,13,6.895522388059701,46.2
치지직,초타 chota,785.4,701,911,702,8.3,13,6.265060240963855,52
치지직,블랑 KRONOS,786.4,638,567,1080,2.6,14,9.73076923076923,25.3
SOOP,펠리칸인디용,788.4,832,952,603,10.7,11,5.990654205607477,64.1
치지직,슈퍼루키2,788.4,484,704,1025,3.4,18,8.147058823529411,27.7
치지직,마 악,788.8,596,643,1031,3.1,15,8.870967741935484,27.5
치지직,Trekking,790.2,701,1241,384,27.2,13,4.415441176470588,120.1
치지직,AME33,792.8,1036,1025,439,18.3,9,5.502732240437158,100.7
치지직,알라쫀득쿠키,793.2,1036,1132,333,29.5,9,4.915254237288136,145
치지직,하치와랭,794.6,911,1079,452,19,10,5.157894736842105,98
치지직,먀우 myau,797.2,516,416,1319,1.2,17,13.5,16.2
치지직,한자연,798.6,701,849,797,6.5,13,6.815384615384615,44.3
치지직,Powerr,799.6,596,1134,567,14.2,15,4.908450704225352,69.7
치지직,고마생원,800.8,638,969,714,8.6,14,5.8604651162790695,50.4
치지직,고구마둘리,802.4,516,1102,646,11.6,17,5.025862068965517,58.3
치지직,고운 goun,803.2,638,654,1035,3.1,14,8.806451612903226,27.3
SOOP,하루네_,803.2,280,201,1667,0.3,31,30,9
치지직,갓잘,804,832,908,686,8.6,11,6.290697674418604,54.1
SOOP,김지마,804.6,911,713,843,5.1,10,8,40.8
치지직,가루다 Garuda,805.2,638,1133,561,14.6,14,4.910958904109589,71.7
치지직,고ㄴl,806.8,1036,982,517,14,9,5.792857142857143,81.1
치지직,김갱쓰,807.6,832,1278,325,35.6,11,4.258426966292135,151.6
치지직,이태원압구정클럽,810.2,911,1077,493,16.6,10,5.186746987951807,86.1
치지직,햄균,812.6,769,1217,430,22.5,12,4.56,102.6
치지직,갤러해드1,814,832,782,837,5.7,11,7.298245614035087,41.6
SOOP,이선만.,814,596,529,1208,1.9,15,10.526315789473685,20
치지직,하찮은돌맹이,814.8,832,609,1012,3.1,11,9.193548387096774,28.5
치지직,장금만,815.4,911,1251,332,33.5,10,4.37910447761194,146.7
SOOP,광살탄,817.2,1036,1172,353,28.1,9,4.747330960854092,133.4
SOOP,드행이,818,1036,806,721,7,9,7.142857142857143,50
치지직,낙묘살,820.2,551,407,1368,1.1,16,13.727272727272727,15.1
SOOP,못말리는춘식,820.8,484,374,1436,0.9,18,15,13.5
치지직,이신나,821.2,832,1061,576,13,11,5.253846153846154,68.3
치지직,유네넴,822.4,832,895,745,7.5,11,6.413333333333333,48.1
치지직,사탕무,823.4,769,643,1031,3.1,12,8.870967741935484,27.5
치지직,엠피empy,824.2,911,1039,566,13,10,5.384615384615385,70
치지직,츄아공주,824.8,832,942,704,8.6,11,6.023255813953488,51.8
치지직,반창고chango,824.8,832,1218,428,22.6,11,4.553097345132743,102.9
치지직,짱짱도규니,825,701,542,1170,2.1,13,10.238095238095237,21.5
치지직,나모라고해,825.6,638,1313,432,24.6,14,4.146341463414634,102
치지직,owsentier,826,596,468,1299,1.4,15,12.071428571428571,16.9
치지직,사엘님,828,516,1269,543,17.3,17,4.283236994219653,74.1
치지직,초순이,829.8,911,975,644,10,10,5.84,58.4
SOOP,D0D0_,830.8,638,513,1245,1.7,14,11,18.7
SOOP,사모_,831,911,722,900,4.6,10,7.934782608695652,36.5
치지직,해랑잉,831,701,598,1129,2.5,13,9.28,23.2
SOOP,힝구맹구,831.4,911,960,663,9.4,10,5.914893617021277,55.6
치지직,냥타몽,831.4,701,641,1087,2.8,13,8.892857142857142,24.9
치지직,솔솔퀸,837.2,338,294,1630,0.5,25,19.4,9.7
SOOP,백세연,837.4,769,616,1093,2.7,12,9.148148148148149,24.7
치지직,비글명수,839.4,769,847,867,5.7,12,6.824561403508772,38.9
치지직,SONA 쏘나양,839.6,596,588,1213,2.1,15,9.428571428571429,19.8
치지직,건망고,839.8,551,401,1423,1,16,13.9,13.9
치지직,송블리v,839.8,769,752,963,4.1,12,7.609756097560975,31.2
치지직,버스타는 지렁이,840.6,911,902,744,7.6,10,6.342105263157895,48.2
치지직,지발2,842.4,832,628,1062,2.9,11,9,26.1
치지직,쿄 하,842.6,911,835,816,6.2,10,6.903225806451613,42.8
치지직,우에노 유키,844.2,701,607,1153,2.4,13,9.208333333333334,22.1
치지직,김흑둥이,845,911,1274,383,28.4,10,4.264084507042254,121.1
치지직,크밍1,845,551,456,1381,1.2,16,12.333333333333334,14.8
치지직,송먀옹,845.2,638,600,1194,2.2,14,9.272727272727273,20.4
치지직,김빠빡,845.4,911,913,745,7.7,10,6.246753246753247,48.1
치지직,잉닝밍,845.6,832,1041,657,10.5,11,5.3619047619047615,56.3
치지직,너가 좀 알려줘,847.8,911,1049,615,11.6,10,5.327586206896552,61.8
치지직,아주모,848.8,832,796,910,4.9,11,7.224489795918367,35.4
치지직,또율이네,850.2,911,1294,376,29.4,10,4.200680272108843,123.5
치지직,내가바로칸나,850.6,355,1197,752,10.3,24,4.640776699029126,47.8
SOOP,정수º,851.8,769,652,1093,2.8,12,8.821428571428571,24.7
치지직,함희루,852.2,769,559,1187,2.1,12,9.857142857142858,20.7
치지직,칠분,853.6,1150,1237,322,34.5,8,4.455072463768116,153.7
치지직,ow WASD,854.6,701,697,1089,3,13,8.266666666666667,24.8
치지직,AKA 아카,855.4,701,1174,614,13.1,13,4.732824427480916,62
치지직,인방보는햄스터,857.4,355,799,1167,3,24,7.2,21.6
치지직,Miaow,857.6,832,1232,496,19.1,11,4.481675392670157,85.6
치지직,지미이입니다,859.4,911,1167,526,16.4,10,4.75,77.9
치지직,버팔로윙봉,859.8,911,1257,437,23.3,10,4.339055793991417,101.1
치지직,발라티아 루,861,701,545,1257,1.8,13,10.166666666666666,18.3
치지직,황빵태,861.2,832,1410,327,39.7,11,3.765743073047859,149.5
치지직,오유파,861.4,701,606,1197,2.2,13,9.227272727272727,20.3
SOOP,깅면기,861.4,701,464,1339,1.3,13,12.153846153846153,15.8
치지직,단비임,862.2,911,1254,446,22.8,10,4.364035087719298,99.5
치지직,홍일이,862.6,701,561,1245,1.9,13,9.842105263157896,18.7
SOOP,연자몽,864.8,638,484,1359,1.3,14,11.76923076923077,15.3
치지직,요디딛,866.8,638,537,1311,1.6,14,10.3125,16.5
치지직,월림,867.6,832,726,1027,3.5,11,7.885714285714286,27.6
SOOP,므슈77,868.8,1150,1171,426,21.8,8,4.747706422018348,103.5
치지직,솜하치,870.2,911,1052,668,10.4,10,5.3076923076923075,55.2
치지직,유고트,870.8,832,1160,601,13.4,11,4.798507462686567,64.3
SOOP,온새벽,871.2,1036,747,913,4.6,9,7.6521739130434785,35.2
SOOP,셀리아_,872,638,490,1371,1.3,14,11.538461538461538,15
치지직,Gen111,874,638,696,1170,2.6,14,8.26923076923077,21.5
치지직,노아린o,874.6,911,994,737,8.5,10,5.729411764705882,48.7
SOOP,호아띠☆,874.8,1036,759,910,4.7,9,7.531914893617022,35.4
치지직,쩡가,876,832,1073,701,10,11,5.21,52.1
SOOP,farmerow,877,701,534,1308,1.6,13,10.375,16.6
치지직,여하땅,879.2,1036,1143,537,15.6,9,4.852564102564102,75.7
SOOP,힐링동키,879.4,701,537,1311,1.6,13,10.3125,16.5
SOOP,CARU.,880,832,860,924,5.1,11,6.745098039215686,34.4
SOOP,용배ºヮº,880.2,769,642,1174,2.4,12,8.875,21.3
치지직,울리지마용,882.6,911,1203,548,15.9,10,4.622641509433962,73.5
치지직,장민돌,883.2,1036,1179,511,17.5,9,4.708571428571428,82.4
치지직,미츄리,883.2,832,894,898,5.7,11,6.421052631578948,36.6
치지직,재담일,884,832,1082,712,9.9,11,5.141414141414141,50.9
치지직,삼다수빈,884.8,1036,1202,492,18.6,9,4.634408602150538,86.2
치지직,단세포군,885.2,1036,1162,533,16,9,4.7875,76.6
치지직,owkamo,885.4,445,876,1115,3.6,20,6.583333333333333,23.7
SOOP,그림자2,885.6,1284,1397,175,87,7,3.811494252873563,331.6
치지직,시구레 켄지,887.4,701,1036,832,7.8,13,5.397435897435898,42.1
SOOP,강희또,888,516,379,1583,0.7,17,14.714285714285714,10.3
치지직,l영이l,888.8,832,574,1232,2,11,9.6,19.2
치지직,치요밍,889,701,615,1257,2,13,9.15,18.3
SOOP,달토끼멜라,890.6,911,656,1115,2.7,10,8.777777777777779,23.7
치지직,도하비,891.4,911,1309,464,22.5,10,4.164444444444444,93.7
SOOP,히수레,891.6,1036,889,822,6.6,9,6.454545454545454,42.6
씨미,홍던이,892.6,911,855,921,5.1,10,6.784313725490196,34.6
치지직,꿀곰이,893.4,701,1403,480,23.8,13,3.7857142857142856,90.1
치지직,김숏달,893.6,596,917,1019,4.5,15,6.222222222222222,28
치지직,UNIV2R,894.2,769,690,1161,2.6,12,8.384615384615385,21.8
치지직,킴유아,895,911,1617,165,117,10,3.0974358974358975,362.4
치지직,김포드,896.4,638,646,1276,2,14,8.85,17.7
치지직,안녕난비비,896.6,911,868,918,5.2,10,6.673076923076923,34.7
치지직,짤랑이,896.8,1036,1014,710,9.1,9,5.615384615384615,51.1
치지직,갈치링,897.6,1036,1198,528,16.7,9,4.640718562874252,77.5
씨미,임쵸리,899,445,747,1278,2.3,20,7.6521739130434785,17.6
치지직,Aragakiyui,901.2,484,942,1069,4.3,18,6.023255813953488,25.9
치지직,방가영,903,911,815,987,4.2,10,7.095238095238095,29.8
치지직,OW주댕,904.6,911,1211,595,14.2,10,4.584507042253521,65.1
씨미,민소희,904.8,484,397,1623,0.7,18,14,9.8
SOOP,미유냥,906.8,1036,778,971,4.2,9,7.309523809523809,30.7
치지직,아요띵,907,701,491,1426,1.2,13,11.5,13.8
치지직,라이부v,907.8,701,821,1098,3.5,13,7,24.5
치지직,메인코,909.2,1150,1452,246,61.8,8,3.6132686084142396,223.3
씨미,마셜이,910,1036,1234,523,17.7,9,4.468926553672317,79.1
치지직,밍녕,911,911,1514,308,47.7,10,3.4465408805031448,164.4
치지직,하 다람,911.6,832,836,1027,4,11,6.9,27.6
치지직,야마치,912.2,769,691,1205,2.4,12,8.375,20.1
치지직,우사기쿠노이치,912.8,1036,1262,502,19.4,9,4.324742268041237,83.9
치지직,보름 borum,912.8,638,592,1371,1.6,14,9.375,15
치지직,문금통,912.8,832,720,1146,2.8,11,7.964285714285714,22.3
치지직,러엔피,914,1036,1302,465,22.3,9,4.188340807174888,93.4
치지직,민뇨미,914.2,769,582,1319,1.7,12,9.529411764705882,16.2
치지직,TWOSUNPLACE,915.8,701,1553,386,35.6,13,3.303370786516854,117.6
치지직,꿀 뭉,915.8,355,268,1844,0.3,24,21,6.3
치지직,메리 MARY,916,516,693,1339,1.9,17,8.31578947368421,15.8
치지직,요이차,916.2,911,768,1067,3.5,10,7.428571428571429,26
치지직,0김남우0,916.6,769,1322,585,16.3,12,4.079754601226994,66.5
치지직,플로탸,917.4,911,1273,565,16.5,10,4.266666666666667,70.4
치지직,김준서2,917.6,638,664,1311,1.9,14,8.68421052631579,16.5
치지직,KimDino김디노,919.8,769,840,1075,3.7,12,6.891891891891892,25.5
치지직,이백도baekdo,920.4,1036,875,908,5.4,9,6.611111111111111,35.7
치지직,온유 OnU,922.2,315,223,1925,0.2,27,26.5,5.3
SOOP,최윤주,924.4,1150,1214,522,17.4,8,4.580459770114943,79.7
치지직,탄포포 유메,924.6,701,635,1326,1.8,13,8.944444444444445,16.1
SOOP,킴딸기,924.8,832,593,1303,1.8,11,9.333333333333334,16.8
치지직,라인하르트몽실이,925.6,1036,995,801,7.7,9,5.7272727272727275,44.1
치지직,아라운검,926.2,911,1146,714,10.4,10,4.846153846153846,50.4
치지직,고한결Hangyul,927,911,1315,547,17.9,10,4.11731843575419,73.7
치지직,드알,928.2,769,539,1397,1.4,12,10.285714285714286,14.4
치지직,ozz6,930.2,911,801,1069,3.6,10,7.194444444444445,25.9
치지직,하이 HI,930.2,911,1118,752,9.6,10,4.979166666666667,47.8
SOOP,별시아,931.4,701,478,1500,1,13,11.9,11.9
SOOP,리핀♡,931.6,832,688,1225,2.3,11,8.434782608695652,19.4
치지직,송 희,932.4,832,699,1216,2.4,11,8.208333333333334,19.7
치지직,아람치,932.8,1036,1161,653,11.9,9,4.798319327731092,57.1
치지직,흐먀레아,936.8,832,938,988,4.9,11,6.061224489795919,29.7
SOOP,K4NE,938.4,638,584,1443,1.4,14,9.5,13.3
치지직,박온행,942.2,551,1525,555,21.2,16,3.4056603773584904,72.2
치지직,망구빙수,942.4,1150,1369,412,27.2,8,3.9301470588235294,106.9
치지직,그베,942.8,1150,1072,710,9.8,8,5.214285714285714,51.1
치지직,신티나,942.8,832,927,1014,4.6,11,6.1521739130434785,28.3
치지직,차 메,943.8,701,773,1236,2.6,13,7.346153846153846,19.1
치지직,l늘푸름l,944.2,911,1277,628,14.3,10,4.258741258741258,60.9
SOOP,시엘,944.6,911,871,1035,4.1,10,6.658536585365853,27.3
치지직,송하v,945,911,1029,878,6.9,10,5.492753623188406,37.9
치지직,뇸냠뇽냠,945.2,638,999,1045,4.7,14,5.702127659574468,26.8
치지직,럭케,946.4,1284,1264,460,22,7,4.318181818181818,95
SOOP,허빙2,946.4,1284,1181,543,15.8,7,4.689873417721519,74.1
치지직,운송장,947,911,857,1055,3.9,10,6.769230769230769,26.4
SOOP,메메_,949.6,638,1540,515,24.4,14,3.348360655737705,81.7
치지직,라멜Ramel,949.8,769,701,1289,2.1,12,8.19047619047619,17.2
치지직,탄잡스,952.2,911,772,1153,3,10,7.366666666666666,22.1
치지직,뿌랫,952.2,911,873,1052,4,10,6.625,26.5
치지직,박주녕,952.4,1036,1419,444,26.8,9,3.720149253731343,99.7
치지직,코용용 k0yongyong,953,701,564,1468,1.3,13,9.76923076923077,12.7
치지직,도라123,954.6,769,637,1365,1.7,12,8.941176470588236,15.2
씨미,잔 향,955.8,701,483,1556,0.9,13,11.777777777777779,10.6
치지직,하 공,958,596,436,1661,0.7,15,13,9.1
치지직,무시카092,958.2,769,666,1345,1.8,12,8.666666666666666,15.6
SOOP,감초♥,959.6,832,649,1334,1.8,11,8.833333333333334,15.9
씨미,즐겜러입니당,960.8,1036,859,1025,4.1,9,6.7560975609756095,27.7
SOOP,강남진,961.4,911,1210,738,10.6,10,4.584905660377358,48.6
치지직,카라코,961.6,1036,1308,578,16.3,9,4.1656441717791415,67.9
치지직,한망울,962.2,911,789,1161,3,10,7.266666666666667,21.8
치지직,나츠루,963.4,701,558,1500,1.2,13,9.916666666666666,11.9
치지직,ililililililie,963.6,1036,1066,825,8.1,9,5.246913580246914,42.5
치지직,하니쁜,964.2,911,681,1274,2.1,10,8.476190476190476,17.8
SOOP,유시아-,965.6,1036,787,1109,3.3,9,7.2727272727272725,24
SOOP,몽몽티,966.6,911,635,1326,1.8,10,8.944444444444445,16.1
치지직,로다모,966.6,911,922,1039,4.4,10,6.181818181818182,27.2
치지직,재굴이,968.4,832,734,1271,2.3,11,7.782608695652174,17.9
치지직,라운지대표 휴먼 115,969.2,832,1006,1001,5.1,11,5.666666666666667,28.9
치지직,우샤땅,973.4,769,684,1365,1.8,12,8.444444444444445,15.2
치지직,엘브스,973.8,911,1323,656,13.9,10,4.079136690647482,56.7
SOOP,콩돌이ow,974,1036,912,1005,4.6,9,6.260869565217392,28.8
치지직,츠키스키,975.2,832,935,1087,4.1,11,6.073170731707317,24.9
치지직,뚜아누,975.8,701,721,1368,1.9,13,7.947368421052632,15.1
치지직,고요히 GoYoHi,976.6,911,1490,496,24.2,10,3.5371900826446283,85.6
치지직,E클립S,977.4,769,1000,1059,4.6,12,5.695652173913044,26.2
SOOP,모찌_-,978,1438,1198,528,16.7,6,4.640718562874252,77.5
SOOP,리린7,978.4,832,676,1354,1.8,11,8.555555555555555,15.4
치지직,하제야,978.6,911,996,995,5.1,10,5.7254901960784315,29.2
치지직,힙합2,979.8,769,757,1308,2.2,12,7.545454545454546,16.6
치지직,리퐁뚜,980.2,551,393,1782,0.5,16,14.2,7.1
SOOP,곰돌정호,980.4,832,1451,584,18.5,11,3.616216216216216,66.9
치지직,꽁돌,982.6,911,812,1189,2.9,10,7.103448275862069,20.6
치지직,여나몽,983.4,551,700,1483,1.5,16,8.2,12.3
SOOP,수쨘,983.6,832,528,1515,1.1,11,10.545454545454545,11.6
씨미,훈이,984.4,832,1083,962,6.1,11,5.131147540983607,31.3
치지직,바니멍,985.6,832,1460,588,18.4,11,3.592391304347826,66.1
치지직,정카임,985.8,701,614,1500,1.3,13,9.153846153846153,11.9
치지직,방갈로 BANGALO,986,832,1144,905,7.4,11,4.851351351351352,35.9
치지직,신영웅,986.2,911,593,1417,1.5,10,9.333333333333334,14
SOOP,WoochaN1126,986.6,911,737,1274,2.3,10,7.739130434782608,17.8
씨미,달토끼멜라,986.6,911,792,1219,2.7,10,7.2592592592592595,19.6
치지직,우주곰겜단,988.4,832,1464,591,18.4,11,3.5815217391304346,65.9
치지직,한소링,989.4,911,1116,902,7.3,10,4.986301369863014,36.4
치지직,낌어라,989.8,911,866,1153,3.3,10,6.696969696969697,22.1
치지직,이엘 EL,990,832,740,1319,2.1,11,7.714285714285714,16.2
치지직,도른체,992.2,911,1446,579,18.6,10,3.629032258064516,67.5
치지직,더운더운,992.6,911,880,1146,3.4,10,6.5588235294117645,22.3
치지직,릴 리스,993,551,1417,790,12,16,3.725,44.7
치지직,JBU Esports,993.6,596,563,1623,1,15,9.8,9.8
치지직,아이샤 AISHA,995.2,832,746,1326,2.1,11,7.666666666666667,16.1
치지직,쿠미 란케,999.4,701,550,1598,1,13,10.1,10.1
치지직,OTHER,999.6,596,884,1317,2.5,15,6.52,16.3
치지직,keiiii,999.8,769,1094,1021,5.5,12,5.072727272727272,27.9
치지직,태굴잉,1003.6,1150,1121,813,8.7,8,4.9655172413793105,43.2
치지직,델라DELLA,1005.4,769,775,1354,2.1,12,7.333333333333333,15.4
치지직,뀨 미 호,1009,769,729,1409,1.8,12,7.833333333333333,14.1
치지직,리륭,1009.6,638,649,1556,1.2,14,8.833333333333334,10.6
치지직,쥬시팝팝,1011.6,832,768,1345,2.1,11,7.428571428571429,15.6
치지직,하나둘덕희,1011.6,516,1104,1167,4.3,17,5.023255813953488,21.6
치지직,이픙,1012.8,1036,806,1208,2.8,9,7.142857142857143,20
치지직,아워테일 쁘리와 아슈,1013,911,858,1219,2.9,10,6.758620689655173,19.6
치지직,회피리,1013.2,1284,1455,436,28.1,7,3.601423487544484,101.2
치지직,덕봉초이,1013.6,1036,1076,940,6.4,9,5.203125,33.3
치지직,꾸준이,1014,1150,1574,386,36.2,8,3.248618784530387,117.6
치지직,루네리 Luneri,1014.2,911,971,1109,4.1,10,5.853658536585366,24
치지직,YangJun,1014.2,769,702,1449,1.6,12,8.1875,13.1
치지직,I 제야 I,1015.2,1036,900,1120,3.7,9,6.351351351351352,23.5
치지직,몽키123,1016.4,1150,1622,344,45.6,8,3.0789473684210527,140.4
치지직,김강생,1016.4,1150,1618,348,44.2,8,3.090497737556561,136.6
치지직,유즈사 헤라,1016.6,701,513,1678,0.8,13,11,8.8
치지직,진 혁,1017.6,1036,1378,648,14.9,9,3.8993288590604025,58.1
SOOP,김강생1,1018.4,1438,1504,323,43.8,6,3.4840182648401825,152.6
치지직,하또랑,1018.6,911,915,1176,3.4,10,6.235294117647059,21.2
치지직,배현승,1019,911,1043,1049,5,10,5.34,26.7
치지직,포 근,1019.2,638,622,1607,1.1,14,9.090909090909092,10
SOOP,인티지,1019.6,1438,1374,456,24.6,6,3.910569105691057,96.2
SOOP,♡하츄♡,1020.8,1036,864,1170,3.2,9,6.71875,21.5
치지직,오호리양,1021,769,877,1291,2.6,12,6.576923076923077,17.1
치지직,민포포,1022.6,911,1089,1012,5.6,10,5.089285714285714,28.5
치지직,박재림,1023.6,1150,904,1080,4,8,6.325,25.3
치지직,배유니,1024.2,769,532,1644,0.9,12,10.444444444444445,9.4
SOOP,각꿍2,1024.4,1150,1040,946,6.1,8,5.377049180327869,32.8
치지직,현식1111,1025,911,1192,915,7.5,10,4.653333333333333,34.9
SOOP,마철용3,1027.2,1284,1212,714,11,7,4.581818181818182,50.4
치지직,한조무래기,1028,1150,1362,633,15.3,8,3.9607843137254903,60.6
치지직,모모팡,1029,911,787,1330,2.2,10,7.2727272727272725,16
치지직,복날강아지,1029.6,832,1033,1125,4.3,11,5.4186046511627906,23.3
치지직,두푸,1030.2,911,891,1229,3,10,6.433333333333334,19.3
치지직,우주악당해적로봇,1033.8,911,1326,803,10.8,10,4.074074074074074,44
SOOP,제섭,1034,1438,1242,624,13.9,6,4.402877697841727,61.2
치지직,댕라미,1035.2,1150,1249,764,10.7,8,4.383177570093458,46.9
치지직,어리바리곤듀,1036.8,1150,1067,950,6.2,8,5.241935483870968,32.5
치지직,레드오랭지,1037.8,911,934,1205,3.3,10,6.090909090909091,20.1
SOOP,바싹통다리,1038,1036,820,1257,2.6,9,7.038461538461538,18.3
치지직,문버터,1038.4,832,914,1266,2.9,11,6.241379310344827,18.1
치지직,뜌듸,1038.8,1036,1588,491,27.1,9,3.1845018450184504,86.3
치지직,캣링잉,1039.2,1150,1190,833,9,8,4.655555555555556,41.9
씨미,흐린날의 구름,1039.2,1036,955,1125,3.9,9,5.9743589743589745,23.3
SOOP,태환,1039.8,769,493,1722,0.7,12,11.428571428571429,8
치지직,박도롱,1040,1036,1235,847,9,9,4.466666666666667,40.2
SOOP,김춘례92,1040.2,769,1015,1201,3.6,12,5.611111111111111,20.2
치지직,사루냥SARUNYANG,1040.8,1036,862,1222,2.9,9,6.724137931034483,19.5
치지직,KIYOi,1040.8,1036,1316,768,11.3,9,4.115044247787611,46.5
치지직,장기선생님,1043,911,1231,921,7.7,10,4.4935064935064934,34.6
SOOP,든세2,1044.8,1284,1105,865,7.8,7,5.012820512820513,39.1
치지직,모HANI,1045.4,911,1492,666,15.7,10,3.5286624203821657,55.4
치지직,인티지,1048.4,1284,1491,488,24.7,7,3.5303643724696356,87.2
치지직,쫄 리,1049.8,911,780,1389,2,10,7.3,14.6
SOOP,Flower73,1049.8,911,674,1495,1.4,10,8.571428571428571,12
치지직,KID030,1050.2,911,1538,632,18.1,10,3.3535911602209945,60.7
치지직,권라희,1052.6,769,596,1651,1,12,9.3,9.3
치지직,오들이공쥬,1052.6,911,1155,1021,5.8,10,4.810344827586207,27.9
치지직,Kirei 키레이,1054,462,306,2098,0.2,19,18.5,3.7
치지직,나오스0,1055.6,1150,1429,635,16.4,8,3.6890243902439024,60.5
치지직,행복한아재,1058.4,1036,1466,662,15.6,9,3.576923076923077,55.8
치지직,하요봄,1059,769,640,1623,1.1,12,8.909090909090908,9.8
치지직,코혼,1060.6,911,760,1436,1.8,10,7.5,13.5
치지직,송찬묵,1060.8,1284,1561,449,30.2,7,3.2781456953642385,99
치지직,모 냐,1060.8,832,710,1526,1.4,11,8.071428571428571,11.3
치지직,로 몽,1060.8,1150,988,1089,4.3,8,5.767441860465116,24.8
치지직,별도림,1061.6,638,513,1822,0.6,14,11,6.6
치지직,김연랑,1062.4,1036,869,1269,2.7,9,6.666666666666667,18
치지직,범고래뱃살,1062.4,1036,1386,752,12.4,9,3.8548387096774195,47.8
치지직,티니얌,1062.8,1150,1267,815,10,8,4.29,42.9
SOOP,voxm,1063.4,911,1123,1080,5.1,10,4.96078431372549,25.3
치지직,태시기Taesigi,1064.8,1284,1631,389,38.2,7,3.054973821989529,116.7
치지직,뱀용,1066.8,1150,1084,1008,5.6,8,5.125,28.7
치지직,카스퍼,1067.2,1036,1479,671,15.5,9,3.5483870967741935,55
치지직,팽두,1068,1036,1138,1014,5.8,9,4.879310344827586,28.3
SOOP,_김리안_,1068,1150,972,1123,4,8,5.85,23.4
치지직,김 엘렌,1069.2,832,1279,978,7.1,11,4.253521126760563,30.2
SOOP,로지Rozi,1069.4,769,491,1798,0.6,12,11.5,6.9
치지직,엄현빈,1070,1150,1332,768,11.5,8,4.043478260869565,46.5
SOOP,☆하리아재★,1071.6,1150,1204,900,7.9,8,4.620253164556962,36.5
치지직,마쉬멜로기록보관소,1071.6,1284,1226,811,9.6,7,4.510416666666667,43.3
SOOP,무노리,1071.6,1438,1319,641,14.3,6,4.090909090909091,58.5
치지직,로네 RoNe,1073.4,911,1045,1183,3.9,10,5.333333333333333,20.8
치지직,강남진,1075,769,1436,867,10.6,12,3.669811320754717,38.9
치지직,o쏘쏘야o,1075.6,1150,1311,803,10.6,8,4.150943396226415,44
씨미,무올 MUOL,1076.4,832,754,1521,1.5,11,7.6,11.4
치지직,이느낌은,1076.4,1284,1370,679,13.9,7,3.9280575539568345,54.6
치지직,해설아 HaeSeolA,1076.8,638,679,1694,1,14,8.5,8.5
치지직,희 아,1077,551,1106,1311,3.3,16,5,16.5
치지직,조남,1077.8,911,1584,655,17.7,10,3.209039548022599,56.8
치지직,스위티 다람쥐 9019438,1078.4,832,1749,531,28,11,2.75,77
SOOP,하파,1079.2,1622,1448,439,27.8,5,3.6223021582733814,100.7
치지직,어도비학생할인,1079.6,1036,1327,854,9.7,9,4.072164948453608,39.5
치지직,가자미 JAMI,1079.8,911,1012,1232,3.4,10,5.647058823529412,19.2
치지직,폭풍팟쥐또로리,1080,1036,1426,756,12.9,9,3.697674418604651,47.7
치지직,백디아,1080,1150,1713,412,37.6,8,2.8430851063829787,106.9
SOOP,하얀율무차,1080.4,1150,850,1276,2.6,8,6.8076923076923075,17.7
SOOP,감사맨1,1082.4,1150,1243,888,8.5,8,4.4,37.4
치지직,Ruby짱,1082.8,1036,1255,934,7.8,9,4.358974358974359,34
치지직,하이지이,1083.2,1150,1337,796,11.1,8,4,44.4
치지직,o잔월o,1083.6,1036,1129,1062,5.3,9,4.9245283018867925,26.1
치지직,도로롱 ow,1083.6,832,821,1472,1.8,11,7,12.6
치지직,아리아임다,1083.8,701,882,1477,1.9,13,6.526315789473684,12.4
치지직,므론,1085.6,1150,1024,1115,4.3,8,5.511627906976744,23.7
SOOP,훈논,1086.4,1438,1463,534,21.3,6,3.5868544600938965,76.4
치지직,오브 AUBE,1086.8,1438,1335,663,13.8,6,4.028985507246377,55.6
치지직,뜌시땨시,1087.2,1036,1022,1178,3.8,9,5.526315789473684,21
치지직,건나물1004,1087.4,911,1183,1080,5.4,10,4.685185185185185,25.3
치지직,강핀핀,1088.4,1036,1123,1080,5.1,9,4.96078431372549,25.3
치지직,휴ㅅ휴 Hyuhyu,1089.2,1150,1017,1131,4.1,8,5.585365853658536,22.9
치지직,루보나,1092.8,832,727,1589,1.3,11,7.846153846153846,10.2
치지직,김만섭999,1094,1284,1670,423,35.2,7,2.9744318181818183,104.7
치지직,설류은,1095.2,1036,814,1406,2,9,7.1,14.2
치지직,단찌 Danzzi,1095.6,1036,1090,1131,4.5,9,5.088888888888889,22.9
치지직,집에갈까,1096,1284,1276,822,10,7,4.26,42.6
치지직,김종이 PaperKim,1098.4,1036,834,1394,2.1,9,6.904761904761905,14.5
치지직,히 담,1099,911,1196,1096,5.3,10,4.6415094339622645,24.6
SOOP,해리z,1099.6,1036,872,1359,2.3,9,6.6521739130434785,15.3
치지직,임평,1099.6,1284,1424,683,14.7,7,3.7006802721088436,54.4
치지직,애츠,1100,1036,1272,960,7.4,9,4.27027027027027,31.6
치지직,치라요 Chirayo,1100.4,1036,1191,1042,5.8,9,4.655172413793103,27
치지직,메다지,1100.4,1036,1004,1229,3.4,9,5.676470588235294,19.3
치지직,동글1동글,1101.6,1284,1331,781,11.3,7,4.053097345132743,45.8
SOOP,담현,1104,1438,1559,482,27.1,6,3.2804428044280445,88.9
치지직,라무쓰,1104.2,911,924,1381,2.4,10,6.166666666666667,14.8
SOOP,성찬킴,1105.2,1284,1154,967,6.4,7,4.8125,30.8
치지직,재혁22,1105.2,1150,1205,983,6.5,8,4.6,29.9
치지직,타로12,1105.6,832,1396,952,8.5,11,3.8117647058823527,32.4
치지직,Artistang탱작가,1106,1284,1263,860,9.1,7,4.318681318681318,39.3
씨미,주도하,1106,1150,1300,890,8.9,8,4.191011235955056,37.3
치지직,탈르,1108.6,769,618,1769,0.8,12,9.125,7.3
치지직,쿠쿠샤,1108.8,1036,1219,1035,6,9,4.55,27.3
치지직,라임먹는여우,1111.6,1150,1106,1098,4.9,8,5,24.5
치지직,영배씨,1111.6,832,724,1639,1.2,11,7.916666666666667,9.5
치지직,흑성 HeukSung,1112,1036,836,1426,2,9,6.9,13.8
치지직,렌보샤,1113.4,911,1676,652,19.4,10,2.963917525773196,57.5
치지직,서노SEONO,1115.4,911,682,1651,1.1,10,8.454545454545455,9.3
치지직,준봉이,1115.6,832,679,1694,1,11,8.5,8.5
SOOP,한다혜*,1116.8,1036,811,1463,1.8,9,7.111111111111111,12.8
치지직,Marx막스,1116.8,1284,1075,1075,4.9,7,5.204081632653061,25.5
치지직,상쭁,1118.4,1150,867,1354,2.3,8,6.695652173913044,15.4
SOOP,지드♬,1119.6,1150,941,1283,2.9,8,6.0344827586206895,17.5
치지직,류벨라0917,1119.6,1036,1209,1072,5.6,9,4.589285714285714,25.7
치지직,개꿀딱지는뚝순뚝순,1119.6,1150,1247,977,6.9,8,4.391304347826087,30.3
치지직,건빵streamer,1119.6,1036,1533,748,14.2,9,3.380281690140845,48
치지직,키요주세요,1120.2,911,661,1684,1,10,8.7,8.7
치지직,Apro07,1120.4,1150,1699,527,27,8,2.8814814814814813,77.8
SOOP,코잉.,1120.4,1150,798,1428,1.9,8,7.2105263157894735,13.7
치지직,마우,1120.8,1284,1500,660,16,7,3.49375,55.9
치지직,춘꾸,1121.2,1150,1045,1183,3.9,8,5.333333333333333,20.8
치지직,이히로 HERO,1122,1150,1096,1134,4.5,8,5.066666666666666,22.8
치지직,주해우,1122,1284,1456,707,14.3,7,3.6013986013986012,51.5
SOOP,하민7,1122.4,1284,1405,759,12.6,7,3.7777777777777777,47.6
치지직,티쿠고,1122.8,1284,1126,1039,5.5,7,4.945454545454545,27.2
SOOP,밍가연,1123.4,551,364,2169,0.2,16,15.5,3.1
치지직,이월짱,1126.8,1036,1006,1293,3,9,5.666666666666667,17
씨미,호자,1127.2,1036,845,1455,1.9,9,6.842105263157895,13
치지직,개그만화,1128.4,1150,1290,956,7.5,8,4.226666666666667,31.7
SOOP,단후니,1129.6,1036,723,1583,1.3,9,7.923076923076923,10.3
치지직,김 타 오,1130.8,1150,1682,570,23.6,8,2.940677966101695,69.4
SOOP,티슈미슈,1132,1438,944,1167,3.6,6,6,21.6
SOOP,개굴이,1132.6,911,569,1807,0.7,10,9.714285714285714,6.8
치지직,유구리 YOOGURI,1133.2,1150,899,1359,2.4,8,6.375,15.3
치지직,볼빨간고라니,1133.4,911,1826,552,29.2,10,2.5034246575342465,73.1
SOOP,BJ댕라칸,1134,1284,1091,1102,4.8,7,5.083333333333333,24.4
SOOP,불녀,1134.8,1284,1409,786,12,7,3.7666666666666666,45.2
치지직,서 리아,1136.8,1036,861,1463,1.9,9,6.7368421052631575,12.8
치지직,크로캣,1136.8,1150,1801,466,36,8,2.591666666666667,93.3
치지직,거야,1138.4,1036,1239,1089,5.6,9,4.428571428571429,24.8
치지직,차루나,1139,911,1131,1261,3.7,10,4.918918918918919,18.2
치지직,코우세이 우키,1140.2,701,833,1667,1.3,13,6.923076923076923,9
치지직,수앱,1140.8,1036,1537,797,13.2,9,3.356060606060606,44.3
치지직,코 빵,1142.4,832,851,1589,1.5,11,6.8,10.2
SOOP,뉴찌,1143,911,966,1436,2.3,10,5.869565217391305,13.5
치지직,은 솜,1144.8,1036,916,1428,2.2,9,6.2272727272727275,13.7
SOOP,ArgonKHS,1146,1150,901,1389,2.3,8,6.3478260869565215,14.6
치지직,도지음,1146.4,1150,1145,1146,4.6,8,4.8478260869565215,22.3
치지직,박페페z,1146.8,1150,1240,1052,6,8,4.416666666666667,26.5
치지직,김서늘,1147.2,1284,1130,1096,5,7,4.92,24.6
SOOP,기마이,1148.8,1284,1085,1145,4.4,7,5.113636363636363,22.5
SOOP,세웅99,1149.2,1622,1541,521,23.9,5,3.3472803347280333,80
SOOP,자존버DA9,1149.2,1622,1503,559,20.6,5,3.4854368932038833,71.8
치지직,칠칠복,1149.6,1036,985,1371,2.6,9,5.769230769230769,15
치지직,달쩡,1150,1150,809,1491,1.7,8,7.117647058823529,12.1
SOOP,프로펫,1150,1284,1135,1098,5,7,4.9,24.5
치지직,사냥남,1151.6,1036,1050,1311,3.1,9,5.32258064516129,16.5
치지직,부뚱이는 부뚱해,1151.6,1150,1026,1278,3.2,8,5.5,17.6
치지직,퐈후,1152,1150,1092,1213,3.9,8,5.076923076923077,19.8
치지직,언더,1152.2,911,1394,1031,7.2,10,3.8194444444444446,27.5
치지직,토1토,1153.6,1036,1193,1173,4.6,9,4.6521739130434785,21.4
치지직,아키라 카와 akira kawa,1154,1036,751,1616,1.3,9,7.615384615384615,9.9
치지직,코히루,1156.4,1036,784,1589,1.4,9,7.285714285714286,10.2
SOOP,자두zz,1156.4,1036,784,1589,1.4,9,7.285714285714286,10.2
SOOP,wanew11,1157.2,1438,1610,564,22.7,6,3.1145374449339207,70.7
치지직,네구미,1158.2,911,851,1589,1.5,10,6.8,10.2
치지직,Coxa,1159,911,1074,1368,2.9,10,5.206896551724138,15.1
치지직,뮤이,1159.8,911,879,1565,1.6,10,6.5625,10.5
SOOP,suna03,1160.4,1622,1636,454,32.1,5,3.02803738317757,97.2
SOOP,푸히`,1161.6,1036,821,1565,1.5,9,7,10.5
치지직,오즈삐,1162.6,911,617,1834,0.7,10,9.142857142857142,6.4
치지직,디딛띱,1164,1284,1321,947,8,7,4.0875,32.7
치지직,부활이 BUHWAL,1164.4,1284,1366,903,9.2,7,3.9347826086956523,36.2
치지직,찐우02,1164.8,832,645,1851,0.7,11,8.857142857142858,6.2
SOOP,킴천향이,1164.8,1150,1003,1334,2.8,8,5.678571428571429,15.9
치지직,월넨,1165.2,1036,1153,1242,3.9,9,4.82051282051282,18.8
치지직,고구망망,1166,1150,1194,1146,4.8,8,4.645833333333333,22.3
치지직,현 리오,1167.2,1150,856,1487,1.8,8,6.777777777777778,12.2
치지직,킴율미,1167.6,1150,1128,1216,4,8,4.925,19.7
SOOP,깨한솔,1168.4,1284,1078,1201,3.9,7,5.17948717948718,20.2
치지직,즘띠,1171.6,1036,928,1483,2,9,6.15,12.3
치지직,검백아,1173.4,911,794,1684,1.2,10,7.25,8.7
SOOP,솜솜둥,1173.6,1284,1265,1027,6.4,7,4.3125,27.6
치지직,포이Poye,1173.6,1150,882,1477,1.9,8,6.526315789473684,12.4
SOOP,skypizza,1175.2,1284,1013,1283,3.1,7,5.645161290322581,17.5
SOOP,세로-,1175.2,1150,940,1423,2.3,8,6.043478260869565,13.9
치지직,유혀누,1178.8,1150,1056,1316,3.1,8,5.290322580645161,16.4
치지직,똥꾸멍주스,1179.6,1036,1441,990,8.1,9,3.654320987654321,29.6
치지직,세바스찬 네오,1179.6,1150,1177,1197,4.3,8,4.72093023255814,20.3
SOOP,방생훈.,1180.4,1438,1295,937,8,6,4.2,33.6
SOOP,elva,1181.2,1438,1418,816,11.5,6,3.7217391304347824,42.8
치지직,데비devi,1182.8,1036,992,1447,2.3,9,5.739130434782608,13.2
SOOP,백하누,1183.2,1438,1762,477,33.2,6,2.7289156626506026,90.6
치지직,동구루리 Dongururi,1184,1036,1624,818,13.9,9,3.0719424460431655,42.7
치지직,모르씨,1184.8,1036,1166,1278,3.7,9,4.756756756756757,17.6
치지직,유소예,1185.2,832,713,1834,0.8,11,8,6.4
SOOP,까복치,1185.6,1846,1453,588,18.3,4,3.612021857923497,66.1
SOOP,다쿠_,1187.2,1622,1412,745,12.8,5,3.7578125,48.1
치지직,펀치S2,1188.4,1036,1119,1334,3.2,9,4.96875,15.9
치지직,릅이Reubi,1189.2,1284,1222,1109,5.3,7,4.528301886792453,24
치지직,희솜,1189.8,911,1258,1261,4.2,10,4.333333333333333,18.2
치지직,어라라운드,1190,832,892,1667,1.4,11,6.428571428571429,9
치지직,펭귄조비,1190.8,1150,966,1436,2.3,8,5.869565217391305,13.5
치지직,JUSTICE0522,1192.2,769,957,1639,1.6,12,5.9375,9.5
치지직,정령키드,1192.4,1150,1379,1027,7.1,8,3.887323943661972,27.6
치지직,o삐뿌o,1193.6,1284,1745,597,23.5,7,2.7617021276595746,64.9
치지직,크로비 코르비나,1194,1284,1576,767,14.4,7,3.236111111111111,46.6
SOOP,빵꿋♥,1195.6,1150,897,1517,1.8,8,6.388888888888889,11.5
치지직,고소한누룽지탕,1196,1438,1252,1019,6.4,6,4.375,28
치지직,김록스,1196.4,1150,961,1455,2.2,8,5.909090909090909,13
치지직,그림자2,1197.2,1284,2057,294,87.7,7,1.9783352337514253,173.5
치지직,조끼 JOokKY,1199.2,1150,1140,1283,3.6,8,4.861111111111111,17.5
치지직,용 훈,1199.6,1150,1758,666,20.2,8,2.742574257425743,55.4
SOOP,빠삐코TV,1200.4,1846,1672,406,36.4,4,2.96978021978022,108.1
치지직,지우기,1200.6,911,1001,1545,1.9,10,5.684210526315789,10.8
SOOP,또영지,1201,911,574,1973,0.5,10,9.6,4.8
SOOP,니은ㄴ,1201.2,1036,742,1743,1,9,7.7,7.7
SOOP,그묘♪,1202.8,638,436,2252,0.2,14,13,2.6
치지직,히아늘,1202.8,1284,959,1406,2.4,7,5.916666666666667,14.2
치지직,대소문자,1205.6,832,666,1932,0.6,11,8.666666666666666,5.2
치지직,광무리,1205.6,1150,1293,1146,5.3,8,4.2075471698113205,22.3
치지직,임벌쳐,1209.2,1150,1062,1386,2.8,8,5.25,14.7
치지직,백핀아,1210.4,1036,1045,1463,2.4,9,5.333333333333333,12.8
SOOP,화람HR,1210.8,1438,1125,1183,4.2,6,4.9523809523809526,20.8
치지직,요원요원,1212.8,1036,1037,1477,2.3,9,5.391304347826087,12.4
치지직,탬퍼,1213.6,832,1437,1181,5.7,11,3.6666666666666665,20.9
치지직,청려한,1214.4,1284,1554,840,12.5,7,3.296,41.2
치지직,서 West,1215.2,1150,1031,1432,2.5,8,5.44,13.6
치지직,답니임,1216.8,1150,1330,1137,5.6,8,4.053571428571429,22.7
치지직,난사람입니다,1219.8,911,1042,1552,2,10,5.35,10.7
치지직,HAVIRA,1221.2,1036,878,1657,1.4,9,6.571428571428571,9.2
치지직,영월 yeongwoll,1221.2,1284,1428,983,8.1,7,3.691358024691358,29.9
치지직,다람지99,1222,1150,989,1491,2.1,8,5.761904761904762,12.1
치지직,쥽쥽,1222.4,1438,1457,880,10.5,6,3.6,37.8
치지직,루아 L U A,1224.4,1284,1686,733,16.8,7,2.9166666666666665,49
치지직,쌍수가을이,1224.4,1036,1734,809,15.6,9,2.782051282051282,43.4
SOOP,뚠개냥,1225.2,1150,713,1775,0.9,8,8,7.2
SOOP,고보미,1227.2,1622,1769,488,32.3,5,2.6996904024767803,87.2
치지직,김해적,1227.6,1284,1051,1376,2.8,7,5.321428571428571,14.9
치지직,백설화월,1228,1284,1472,956,8.9,7,3.561797752808989,31.7
치지직,레오니 Leoni,1228,1150,1380,1115,6.1,8,3.8852459016393444,23.7
치지직,돌돌돌돌돌,1228.4,1284,1213,1216,4.3,7,4.5813953488372094,19.7
치지직,깻잎냠냠,1230,1284,1068,1365,2.9,7,5.241379310344827,15.2
치지직,르데roode,1230.4,1284,1141,1293,3.5,7,4.857142857142857,17
치지직,은성ow,1230.4,1284,1375,1059,6.7,7,3.91044776119403,26.2
SOOP,행성이,1231.2,1438,1502,857,11.3,6,3.4867256637168142,39.4
치지직,인사이트,1231.6,1036,1510,1051,7.7,9,3.4545454545454546,26.6
치지직,Chzzk또랑이,1231.8,911,1270,1354,3.6,10,4.277777777777778,15.4
치지직,최화분,1233,911,1062,1565,2,10,5.25,10.5
치지직,하이로haiiro,1233.2,1150,1681,827,14.4,8,2.9444444444444446,42.4
치지직,Max C,1234.4,1438,1180,1187,4.4,6,4.704545454545454,20.7
치지직,자몽다인데,1235.2,1284,1518,928,10,7,3.43,34.3
SOOP,이센1,1238,1622,1454,830,11.7,5,3.606837606837607,42.2
치지직,멍9,1239,911,1026,1616,1.8,10,5.5,9.9
치지직,식신달,1241.2,1036,1530,1055,7.8,9,3.3846153846153846,26.4
치지직,병덕이,1241.6,1438,1629,756,15.6,6,3.0576923076923075,47.7
치지직,임 슬 아,1243.2,1150,1157,1376,3.1,8,4.806451612903226,14.9
치지직,걍아아,1243.6,1150,1476,1058,7.4,8,3.554054054054054,26.3
SOOP,_CHR_Horner_,1243.6,1438,1225,1165,4.8,6,4.520833333333333,21.7
치지직,레인드롭,1244,1036,1195,1397,3.1,9,4.645161290322581,14.4
치지직,phelia1,1245.2,1284,1337,1134,5.7,7,4,22.8
치지직,초요 Choyo,1245.2,1438,1478,916,9.8,6,3.5510204081632653,34.8
치지직,마철용3,1246.4,1284,1399,1075,6.7,7,3.8059701492537314,25.5
치지직,이원 E1,1247.6,1284,1002,1475,2.2,7,5.681818181818182,12.5
치지직,게임하는 백상아리,1248.4,1438,1506,896,10.6,6,3.481132075471698,36.9
치지직,밤비 Bambi,1249.4,911,1038,1630,1.8,10,5.388888888888889,9.7
SOOP,랑이포터,1251.2,1284,1058,1428,2.6,7,5.269230769230769,13.7
치지직,새벽신당,1252,1284,1445,1043,7.4,7,3.635135135135135,26.9
치지직,연 린,1253.6,1150,1200,1359,3.3,8,4.636363636363637,15.3
치지직,삐 뇽,1253.6,1150,1200,1359,3.3,8,4.636363636363637,15.3
치지직,홍닭,1254.4,1284,1545,949,9.8,7,3.326530612244898,32.6
SOOP,배배랑,1254.8,1150,874,1688,1.3,8,6.615384615384615,8.6
SOOP,페트라PETRA,1255.6,1622,1605,723,15.9,5,3.1320754716981134,49.8
SOOP,ADFZXVMTV,1255.6,1622,1978,350,64.3,5,2.1119751166407466,135.8
치지직,빵윤 bbangyun,1258,1150,919,1651,1.5,8,6.2,9.3
SOOP,심시온,1258,1150,919,1651,1.5,8,6.2,9.3
치지직,르냥 Leunyang,1258.4,1150,964,1607,1.7,8,5.882352941176471,10
SOOP,ㄱ해삼,1258.4,1150,964,1607,1.7,8,5.882352941176471,10
SOOP,fearless0527,1258.4,1438,1434,993,8,6,3.675,29.4
치지직,태 풍,1260,1284,1045,1463,2.4,7,5.333333333333333,12.8
치지직,초코아 CHOCOA,1260.2,701,732,2068,0.5,13,7.8,3.9
치지직,발컨 테레사,1260.4,1438,1712,720,17.6,6,2.846590909090909,50.1
치지직,곰순돌이,1260.4,1284,1100,1409,2.8,7,5.035714285714286,14.1
치지직,혼모노,1260.6,911,672,2024,0.5,10,8.6,4.3
치지직,백제,1260.8,1284,1373,1137,5.8,7,3.913793103448276,22.7
치지직,하리라 HaLira,1262,1150,944,1636,1.6,8,6,9.6
치지직,appril,1263.4,911,1614,1089,8,10,3.1,24.8
치지직,세상 1234,1265.2,1438,1786,658,21.2,6,2.650943396226415,56.2
SOOP,HYEON0130,1265.2,1150,1363,1225,4.9,8,3.9591836734693877,19.4
치지직,윤호인,1266,1284,1334,1189,5.1,7,4.03921568627451,20.6
치지직,Palk1a,1266.2,911,1992,718,24,10,2.091666666666667,50.2
치지직,감브1,1267.2,1438,1842,607,25.7,6,2.463035019455253,63.3
SOOP,새아미,1269.6,1150,848,1751,1.1,8,6.818181818181818,7.5
씨미,쑥쑥바질,1272,1150,1163,1442,2.8,8,4.785714285714286,13.4
치지직,퍼인우,1273.6,1438,1465,1000,8.1,6,3.580246913580247,29
치지직,유세화 USeHwa,1273.6,1284,977,1565,1.8,7,5.833333333333333,10.5
치지직,이즘님,1274,1036,1368,1299,4.3,9,3.9302325581395348,16.9
치지직,노르핀,1275.6,1284,1741,806,15.8,7,2.7721518987341773,43.8
치지직,해파리쏘아,1278,1284,1692,861,13.5,7,2.903703703703704,39.2
치지직,마우가,1278.4,1036,1986,692,25.3,9,2.0988142292490117,53.1
치지직,간디쨩,1278.8,1284,932,1623,1.6,7,6.125,9.8
SOOP,사엘님,1278.8,1622,1430,956,8.6,5,3.686046511627907,31.7
치지직,대왕대비도비,1282.4,1150,1389,1242,4.9,8,3.836734693877551,18.8
치지직,오리구연,1282.4,1284,1707,857,13.8,7,2.8550724637681157,39.4
치지직,유단 YUDAN,1284.4,1284,1152,1417,2.9,7,4.827586206896552,14
치지직,단원 Dan1,1285.2,1150,1147,1491,2.5,8,4.84,12.1
치지직,오리오오리,1286.4,1036,1317,1381,3.6,9,4.111111111111111,14.8
치지직,유 해 UHAE,1287.2,638,932,1967,0.8,14,6.125,4.9
치지직,쟴쟴,1287.2,1150,1106,1537,2.2,8,5,11
치지직,다이진888,1288.4,1284,1185,1394,3.1,7,4.67741935483871,14.5
씨미,이야녕,1290.4,1150,1642,1009,9.5,8,3.0105263157894737,28.6
치지직,최루팅,1291.2,1150,1221,1432,3,8,4.533333333333333,13.6
치지직,Pav2l,1295.2,1150,1080,1583,2,8,5.15,10.3
치지직,토쿠야,1296,1438,1285,1236,4.5,6,4.2444444444444445,19.1
SOOP,뚜비_임,1299.2,1846,1701,624,21.3,4,2.8732394366197185,61.2
치지직,POTG 멋쟁이토마토,1300.4,1284,1564,1045,8.2,7,3.268292682926829,26.8
씨미,gjk,1300.4,1284,1053,1556,2,7,5.3,10.6
씨미,영백이,1300.8,1284,1167,1443,2.8,7,4.75,13.3
치지직,혜경궁,1302,1150,944,1736,1.3,8,6,7.8
치지직,김매고,1303.6,1284,1480,1137,6.4,7,3.546875,22.7
치지직,코코유,1303.6,1150,924,1760,1.2,8,6.166666666666667,7.4
치지직,김한소리,1303.6,1284,1675,942,11.2,7,2.9642857142857144,33.2
SOOP,_주노주노,1305.2,1284,885,1736,1.2,7,6.5,7.8
SOOP,광무리,1305.6,1622,1301,1152,5.3,5,4.188679245283019,22.2
SOOP,라붕,1305.6,1622,1486,967,8.7,5,3.5402298850574714,30.8
치지직,냐릿,1306.4,1150,1139,1552,2.2,8,4.863636363636363,10.7
치지직,딸피2,1306.4,1150,1034,1657,1.7,8,5.411764705882353,9.2
치지직,열무엄마,1306.4,1284,1843,781,18.6,7,2.4623655913978495,45.8
치지직,명랑한엔리,1307.2,1036,906,1844,1,9,6.3,6.3
치지직,l설호l,1307.2,1438,1360,1189,5.2,6,3.9615384615384617,20.6
치지직,아하찹쌀책 AHA,1307.2,1036,906,1844,1,9,6.3,6.3
치지직,현재 Hyunjae,1307.4,911,1006,1807,1.2,10,5.666666666666667,6.8
치지직,윤디v,1307.6,1284,1695,932,11.8,7,2.889830508474576,34.1
SOOP,너.고,1307.6,1622,1167,1291,3.6,5,4.75,17.1
치지직,겜머리 GamingHead,1309.6,1284,1099,1533,2.2,7,5.045454545454546,11.1
치지직,멜로로,1311.6,1438,1637,923,11.4,6,3.026315789473684,34.5
치지직,미에링,1313.6,832,770,2098,0.5,11,7.4,3.7
치지직,스트로베리쇼트케이크,1314,832,1280,1589,2.4,11,4.25,10.2
SOOP,천사타오,1314.4,1438,1407,1160,5.8,6,3.7758620689655173,21.9
SOOP,유브16,1314.4,1622,1256,1219,4.5,5,4.355555555555555,19.6
치지직,MatsuFPS,1314.8,1036,2089,680,29,9,1.8793103448275863,54.5
치지직,체이 서,1316.8,1622,1539,942,9.9,5,3.3535353535353534,33.2
치지직,마란8,1318,1438,1702,874,13.3,6,2.8721804511278197,38.2
SOOP,닝야_Ningya,1318,1622,1382,1102,6.3,5,3.873015873015873,24.4
치지직,말르온,1318.4,1150,1520,1201,5.9,8,3.4237288135593222,20.2
SOOP,남다훈_,1322,1438,1433,1153,6,6,3.683333333333333,22.1
치지직,연주현,1322.4,1036,821,1967,0.7,9,7,4.9
치지직,콩실이s,1322.4,1150,1608,1123,7.5,8,3.12,23.4
치지직,시드군,1323.6,1150,784,1950,0.7,8,7.285714285714286,5.1
치지직,파룩이,1324.4,1284,1549,1120,7.1,7,3.3098591549295775,23.5
치지직,I최맑음I,1324.8,1150,1403,1334,4.2,8,3.7857142857142856,15.9
치지직,팔팔잇,1326,1150,1816,924,13.6,8,2.5294117647058822,34.4
치지직,lynz 린지,1326.4,1622,1729,776,16.5,5,2.793939393939394,46.1
SOOP,나이프울프,1327.2,1622,1324,1183,5.1,5,4.078431372549019,20.8
치지직,ㅣ쿠로ㅣ,1327.2,1150,1086,1657,1.8,8,5.111111111111111,9.2
치지직,기남시,1327.6,1284,1088,1589,2,7,5.1,10.2
SOOP,케이꿍,1328,1438,1106,1495,2.4,6,5,12
치지직,안녕나기,1328.4,1150,1723,1023,9.9,8,2.808080808080808,27.8
치지직,세웅99,1328.8,1438,1983,620,29.2,6,2.106164383561644,61.5
치지직,HeeS2,1328.8,1036,1515,1289,5,9,3.44,17.2
치지직,나개누들,1329.6,1284,1337,1345,3.9,7,4,15.6
치지직,남보마,1332.8,1622,1449,1072,7.1,5,3.619718309859155,25.7
치지직,나래냥,1332.8,1036,841,1973,0.7,9,6.857142857142857,4.8
치지직,부보k,1333.2,1150,1529,1229,5.7,8,3.3859649122807016,19.3
치지직,라스코,1334.8,1150,1358,1404,3.6,8,3.9722222222222223,14.3
치지직,l 강하연 l,1338,1284,1286,1417,3.3,7,4.242424242424242,14
치지직,렌 R3n,1339.2,1284,1474,1232,5.4,7,3.5555555555555554,19.2
치지직,d4zacw,1342.4,1036,1797,1041,10.4,9,2.605769230769231,27.1
치지직,반갑새우,1342.8,1284,1071,1644,1.8,7,5.222222222222222,9.4
치지직,베프혀기,1344.8,1150,1136,1651,1.9,8,4.894736842105263,9.3
치지직,오리가,1349.6,1036,1081,1775,1.4,9,5.142857142857143,7.2
씨미,래브 루 에리사크,1351.2,1284,985,1751,1.3,7,5.769230769230769,7.5
치지직,리빈 Leebin,1351.2,1284,1893,843,17.5,7,2.3314285714285714,40.8
치지직,잼식빵,1352.8,1438,1227,1436,3,6,4.5,13.5
치지직,멧비둘기0,1353.6,1284,1747,995,10.6,7,2.7547169811320753,29.2
치지직,류한별,1354,1284,1450,1293,4.7,7,3.617021276595745,17
치지직,이작,1354,1284,1069,1674,1.7,7,5.235294117647059,8.9
치지직,Dmei0,1354.8,1622,1575,1001,8.9,5,3.247191011235955,28.9
치지직,지더덕,1355.6,1438,1873,797,18.7,6,2.3689839572192515,44.3
치지직,예몽몽,1356,1150,1303,1512,2.8,8,4.178571428571429,11.7
치지직,뇌적,1356,1438,1853,818,17.6,6,2.4261363636363638,42.7
치지직,김누구씨,1358,1438,1383,1293,4.4,6,3.8636363636363638,17
치지직,해오니,1358.4,1284,1156,1598,2.1,7,4.809523809523809,10.1
치지직,호나브로,1359.2,1622,1857,730,20.4,5,2.4166666666666665,49.3
치지직,jojii,1359.2,1622,1597,990,9.4,5,3.148936170212766,29.6
치지직,SpearOW,1359.4,911,1360,1583,2.6,10,3.9615384615384617,10.3
치지직,양잉,1359.6,1438,1534,1146,6.6,6,3.378787878787879,22.3
치지직,갓크로스,1360.4,1150,1481,1345,4.4,8,3.5454545454545454,15.6
치지직,배봉춘,1360.4,1284,1098,1661,1.8,7,5.055555555555555,9.1
치지직,돌드리,1362.8,1438,1167,1521,2.4,6,4.75,11.4
SOOP,드루미_,1364.4,1036,892,2001,0.7,9,6.428571428571429,4.5
SOOP,lyn.z♡,1366,1846,1674,818,14.4,4,2.9652777777777777,42.7
SOOP,{이미션},1366.8,1846,1528,966,9.1,4,3.3956043956043955,30.9
치지직,혀누123,1367.6,1284,1524,1253,5.4,7,3.4074074074074074,18.4
치지직,김화린,1368,1284,1032,1746,1.4,7,5.428571428571429,7.6
치지직,삐삐꾸,1368.8,1438,1481,1222,5.5,6,3.5454545454545454,19.5
치지직,오하루땅,1369.2,1284,1677,1104,8.2,7,2.9634146341463414,24.3
치지직,라쿤2,1372.6,911,1736,1240,6.8,10,2.7794117647058822,18.9
치지직,지모zimo,1373.6,1438,1706,1009,10,6,2.86,28.6
치지직,땡은,1374.8,1150,1402,1460,3.4,8,3.7941176470588234,12.9
치지직,조수잔,1378,1036,1719,1208,7.1,9,2.816901408450704,20
치지직,오즈마루,1379.2,1284,1425,1381,4,7,3.7,14.8
SOOP,게임백상아리,1380,1846,1595,932,10.8,4,3.1574074074074074,34.1
SOOP,인팔이,1383.6,1284,885,1932,0.8,7,6.5,5.2
치지직,이고 Ego,1384.4,1036,760,2183,0.4,9,7.5,3
치지직,카님,1385.2,1284,1772,1049,10,7,2.67,26.7
SOOP,김종국국,1385.8,2103,1958,455,44.6,3,2.1659192825112106,96.6
치지직,켄H,1388.4,1438,1393,1359,4,6,3.825,15.3
SOOP,아론페이지_,1389.2,1438,1337,1417,3.5,6,4,14
치지직,도로로 Dororo,1389.2,1284,1960,871,17.9,7,2.1620111731843576,38.7
치지직,승또삐,1389.2,1036,1173,1782,1.5,9,4.733333333333333,7.1
치지직,꽃 여름,1390.4,1284,1018,1816,1.2,7,5.583333333333333,6.7
치지직,러피 Rufi,1390.8,1438,1643,1115,7.9,6,3,23.7
치지직,총능아 아키토,1391.6,1284,1882,955,13.6,7,2.3455882352941178,31.9
치지직,전탄발싸,1391.6,1438,1876,884,15.9,6,2.358490566037736,37.5
치지직,멍써,1392.4,1150,799,2107,0.5,8,7.2,3.6
치지직,미엘Miel,1394,1284,1227,1616,2.2,7,4.5,9.9
치지직,9 하쿠,1394.4,1150,1223,1688,1.9,8,4.526315789473684,8.6
SOOP,내일은유잼킹,1395.2,1622,1336,1341,3.9,5,4.0256410256410255,15.7
치지직,채화령,1396.4,1438,1227,1545,2.4,6,4.5,10.8
SOOP,우기요_,1397.2,1846,1840,730,19.9,4,2.477386934673367,49.3
치지직,멍봉,1398.8,1150,909,2013,0.7,8,6.285714285714286,4.4
치지직,이쿠익후,1400,1150,1392,1533,2.9,8,3.8275862068965516,11.1
치지직,자존버DA9,1401.6,1622,1854,839,17.1,5,2.4210526315789473,41.4
치지직,앤무디,1404.8,1036,1258,1736,1.8,9,4.333333333333333,7.8
치지직,릴킥,1406,1150,1746,1194,7.4,8,2.7567567567567566,20.4
치지직,블랙워치KR,1406.4,1036,2015,983,14.6,9,2.047945205479452,29.9
치지직,혜지는혜지,1406.8,1150,1467,1475,3.5,8,3.5714285714285716,12.5
치지직,마옐,1407.6,1284,1070,1807,1.3,7,5.230769230769231,6.8
SOOP,META4,1408,1438,1127,1674,1.8,6,4.944444444444445,8.9
치지직,자용이,1408,1284,1700,1178,7.3,7,2.8767123287671232,21
치지직,리나 Rina,1409.2,1438,1474,1330,4.5,6,3.5555555555555554,16
치지직,AMORDEVRAO,1409.6,1150,1555,1394,4.4,8,3.2954545454545454,14.5
치지직,이 욱,1409.6,1150,1035,1914,1,8,5.4,5.4
치지직,서이한,1410,1284,1021,1862,1.1,7,5.545454545454546,6.1
SOOP,별종,1410.4,1622,1215,1500,2.6,5,4.576923076923077,11.9
치지직,h1n4 asd,1411.2,1150,929,2024,0.7,8,6.142857142857143,4.3
SOOP,쨔마マ,1411.6,1622,1250,1468,2.9,5,4.379310344827586,12.7
치지직,어드벤 ADVEN,1412.4,1150,1006,1950,0.9,8,5.666666666666667,5.1
치지직,호데키,1414.4,1438,1252,1565,2.4,6,4.375,10.5
치지직,김나리,1414.8,1284,1423,1472,3.4,7,3.7058823529411766,12.6
치지직,솔라solar,1414.8,1284,1894,1001,12.4,7,2.3306451612903225,28.9
치지직,EllaElla,1415.2,1284,1825,1071,10.3,7,2.504854368932039,25.8
치지직,른자 leunja,1416.4,1284,1734,1165,7.8,7,2.782051282051282,21.7
SOOP,솔이프,1418,1438,1289,1537,2.6,6,4.230769230769231,11
치지직,알트밋,1419.2,1438,1784,1045,10.1,6,2.6534653465346536,26.8
치지직,은시오,1421.2,1438,1328,1506,2.9,6,4.068965517241379,11.8
치지직,키사라기 사야,1421.2,1284,1223,1688,1.9,7,4.526315789473684,8.6
치지직,눈초인데용,1422,1438,1705,1131,8,6,2.8625,22.9
치지직,듣보밴,1422.4,1284,1611,1303,5.4,7,3.111111111111111,16.8
치지직,오뵤,1424.8,1438,1509,1334,4.6,6,3.4565217391304346,15.9
SOOP,김초밥:>,1426.8,1438,1026,1822,1.2,6,5.5,6.6
치지직,김크랫,1427.6,1438,2110,740,26.7,6,1.8127340823970037,48.4
치지직,견묘0,1427.6,1284,1371,1556,2.7,7,3.925925925925926,10.6
치지직,iyong,1428,1150,1372,1623,2.5,8,3.92,9.8
치지직,김갤덕,1428,1284,2270,658,40.2,7,1.3980099502487562,56.2
치지직,구새우,1428.4,1438,1365,1487,3.1,6,3.935483870967742,12.2
치지직,핼런,1428.4,1438,1507,1345,4.5,6,3.466666666666667,15.6
치지직,유찐이,1428.8,1284,869,2061,0.6,7,6.666666666666667,4
치지직,김쏘니,1430,1438,1643,1213,6.6,6,3,19.8
치지직,세영1,1430.2,911,1513,1607,2.9,10,3.4482758620689653,10
치지직,문레인,1431.2,1150,1205,1798,1.5,8,4.6,6.9
치지직,보름2e,1432.4,1284,1668,1271,6,7,2.9833333333333334,17.9
SOOP,뼈닭,1432.4,1438,1473,1389,4.1,6,3.5609756097560976,14.6
치지직,하르셀린,1434.4,1284,1337,1607,2.5,7,4,10
SOOP,햄균,1435.6,1846,1877,789,19,4,2.357894736842105,44.8
치지직,방가방가햄토리7602,1436.4,1438,1589,1283,5.5,6,3.1818181818181817,17.5
치지직,와뇽,1436.8,1438,1367,1506,3,6,3.933333333333333,11.8
치지직,yeoning,1437,911,885,2252,0.4,10,6.5,2.6
SOOP,촌뜨기.,1438.4,1846,1789,884,14.2,4,2.640845070422535,37.5
치지직,뽀 얌,1439.2,1284,1006,1950,0.9,7,5.666666666666667,5.1
SOOP,OW_Improve,1439.6,1846,1693,983,10.3,4,2.9029126213592233,29.9
SOOP,초코맨,1440,1622,1523,1266,5.3,5,3.4150943396226414,18.1
치지직,김 한량,1440.4,1622,2062,728,25.2,5,1.9682539682539681,49.6
치지직,이아케,1440.8,1284,1238,1722,1.8,7,4.444444444444445,8
치지직,김민홍,1441.6,1438,1640,1245,6.2,6,3.0161290322580645,18.7
SOOP,유나PLANNA,1442,1284,1333,1630,2.4,7,4.041666666666667,9.7
SOOP,싸가지있어라,1442.8,1622,1535,1261,5.4,5,3.3703703703703702,18.2
치지직,서 아랑,1444.4,1438,1495,1397,4.1,6,3.5121951219512195,14.4
치지직,수연1004,1444.8,1438,1444,1449,3.6,6,3.638888888888889,13.1
치지직,겜퀸비,1446.4,1438,1106,1791,1.4,6,5,7
SOOP,뉴국재,1446.8,1438,1275,1623,2.3,6,4.260869565217392,9.8
치지직,쩐다롱,1448.2,911,1567,1598,3.1,10,3.2580645161290325,10.1
치지직,뿌 링링,1448.8,1438,1766,1137,8.4,6,2.7023809523809526,22.7
치지직,리마,1450.4,1150,944,2107,0.6,8,6,3.6
치지직,희노아,1450.8,1284,1216,1769,1.6,7,4.5625,7.3
치지직,하무키,1452,1150,1304,1751,1.8,8,4.166666666666667,7.5
치지직,청아설,1452,1438,1359,1552,2.7,6,3.962962962962963,10.7
SOOP,해피핑,1452.4,1622,1434,1386,4,5,3.675,14.7
치지직,설콩빈,1452.8,1438,1384,1529,2.9,6,3.8620689655172415,11.2
치지직,활친놈 말쭈기,1453.2,1438,1508,1406,4.1,6,3.4634146341463414,14.2
치지직,박봉길수봉봉봉,1453.2,1284,1470,1521,3.2,7,3.5625,11.4
치지직,함준,1453.2,1284,1470,1521,3.2,7,3.5625,11.4
치지직,턱굴이,1453.2,1622,1971,851,18.6,5,2.139784946236559,39.8
치지직,정아니지,1453.6,1438,1447,1468,3.5,6,3.6285714285714286,12.7
치지직,카제양,1454.4,1284,1942,1052,12,7,2.2083333333333335,26.5
치지직,삼수태은이,1454.8,1150,1287,1775,1.7,8,4.235294117647059,7.2
치지직,반호,1456,1438,1291,1630,2.3,6,4.217391304347826,9.7
SOOP,윤봉.,1456,1438,1243,1678,2,6,4.4,8.8
치지직,기마이 Hy,1456,1622,1671,1158,7.4,5,2.972972972972973,22
치지직,국티Gugty,1456,1438,1243,1678,2,6,4.4,8.8
치지직,흐흐아저씨,1457.2,1438,1804,1120,9.1,6,2.5824175824175826,23.5
치지직,꽃라오,1460.8,1438,1182,1751,1.6,6,4.6875,7.5
치지직,Marumie,1460.8,1438,1501,1432,3.9,6,3.4871794871794872,13.6
치지직,몽뭉2,1462.4,1622,2077,768,24.4,5,1.9057377049180328,46.5
치지직,레브레빗,1465.6,1438,1709,1236,6.7,6,2.8507462686567164,19.1
SOOP,천두나,1467.2,1846,1884,861,16.8,4,2.3333333333333335,39.2
치지직,st3llar,1468.4,1150,1422,1674,2.4,8,3.7083333333333335,8.9
치지직,야 링,1468.8,1150,977,2120,0.6,8,5.833333333333333,3.5
치지직,곽혜팔,1468.8,1150,977,2120,0.6,8,5.833333333333333,3.5
SOOP,제감펀,1472.8,1036,628,2536,0.1,9,9,0.9
치지직,시십라sisipra,1473.6,1438,1614,1351,5,6,3.1,15.5
SOOP,텅투,1475.2,1622,1233,1644,2.1,5,4.476190476190476,9.4
치지직,ㅡ돌수ㅡ,1476.4,1284,1730,1319,5.8,7,2.793103448275862,16.2
치지직,금은구,1476.8,1438,1550,1423,4.2,6,3.3095238095238093,13.9
SOOP,카스퍼,1477.6,1846,1874,897,15.5,4,2.367741935483871,36.7
치지직,은솜e,1478.4,1438,1186,1791,1.5,6,4.666666666666667,7
치지직,지영모1,1478.8,1622,1824,1062,10.4,5,2.5096153846153846,26.1
치지직,멍개 MungGgae,1480,1284,1609,1449,4.2,7,3.119047619047619,13.1
SOOP,솔직한돼지,1480.6,2103,1917,733,21.7,3,2.2580645161290325,49
치지직,MM43,1482.4,1284,2086,978,16,7,1.8875,30.2
치지직,선밀크,1483.2,1438,1546,1443,4,6,3.325,13.3
치지직,오상철,1483.6,1150,1763,1371,5.5,8,2.727272727272727,15
치지직,쪼렙5,1484.4,1150,1747,1389,5.3,8,2.7547169811320753,14.6
치지직,도이루 Doiru,1484.8,1438,1639,1354,5.1,6,3.019607843137255,15.4
치지직,쑤안,1485.2,1284,2016,1055,12.9,7,2.046511627906977,26.4
치지직,셰측,1486,1284,1556,1517,3.5,7,3.2857142857142856,11.5
치지직,롤 동 현,1486.4,1622,1606,1299,5.4,5,3.1296296296296298,16.9
치지직,펭탕증,1488,1284,1186,1892,1.2,7,4.666666666666667,5.6
치지직,도손,1488.8,1284,1955,1125,10.7,7,2.177570093457944,23.3
치지직,즐꺼기,1490,1150,1137,2013,0.9,8,4.888888888888889,4.4
치지직,W4X,1490,832,1493,1816,1.9,11,3.526315789473684,6.7
치지직,쵸쵸냥,1491.6,1284,1019,2068,0.7,7,5.571428571428571,3.9
치지직,나9모,1492,1622,1785,1134,8.6,5,2.6511627906976742,22.8
치지직,상강달,1493.2,1438,1398,1616,2.6,6,3.8076923076923075,9.9
치지직,이레히,1494.4,1622,1764,1161,8,5,2.725,21.8
치지직,빨간불노란불파란불,1494.8,1150,1968,1194,9.5,8,2.1473684210526316,20.4
SOOP,도크리1,1494.8,1622,1673,1253,6.2,5,2.967741935483871,18.4
치지직,반새얀,1497.2,1284,1813,1288,6.8,7,2.5441176470588234,17.3
치지직,모부이,1498.4,1622,1268,1667,2.1,5,4.285714285714286,9
치지직,디노오,1499,911,1598,1694,2.7,10,3.1481481481481484,8.5
씨미,파르페,1499.6,1284,1175,1932,1.1,7,4.7272727272727275,5.2
치지직,쫀띠,1502,1846,2252,580,46.7,4,1.4411134903640257,67.3
SOOP,최함상우,1502,1622,1415,1529,3,5,3.7333333333333334,11.2
치지직,무너형,1502.8,1284,1408,1707,2.2,7,3.772727272727273,8.3
치지직,쁠러팅,1502.8,1284,1364,1751,1.9,7,3.9473684210526314,7.5
치지직,하프냥 HafuNeKo,1503.6,1622,1771,1177,7.9,5,2.670886075949367,21.1
치지직,오슈니,1503.6,1284,1236,1881,1.3,7,4.461538461538462,5.8
SOOP,조규3,1504.8,1150,760,2427,0.2,8,7.5,1.5
치지직,유진나,1505.6,1438,1519,1526,3.3,6,3.4242424242424243,11.3
치지직,credit rating,1506,1846,1949,893,16.9,4,2.195266272189349,37.1
치지직,행성 너구리,1509.2,1622,1864,1098,10.2,5,2.4019607843137254,24.5
치지직,오만찡,1510,1622,2122,842,23,5,1.7826086956521738,41
치지직,게임하는하양,1510.8,1284,1590,1545,3.4,7,3.176470588235294,10.8
치지직,너삼2,1511.2,1438,998,2061,0.7,6,5.714285714285714,4
치지직,솔아림,1511.6,1438,1477,1583,2.9,6,3.5517241379310347,10.3
치지직,킹으나,1512,1622,1560,1409,4.3,5,3.2790697674418605,14.1
치지직,KIMow,1512.4,1438,1287,1775,1.7,6,4.235294117647059,7.2
치지직,곰주게임zip,1512.8,1622,1972,999,13.6,5,2.139705882352941,29.1
치지직,양거티브,1515.6,1622,1607,1371,4.8,5,3.125,15
치지직,겨울누렁이,1515.6,1036,1728,1543,3.9,9,2.7948717948717947,10.9
치지직,라운지 초심자 a3955412,1517.2,1150,2113,1105,13.4,8,1.8059701492537314,24.2
치지직,거위적 오리두기,1517.2,1622,1585,1397,4.5,5,3.2,14.4
치지직,루 망,1517.6,1284,1895,1257,7.9,7,2.3164556962025316,18.3
치지직,띠로리천사,1518,1438,1915,1161,9.6,6,2.2708333333333335,21.8
치지직,안은채,1518.4,1438,1317,1760,1.8,6,4.111111111111111,7.4
치지직,마이클 춘례,1518.4,1622,1536,1449,3.9,5,3.358974358974359,13.1
치지직,앗따따,1518.8,1438,1186,1892,1.2,6,4.666666666666667,5.6
치지직,민초밤,1521.6,1622,2022,971,15.1,5,2.033112582781457,30.7
치지직,담비곰,1522.4,1284,1413,1751,2,7,3.75,7.5
치지직,띠끼뿡,1522.8,1622,2120,876,21.2,5,1.7924528301886793,38
SOOP,레인쿤,1522.8,1622,1440,1556,2.9,5,3.6551724137931036,10.6
치지직,로치일호,1523.2,1846,1640,1245,6.2,4,3.0161290322580645,18.7
치지직,김리턴,1523.2,1036,1795,1495,4.6,9,2.608695652173913,12
치지직,대진유,1524.8,1438,1704,1389,5.1,6,2.8627450980392157,14.6
SOOP,서잌,1526,1622,1945,1059,11.9,5,2.2016806722689077,26.2
치지직,윤YOUN,1528.8,1438,1505,1598,2.9,6,3.4827586206896552,10.1
치지직,아리송한송아지,1529.2,1438,1759,1345,5.7,6,2.736842105263158,15.6
SOOP,루메룬,1529.2,1622,1898,1114,10.3,5,2.3106796116504853,23.8
SOOP,먕이♬,1530.4,1438,1175,1932,1.1,6,4.7272727272727275,5.2
치지직,임다은,1530.4,1284,1619,1565,3.4,7,3.088235294117647,10.5
치지직,붐바Boomba,1532,1622,1312,1707,2,5,4.15,8.3
치지직,모험가다람,1534,1622,1899,1125,10.1,5,2.3069306930693068,23.3
SOOP,_루팡,1536,1622,1148,1881,1.2,5,4.833333333333333,5.8
치지직,낑물개,1538,1284,1381,1822,1.7,7,3.8823529411764706,6.6
치지직,김필럴,1540,1438,1953,1178,9.6,6,2.1875,21
치지직,레오니드님,1540,1438,1158,1973,1,6,4.8,4.8
치지직,냥냥펀치녹차,1540.8,1622,1883,1158,9.4,5,2.3404255319148937,22
치지직,빨간애옹이,1541.2,1438,1679,1455,4.4,6,2.9545454545454546,13
치지직,마이티 Mighty,1542,1846,1994,938,16,4,2.0875,33.4
치지직,등화,1542.2,911,1376,2024,1.1,10,3.909090909090909,4.3
치지직,공 또,1542.4,1622,1669,1376,5,5,2.98,14.9
SOOP,혁2.,1543.2,1438,1295,1844,1.5,6,4.2,6.3
치지직,식현이,1544,1622,1708,1341,5.5,5,2.8545454545454545,15.7
치지직,무능2,1544,1284,1467,1751,2.1,7,3.5714285714285716,7.5
치지직,히루토,1544.8,1438,1442,1701,2.3,6,3.652173913043478,8.4
치지직,마서울,1548.8,1438,1900,1253,8,6,2.3,18.4
치지직,마노103,1549.6,1846,2021,930,16.8,4,2.0357142857142856,34.2
SOOP,깅깅~,1549.6,1438,1057,2098,0.7,6,5.285714285714286,3.7
치지직,쿠쿠98,1550,1622,1376,1688,2.2,5,3.909090909090909,8.6
치지직,Kaneko,1550,1438,2142,1014,16.5,6,1.715151515151515,28.3
치지직,윤봉2,1550,1438,1420,1736,2.1,6,3.7142857142857144,7.8
SOOP,Yuniwol,1550.6,2103,1944,881,17.1,3,2.2046783625730995,37.7
치지직,작업서누,1550.8,1438,1266,1892,1.3,6,4.3076923076923075,5.6
치지직,복곰,1555.2,1438,1292,1877,1.4,6,4.214285714285714,5.9
치지직,아즈사와코하네,1555.6,1622,1522,1556,3.1,5,3.4193548387096775,10.6
치지직,거짓이슬,1559.2,1438,1485,1694,2.4,6,3.5416666666666665,8.5
치지직,swxver,1559.6,1438,1881,1299,7.2,6,2.3472222222222223,16.9
치지직,세이키,1560,1622,1594,1495,3.8,5,3.1578947368421053,12
치지직,자쪽,1560,1438,1220,1961,1.1,6,4.545454545454546,5
SOOP,후안백작,1562.8,1438,1164,2024,0.9,6,4.777777777777778,4.3
치지직,요아oO,1562.8,1438,1164,2024,0.9,6,4.777777777777778,4.3
치지직,디논 Dnon,1563.6,1622,1815,1283,6.9,5,2.536231884057971,17.5
치지직,dahke,1564.8,1846,1757,1232,7,4,2.742857142857143,19.2
치지직,한가운이,1567.2,1622,1854,1253,7.6,5,2.4210526315789473,18.4
SOOP,콜로니,1567.6,1622,1563,1545,3.3,5,3.272727272727273,10.8
치지직,김땡땡72,1568.8,1438,1627,1576,3.4,6,3.0588235294117645,10.4
씨미,요 잇,1569.8,911,1733,1736,2.8,10,2.7857142857142856,7.8
치지직,록교,1570,1284,990,2293,0.4,7,5.75,2.3
SOOP,dlgmldud4277,1570,1846,1988,1014,13.5,4,2.096296296296296,28.3
치지직,즐겜러입니당,1570.4,1622,1638,1477,4.1,5,3.024390243902439,12.4
치지직,낙하실수장인,1571.2,1438,1337,1872,1.5,6,4,6
치지직,오씨멘,1572,1622,2195,924,22,5,1.5636363636363637,34.4
치지직,뽀땃쥐,1572.4,1438,1443,1769,2,6,3.65,7.3
SOOP,먕옹_,1573.6,1846,1562,1449,4,4,3.275,13.1
SOOP,가쿠인,1575.2,1622,1329,1798,1.7,5,4.0588235294117645,6.9
치지직,따승2,1576.4,1438,1431,1791,1.9,6,3.6842105263157894,7
치지직,솜둥어,1576.4,1284,1385,1914,1.4,7,3.857142857142857,5.4
치지직,뚝딱장인대현씨,1577.2,1438,1310,1914,1.3,6,4.153846153846154,5.4
치지직,밤밤94,1578.8,1622,1599,1537,3.5,5,3.142857142857143,11
치지직,수구루,1579.2,1622,2094,1043,14.4,5,1.8680555555555556,26.9
SOOP,팡민,1579.2,1622,1248,1889,1.3,5,4.384615384615385,5.7
치지직,코하로,1579.6,1438,1280,1950,1.2,6,4.25,5.1
치지직,독가스라이팅,1583.6,1284,2014,1303,8.2,7,2.048780487804878,16.8
치지직,별들의숫자만큼만나를,1585.6,1438,2056,1189,10.4,6,1.9807692307692308,20.6
치지직,몽도이,1585.6,1438,1411,1834,1.7,6,3.764705882352941,6.4
치지직,쓰 마,1585.6,1622,1620,1533,3.6,5,3.0833333333333335,11.1
치지직,몰티의 게임,1586,1622,2024,1130,11.4,5,2.026315789473684,23.1
치지직,맛있는 너구리라면,1586.8,1284,1689,1636,3.3,7,2.909090909090909,9.6
SOOP,Heonho_03,1587.2,1622,1388,1769,1.9,5,3.8421052631578947,7.3
치지직,CHZZK 현,1587.6,1438,1325,1925,1.3,6,4.076923076923077,5.3
치지직,악천이,1587.6,1150,1934,1460,5.8,8,2.2241379310344827,12.9
SOOP,악천이321,1588.8,1846,1730,1319,5.8,4,2.793103448275862,16.2
SOOP,레인자캣,1588.8,1846,1963,1086,11.6,4,2.1551724137931036,25
치지직,훈프리,1589.2,1438,1494,1760,2.1,6,3.5238095238095237,7.4
치지직,떨숨마,1589.6,1438,1271,1984,1.1,6,4.2727272727272725,4.7
치지직,황량한 폭포,1590.4,1622,1567,1598,3.1,5,3.2580645161290325,10.1
SOOP,서부기,1591.2,1622,1106,2061,0.8,5,5,4
치지직,혼겜돌이,1592.4,1438,1756,1506,4.3,6,2.744186046511628,11.8
SOOP,도로로Dororo,1592.6,2103,2025,905,17.9,3,2.005586592178771,35.9
씨미,히 담,1594,1036,1952,1515,5.3,9,2.188679245283019,11.6
치지직,드에,1594.4,1846,2125,938,18.8,4,1.7765957446808511,33.4
치지직,ANXI,1594.8,1284,1148,2197,0.6,7,4.833333333333333,2.9
SOOP,김알짱,1594.8,1846,1795,1269,6.9,4,2.608695652173913,18
치지직,시엘ci3l,1594.8,1284,1148,2197,0.6,7,4.833333333333333,2.9
치지직,네오구리,1594.8,1150,1969,1443,6.2,8,2.1451612903225805,13.3
치지직,루네아 비쥬,1595.2,1438,1337,1932,1.3,6,4,5.2
치지직,콜로니 CoLoNy,1598.8,1284,1711,1644,3.3,7,2.8484848484848486,9.4
치지직,도 도 도 현,1600.8,1622,1461,1730,2.2,5,3.590909090909091,7.9
치지직,단신Dansin,1602.4,1846,1838,1245,7.5,4,2.493333333333333,18.7
치지직,나일 N1L3,1602.8,1622,2218,978,20.1,5,1.5024875621890548,30.2
치지직,메가네코 하루키,1606,1438,1720,1576,3.7,6,2.810810810810811,10.4
SOOP,저맨,1606.8,1846,1542,1552,3.2,4,3.34375,10.7
치지직,엄마긔,1607.6,1284,1703,1674,3.1,7,2.870967741935484,8.9
치지직,뽀나리 pponali,1610.4,1438,1585,1722,2.5,6,3.2,8
치지직,물총빵야,1611.6,1438,1512,1798,2,6,3.45,6.9
치지직,모리카,1613.2,1284,821,2570,0.1,7,7,0.7
치지직,낙쭌,1613.2,1846,1902,1208,8.7,4,2.2988505747126435,20
치지직,김또리,1613.2,1622,1431,1791,1.9,5,3.6842105263157894,7
치지직,키 맨,1613.2,1622,2069,1153,11.4,5,1.9385964912280702,22.1
SOOP,간웅이다,1614.4,1846,1592,1521,3.6,4,3.1666666666666665,11.4
치지직,크리드씨,1615.6,1622,1722,1506,4.2,5,2.8095238095238093,11.8
치지직,아스라히,1616.4,1622,1569,1661,2.8,5,3.25,9.1
치지직,닉길,1616.8,1438,1593,1730,2.5,6,3.16,7.9
SOOP,슈가제로,1616.8,1438,944,2379,0.3,6,6,1.8
치지직,시허마,1619.6,1846,1860,1266,7.5,4,2.4133333333333336,18.1
치지직,냥시기,1622.8,1438,1578,1760,2.3,6,3.217391304347826,7.4
치지직,나는양숭이,1623.2,1622,1517,1730,2.3,5,3.4347826086956523,7.9
치지직,초코파이는신출귀몰,1625.2,1438,2428,916,34.8,6,1,34.8
치지직,B4DGUY,1625.2,1622,1991,1261,8.7,5,2.0919540229885056,18.2
치지직,멍카롱,1625.6,1438,1148,2197,0.6,6,4.833333333333333,2.9
SOOP,낙북이,1626.8,1846,1814,1330,6.3,4,2.5396825396825395,16
치지직,PANDADA,1626.8,1622,1510,1746,2.2,5,3.4545454545454546,7.6
치지직,거북이슬,1626.8,1438,1387,1961,1.3,6,3.8461538461538463,5
SOOP,휨레,1629.2,1846,1543,1607,3,4,3.3333333333333335,10
치지직,루미니아1025,1630.4,1622,1604,1661,2.9,5,3.1379310344827585,9.1
치지직,구구가가구구,1632,1438,1683,1678,3,6,2.933333333333333,8.8
SOOP,누구냥패왕섹,1632.4,1846,1632,1526,3.7,4,3.054054054054054,11.3
치지직,작은토끼네전립선과,1637.2,1438,1938,1436,6.1,6,2.2131147540983607,13.5
치지직,쩰리고양이,1637.6,1622,1977,1306,7.9,5,2.1139240506329116,16.7
SOOP,윤_이드,1637.6,1846,1337,1834,1.6,4,4,6.4
치지직,윤일 Yunil,1637.6,1846,1337,1834,1.6,4,4,6.4
치지직,라 쿠,1640,1438,1390,1991,1.2,6,3.8333333333333335,4.6
SOOP,시쿠SIKU,1641.4,2103,1939,1113,10.8,3,2.212962962962963,23.9
씨미,역촌동윤민수,1642,1438,1770,1616,3.7,6,2.675675675675676,9.9
치지직,똑 비,1642.4,1438,1062,2325,0.4,6,5.25,2.1
치지직,합체합체올파워를,1642.4,1438,1062,2325,0.4,6,5.25,2.1
치지직,양욱진,1642.8,1622,1720,1576,3.7,5,2.810810810810811,10.4
SOOP,짜이건,1642.8,1846,1577,1607,3.1,4,3.225806451612903,10
치지직,가 백,1643.6,1622,1552,1746,2.3,5,3.3043478260869565,7.6
치지직,고만둥,1643.6,1438,1927,1463,5.7,6,2.245614035087719,12.8
치지직,망치곽두팔,1645.2,1438,1861,1533,4.6,6,2.4130434782608696,11.1
SOOP,꼬마거북이_,1648,1438,1186,2215,0.6,6,4.666666666666667,2.8
치지직,광대 체셔,1650,1438,2087,1319,8.6,6,1.8837209302325582,16.2
치지직,선운모,1650,1622,1532,1782,2.1,5,3.380952380952381,7.1
치지직,GongTan,1651.2,1622,1566,1751,2.3,5,3.260869565217391,7.5
SOOP,카네자카2,1652.4,1622,1319,2001,1.1,5,4.090909090909091,4.5
치지직,김산화,1653.2,1846,1959,1251,8.6,4,2.1627906976744184,18.6
치지직,가브리엘 프아루,1653.2,1846,1727,1483,4.4,4,2.7954545454545454,12.3
SOOP,뚀랑이,1654,1438,944,2472,0.2,6,6,1.2
치지직,아즈칸 류,1654,1438,944,2472,0.2,6,6,1.2
치지직,렉검 Wrexham,1654,1622,1462,1862,1.7,5,3.588235294117647,6.1
치지직,푸시케,1659.6,1622,1578,1760,2.3,5,3.217391304347826,7.4
치지직,똘똘말이김밥,1660.8,1438,1395,2038,1.1,6,3.8181818181818183,4.2
치지직,개구리버,1663.6,1622,1521,1827,1.9,5,3.4210526315789473,6.5
치지직,로따현,1663.6,1846,2272,964,22.3,4,1.3946188340807175,31.1
치지직,나지안,1664,1622,1773,1576,3.9,5,2.6666666666666665,10.4
치지직,김모발,1665.2,1438,1337,2107,0.9,6,4,3.6
치지직,정흐앵,1665.6,1438,1583,1862,1.9,6,3.210526315789474,6.1
치지직,JO성현,1666,1622,1926,1428,6.1,5,2.2459016393442623,13.7
치지직,차꼬타로,1667.6,1438,1437,2013,1.2,6,3.6666666666666665,4.4
치지직,리또리또,1670,1438,2105,1351,8.5,6,1.8235294117647058,15.5
SOOP,송현섭1,1671.2,1846,1718,1537,3.9,4,2.8205128205128207,11
치지직,뉴국재,1672,1622,2091,1278,9.4,5,1.872340425531915,17.6
치지직,윤돌핀,1673.2,1622,1742,1630,3.5,5,2.7714285714285714,9.7
치지직,방모걸,1673.2,1622,1742,1630,3.5,5,2.7714285714285714,9.7
치지직,누제스 봇,1674,1622,1818,1556,4.2,5,2.5238095238095237,10.6
SOOP,김영빈!,1674.4,1622,1106,2269,0.5,5,5,2.5
치지직,하누리이,1678.8,1846,2292,982,22.8,4,1.3157894736842106,30
치지직,마찌롱,1678.8,1438,1487,1991,1.3,6,3.5384615384615383,4.6
SOOP,LAC김골목,1681.6,1438,1400,2085,1,6,3.8,3.8
치지직,미소롭게,1683.6,1438,1613,1877,1.9,6,3.1052631578947367,5.9
치지직,구미양,1685.6,1438,1337,2158,0.8,6,4,3.2
치지직,넌지기,1687.6,1622,1280,2128,0.8,5,4.25,3.4
치지직,owSWOO,1689.2,1284,1580,2001,1.4,7,3.2142857142857144,4.5
씨미,응형,1689.2,1284,1580,2001,1.4,7,3.2142857142857144,4.5
치지직,hina3,1690.4,1846,1803,1500,4.6,4,2.5869565217391304,11.9
치지직,마곰이,1690.8,1622,1565,1851,1.9,5,3.263157894736842,6.2
치지직,윙돌,1691.2,1846,2537,768,59.3,4,0.7841483979763912,46.5
치지직,투 나 잇,1691.6,1622,1643,1775,2.4,5,3,7.2
치지직,kirtw472832,1692,1438,1854,1657,3.8,6,2.4210526315789473,9.2
치지직,키모사베,1693.2,1284,1907,1684,3.8,7,2.289473684210526,8.7
SOOP,상강달,1695.6,1846,1547,1769,2.2,4,3.3181818181818183,7.3
치지직,안룡98,1696,1622,1806,1623,3.8,5,2.5789473684210527,9.8
치지직,클라임,1696.4,1438,1715,1807,2.4,6,2.8333333333333335,6.8
치지직,떼로TTERO,1696.4,1438,1715,1807,2.4,6,2.8333333333333335,6.8
치지직,하노루,1698.4,1438,1805,1722,3.1,6,2.5806451612903225,8
치지직,mr훈,1698.8,1622,1976,1460,6.1,5,2.1147540983606556,12.9
치지직,광 진 구,1700.4,1622,2064,1376,7.6,5,1.9605263157894737,14.9
치지직,달냥 MOONCAT,1701.2,1622,1158,2284,0.5,5,4.8,2.4
SOOP,폴로POLO,1701.2,1846,1623,1707,2.7,4,3.074074074074074,8.3
치지직,루메룬,1701.6,1846,2422,909,34.2,4,1.0380116959064327,35.5
치지직,폰다,1702,1846,1841,1491,4.9,4,2.4693877551020407,12.1
치지직,구운비,1702.4,1622,1730,1715,2.9,5,2.793103448275862,8.1
치지직,연홍Ol,1704.8,1284,1295,2325,0.5,7,4.2,2.1
SOOP,조크망크,1705.4,2103,1941,1271,8.1,3,2.2098765432098766,17.9
치지직,럭키리,1707.2,1438,1481,2068,1.1,6,3.5454545454545454,3.9
치지직,7Mean,1708.4,1622,1678,1782,2.4,5,2.9583333333333335,7.1
치지직,빠쿄,1710,1846,1903,1449,5.7,4,2.2982456140350878,13.1
SOOP,한백_,1710.2,2103,1931,1293,7.6,3,2.236842105263158,17
치지직,이팽,1710.4,1622,1614,1851,2,5,3.1,6.2
치지직,포니S2,1710.8,1622,1765,1701,3.1,5,2.7096774193548385,8.4
치지직,출판사,1710.8,1846,1556,1798,2.1,4,3.2857142857142856,6.9
치지직,Jude주드,1711.2,1622,1416,2051,1.1,5,3.727272727272727,4.1
치지직,코베워,1712.8,1846,1761,1598,3.7,4,2.72972972972973,10.1
치지직,민민1,1713.2,1438,1457,2107,1,6,3.6,3.6
치지직,Xylo,1713.6,1846,1844,1517,4.7,4,2.4468085106382977,11.5
치지직,휘 야,1713.6,1622,1760,1713,3,5,2.7333333333333334,8.2
치지직,김학,1713.6,1622,1956,1517,5.3,5,2.169811320754717,11.5
치지직,아기소,1714.8,1622,1526,1950,1.5,5,3.4,5.1
치지직,무감딜,1715.2,1622,1686,1791,2.4,5,2.9166666666666665,7
치지직,도도도람쥐,1715.6,1622,1487,1991,1.3,5,3.5384615384615383,4.6
SOOP,땅공쏘스,1715.6,1622,1487,1991,1.3,5,3.5384615384615383,4.6
치지직,이예운,1716.8,1438,1304,2269,0.6,6,4.166666666666667,2.5
치지직,레디안느,1717.6,1846,2623,748,107.7,4,0.4456824512534819,48
치지직,아론93,1717.6,1622,2066,1417,7.2,5,1.9444444444444444,14
치지직,버음바,1718.4,1622,1400,2085,1,5,3.8,3.8
SOOP,세르초이,1721.6,1846,1783,1598,3.8,4,2.6578947368421053,10.1
치지직,no4everus,1722.4,1622,1773,1722,3,5,2.6666666666666665,8
치지직,마셜이,1722.8,1284,2414,1251,17.7,7,1.0508474576271187,18.6
치지직,페리링,1723.6,1622,1205,2293,0.5,5,4.6,2.3
SOOP,유카..,1723.6,1622,1205,2293,0.5,5,4.6,2.3
치지직,김뿡쓰,1724.4,1438,2063,1529,5.7,6,1.9649122807017543,11.2
치지직,착호랑이,1724.8,1284,1280,2390,0.4,7,4.25,1.7
치지직,정알테,1725.6,1622,1611,1892,1.8,5,3.111111111111111,5.6
치지직,극곰방송,1726,1622,1590,1914,1.7,5,3.176470588235294,5.4
치지직,지백티비,1726.4,1622,2154,1351,9.2,5,1.684782608695652,15.5
치지직,심진아,1726.8,1622,1961,1545,5,5,2.16,10.8
치지직,대구흑염소,1727.6,1438,1738,1862,2.2,6,2.772727272727273,6.1
SOOP,저기그머야,1727.6,1846,1919,1477,5.5,4,2.2545454545454544,12.4
치지직,POTG 조혜지,1728,1622,1870,1639,4,5,2.375,9.5
SOOP,Rev_Erisak,1729.2,1846,1427,1973,1.3,4,3.6923076923076925,4.8
치지직,대훈123,1730,1622,1633,1881,1.9,5,3.0526315789473686,5.8
치지직,알라코00,1731,2103,2358,918,30.3,3,1.1452145214521452,34.7
치지직,향인,1734.4,1846,2096,1317,8.8,4,1.8522727272727273,16.3
치지직,가페o,1736.4,1846,2088,1330,8.5,4,1.8823529411764706,16
치지직,서레이네,1737.6,1622,1405,2128,0.9,5,3.7777777777777777,3.4
치지직,봄베이 BOMBAY,1737.6,1438,1798,1827,2.5,6,2.6,6.5
SOOP,금나라_,1737.6,1846,1516,1905,1.6,4,3.4375,5.5
치지직,고슴도치 스톰,1738,1622,1798,1736,3,5,2.6,7.8
치지직,한아우,1738.8,1438,1821,1807,2.7,6,2.5185185185185186,6.8
치지직,I 서다온 I,1739.6,1622,1792,1746,2.9,5,2.6206896551724137,7.6
치지직,박박BakBak,1740.4,1846,1467,1961,1.4,4,3.5714285714285716,5
치지직,흐긴형,1743.6,1846,1847,1589,4.2,4,2.4285714285714284,10.2
치지직,창현j,1744,1622,1481,2068,1.1,5,3.5454545454545454,3.9
치지직,이예월,1745.2,1622,1243,2309,0.5,5,4.4,2.2
치지직,다다쿵,1745.2,1622,1337,2215,0.7,5,4,2.8
치지직,백성민,1745.6,1622,2275,1278,12.9,5,1.3643410852713178,17.6
치지직,유리로제많이먹어요,1747.6,1622,1585,1973,1.5,5,3.2,4.8
SOOP,킴캐리,1748.6,2103,2098,1222,10.6,3,1.8396226415094339,19.5
치지직,김독자82,1748.8,1846,2312,1137,18.1,4,1.2541436464088398,22.7
SOOP,김록스,1749.6,1846,1635,1816,2.2,4,3.0454545454545454,6.7
치지직,파란열쇠 입니다,1750.8,1846,1685,1769,2.5,4,2.92,7.3
치지직,초냥이임,1751.2,1846,1788,1667,3.4,4,2.6470588235294117,9
치지직,realyoo,1753.6,1622,1304,2269,0.6,5,4.166666666666667,2.5
치지직,나 봉,1753.6,1622,1304,2269,0.6,5,4.166666666666667,2.5
치지직,짜 냥 이,1755.6,1846,1998,1468,6.1,4,2.081967213114754,12.7
치지직,전유라,1755.6,1438,1280,2390,0.4,6,4.25,1.7
치지직,0I온,1756.4,1846,1634,1834,2.1,4,3.0476190476190474,6.4
치지직,페트라PETRA,1758.4,1622,2343,1242,15.8,5,1.1898734177215189,18.8
SOOP,후유_,1758.4,1846,1548,1925,1.6,4,3.3125,5.3
치지직,나 단,1758.8,1846,1918,1556,4.7,4,2.25531914893617,10.6
치지직,하예나HAYENA,1761.6,1622,1643,1950,1.7,5,3,5.1
치지직,송스루,1761.6,1622,1643,1950,1.7,5,3,5.1
치지직,KamiSama1,1762,1622,2185,1409,8.9,5,1.5842696629213484,14.1
치지직,몸지,1762.8,1622,1413,2183,0.8,5,3.75,3
SOOP,bentley_kkk,1763.8,2103,1643,1715,2.7,3,3,8.1
치지직,러비78,1764,1622,1710,1889,2,5,2.85,5.7
치지직,사카오라,1764.4,1622,1738,1862,2.2,5,2.772727272727273,6.1
치지직,김뭉먕00,1765.6,1438,2130,1565,6,6,1.75,10.5
치지직,주섬주섬JS,1766.8,1846,1878,1616,4.2,4,2.357142857142857,9.9
SOOP,중원-,1767.2,1846,1337,2158,0.8,4,4,3.2
치지직,단피아,1768.8,1438,1973,1730,3.7,6,2.135135135135135,7.9
치지직,닉네임추천받습니도,1770,1846,2321,1181,16.9,4,1.2366863905325445,20.9
치지직,도동탁,1771.2,1622,1106,2511,0.2,5,5,1
치지직,바이이잉,1771.2,1622,1106,2511,0.2,5,5,1
치지직,천강8488,1772.4,1622,1295,2325,0.5,5,4.2,2.1
치지직,망고 TV,1772.4,1622,1295,2325,0.5,5,4.2,2.1
치지직,솔직한돼지,1772.4,1846,2554,954,43.3,4,0.7413394919168591,32.1
치지직,쮸베,1775.6,1622,1696,1932,1.8,5,2.888888888888889,5.2
치지직,GM구마,1775.6,1622,1714,1914,1.9,5,2.8421052631578947,5.4
SOOP,정령키드,1778.6,2103,1694,1701,2.9,3,2.896551724137931,8.4
치지직,GM 연천,1779.6,1846,2129,1397,8.2,4,1.7560975609756098,14.4
SOOP,조구오구,1781.6,1846,1680,1851,2.1,4,2.9523809523809526,6.2
치지직,빙두리,1783.2,1622,1596,2051,1.3,5,3.1538461538461537,4.1
SOOP,Vesta,1783.2,1846,1630,1905,1.8,4,3.0555555555555554,5.5
치지직,이루한,1784,1622,1625,2024,1.4,5,3.0714285714285716,4.3
치지직,멜차입니다,1784,1622,1625,2024,1.4,5,3.0714285714285716,4.3
치지직,링고짱,1785.2,1284,1496,2325,0.6,7,3.5,2.1
치지직,청양양,1786,1622,1526,2128,1,5,3.4,3.4
치지직,유화령,1786.4,1846,1530,2013,1.3,4,3.3846153846153846,4.4
치지직,이미션,1786.8,1284,2186,1639,6,7,1.5833333333333333,9.5
치지직,낭만탱커황선생,1787.2,1622,1897,1760,3.2,5,2.3125,7.4
치지직,송현섭,1787.2,1846,2239,1306,11.4,4,1.4649122807017543,16.7
치지직,셰라탄,1788,1846,1556,1991,1.4,4,3.2857142857142856,4.6
치지직,바몽,1789.6,1438,1928,1827,2.9,6,2.2413793103448274,6.5
SOOP,마데워치,1791,2103,2017,1409,6.9,3,2.0434782608695654,14.1
치지직,카포 CAPO,1792,1846,1643,1914,1.8,4,3,5.4
치지직,해월량,1792.8,1846,1627,1932,1.7,4,3.0588235294117645,5.2
치지직,소애 Soae,1794,1284,1715,2128,1.2,7,2.8333333333333335,3.4
치지직,홍띵표,1796,1622,2338,1341,13.1,5,1.1984732824427482,15.7
치지직,푸리밍 puriming,1796.8,1622,1643,2038,1.4,5,3,4.2
치지직,꾸윰,1796.8,1622,1767,1914,2,5,2.7,5.4
치지직,마나키 우미,1796.8,1622,1643,2038,1.4,5,3,4.2
SOOP,Kadi카디,1797.6,1846,1749,1822,2.4,4,2.75,6.6
치지직,슈아0v0,1799.2,1846,1551,2024,1.3,4,3.3076923076923075,4.3
치지직,이류몽,1799.6,1846,2172,1404,8.8,4,1.625,14.3
치지직,조릴루,1800.4,1622,1863,1827,2.7,5,2.4074074074074074,6.5
치지직,온유람,1801.6,1846,1580,2001,1.4,4,3.2142857142857144,4.5
치지직,준준66,1802.4,1622,2298,1397,11.1,5,1.2972972972972974,14.4
치지직,탱노예,1802.4,1622,2079,1616,5.2,5,1.9038461538461537,9.9
치지직,독불장군김동건,1802.8,1438,2073,1715,4.2,6,1.9285714285714286,8.1
치지직,개수빈,1803.6,1846,2080,1506,6.2,4,1.903225806451613,11.8
SOOP,휴지상,1804.4,2384,2026,1293,8.5,2,2,17
치지직,AURA1,1809.2,1846,1738,1862,2.2,4,2.772727272727273,6.1
치지직,흑화한모이라,1809.2,1622,1787,1925,2,5,2.65,5.3
치지직,도뤼녕,1810,1622,1258,2456,0.3,5,4.333333333333333,1.3
치지직,지신2,1810,1846,1995,1607,4.8,4,2.0833333333333335,10
SOOP,주인있는여우,1810,1622,1258,2456,0.3,5,4.333333333333333,1.3
치지직,이디스10,1811.4,2103,2232,1245,12.6,3,1.4841269841269842,18.7
치지직,뭐하냐111,1813.6,1622,1106,2617,0.1,5,5,0.5
치지직,미끝,1816,1438,1496,2325,0.6,6,3.5,2.1
치지직,비제이대천사,1820,1846,2426,1201,19.8,4,1.02020202020202,20.2
치지직,l쿠우마l,1820.8,1846,2100,1529,6.1,4,1.8360655737704918,11.2
치지직,멍고미,1821,2103,1823,1678,3.5,3,2.5142857142857142,8.8
치지직,깨 갱,1822.8,1622,1995,1751,3.6,5,2.0833333333333335,7.5
치지직,떠오르는 참외 124641,1824.4,1438,1970,1872,2.8,6,2.142857142857143,6
치지직,네모Nemo,1828.4,1846,2165,1483,7.5,4,1.64,12.3
SOOP,운오,1828.6,2103,1913,1607,4.4,3,2.272727272727273,10
치지직,마콘이,1829.2,1622,1724,2038,1.5,5,2.8,4.2
치지직,델라 유니크,1829.6,1622,1227,2536,0.2,5,4.5,0.9
치지직,샤오링링,1830.8,1846,1749,1905,2,4,2.75,5.5
치지직,라몬,1830.8,1438,2214,1644,6.2,6,1.5161290322580645,9.4
치지직,김밍슈,1830.8,1846,1847,1807,2.8,4,2.4285714285714284,6.8
치지직,04회수,1832,1622,1684,2085,1.3,5,2.923076923076923,3.8
치지직,강후니 Hoony,1833.2,1622,1867,1905,2.3,5,2.391304347826087,5.5
치지직,owcoco,1834.4,1622,2060,1715,4.1,5,1.975609756097561,8.1
치지직,푸루인,1834.8,1846,1820,1844,2.5,4,2.52,6.3
치지직,미스터 스노우 Mr snow,1835.2,1846,1773,1892,2.1,4,2.6666666666666665,5.6
SOOP,베e베,1838,1846,1420,2252,0.7,4,3.7142857142857144,2.6
SOOP,쩌억이,1839,2103,1948,1598,4.6,3,2.1956521739130435,10.1
치지직,조빈트,1839.6,1622,1643,2145,1.1,5,3,3.3
치지직,l이리스l,1840.8,1622,2130,1661,5.2,5,1.75,9.1
치지직,서종길,1842,1622,1880,1914,2.3,5,2.347826086956522,5.4
치지직,네라밍,1842.4,1846,1390,2293,0.6,4,3.8333333333333335,2.3
SOOP,탄잡스,1843.8,2103,1822,1736,3.1,3,2.5161290322580645,7.8
치지직,산돌이네,1844.8,1622,1810,1991,1.8,5,2.5555555555555554,4.6
치지직,웨 홍,1845.2,1846,1839,1851,2.5,4,2.48,6.2
치지직,잔잔한 구름,1848,1622,1337,2472,0.3,5,4,1.2
치지직,지민팁이,1849.6,1622,2396,1417,12.9,5,1.0852713178294573,14
치지직,형렬,1850,1622,2277,1537,8.1,5,1.3580246913580247,11
치지직,던조,1852.8,1622,1569,2252,0.8,5,3.25,2.6
치지직,코라 qora,1852.8,1622,1569,2252,0.8,5,3.25,2.6
치지직,Eldora,1853.6,1846,1643,2068,1.3,4,3,3.9
치지직,체아람,1853.6,1846,1643,2068,1.3,4,3,3.9
치지직,K식방,1855.6,1622,1827,2001,1.8,5,2.5,4.5
치지직,키리옌,1855.6,1622,1827,2001,1.8,5,2.5,4.5
치지직,슈퍼개구리,1856.4,1622,2108,1722,4.4,5,1.8181818181818181,8
치지직,쿠사노 kusano,1856.4,1846,1620,2098,1.2,4,3.0833333333333335,3.7
치지직,리혜루,1858.8,1622,1457,2379,0.5,5,3.6,1.8
치지직,덕귤,1863.2,1622,1689,2158,1.1,5,2.909090909090909,3.2
치지직,이로자,1863.4,2103,2018,1589,5,3,2.04,10.2
치지직,오 도 도,1863.6,1438,1916,2024,1.9,6,2.263157894736842,4.3
치지직,페리스1,1864.8,1622,1744,2107,1.3,5,2.769230769230769,3.6
SOOP,빡퇘,1866.4,1846,1337,2406,0.4,4,4,1.6
치지직,페츠,1866.4,1846,1818,1925,2.1,4,2.5238095238095237,5.3
치지직,김드기,1866.8,1622,2311,1545,8.6,5,1.255813953488372,10.8
치지직,밋밋1,1867.6,1846,1437,2309,0.6,4,3.6666666666666665,2.2
치지직,르담,1867.6,1846,1773,1973,1.8,4,2.6666666666666665,4.8
치지직,l베스타,1867.6,1846,1773,1973,1.8,4,2.6666666666666665,4.8
치지직,수플레플레,1867.6,1846,1773,1973,1.8,4,2.6666666666666665,4.8
치지직,이요닝,1868.4,1846,2508,1240,21.1,4,0.8957345971563981,18.9
치지직,탱마카세,1868.4,1846,2339,1409,11.8,4,1.194915254237288,14.1
치지직,후유님,1868.4,1622,1809,2051,1.6,5,2.5625,4.1
치지직,ow sig,1869.6,1438,1870,2085,1.6,6,2.375,3.8
치지직,고미적,1870,1846,2058,1694,4.3,4,1.9767441860465116,8.5
치지직,파리스 Parish,1870.4,1846,2367,1386,13,4,1.1307692307692307,14.7
치지직,사케라됴,1871.2,1846,1904,1851,2.7,4,2.2962962962962963,6.2
치지직,알바 ALBA,1871.2,1622,2023,1844,3.1,5,2.032258064516129,6.3
치지직,smaxher,1871.2,1846,1904,1851,2.7,4,2.2962962962962963,6.2
SOOP,균잉-,1872.6,2103,1908,1722,3.5,3,2.2857142857142856,8
치지직,유아루,1874,1622,1913,1961,2.2,5,2.272727272727273,5
치지직,갓붕,1875.8,2103,2241,1397,9.9,3,1.4545454545454546,14.4
치지직,간웅이다,1877.2,1846,2010,1760,3.6,4,2.0555555555555554,7.4
SOOP,도도도람쥐,1878.2,2103,1643,2001,1.5,3,3,4.5
치지직,Rio Skywalker,1878.4,1846,2137,1636,5.5,4,1.7454545454545454,9.6
치지직,아키백,1880,1846,1943,1834,2.9,4,2.206896551724138,6.4
치지직,Revit,1880.8,1622,2176,1715,5,5,1.62,8.1
치지직,우지의성은우지,1881.2,1622,1868,2024,1.8,5,2.388888888888889,4.3
치지직,하쿠라ㅣhakuraㅣ,1882.8,1846,1957,1827,3,4,2.1666666666666665,6.5
치지직,이지하,1883.6,1622,2026,1872,3,5,2,6
치지직,유안Uan,1884.4,1846,1937,1851,2.8,4,2.2142857142857144,6.2
치지직,도도한민유,1886.8,1846,2601,1193,37.8,4,0.5423280423280423,20.5
치지직,한라봉말랭이,1887.4,2103,2359,1308,14.5,3,1.1448275862068966,16.6
치지직,킴캉리,1887.6,1622,1599,2309,0.7,5,3.142857142857143,2.2
치지직,진영진,1890,1438,2208,1798,4.5,6,1.5333333333333334,6.9
SOOP,뿅아리_,1890.6,2103,1987,1688,4.1,3,2.097560975609756,8.6
치지직,큘피챠,1891.2,1846,2166,1639,5.8,4,1.6379310344827587,9.5
치지직,말렘,1891.6,1846,1990,1816,3.2,4,2.09375,6.7
치지직,송실,1891.6,1846,1686,2120,1.2,4,2.9166666666666665,3.5
치지직,세오 Seo,1892.8,1622,1920,2001,2,5,2.25,4.5
치지직,키이로옐,1892.8,1622,1793,2128,1.3,5,2.6153846153846154,3.4
치지직,뾰린,1892.8,1846,1337,2472,0.3,4,4,1.2
치지직,저는범죄자입니다04,1893.2,1622,2179,1743,4.8,5,1.6041666666666667,7.7
치지직,근접임미다,1895.2,1846,1802,2013,1.7,4,2.588235294117647,4.4
치지직,부산촌놈최씨,1896.6,2103,2092,1598,5.4,3,1.8703703703703705,10.1
치지직,Mato0816,1897.6,1846,1569,2252,0.8,4,3.25,2.6
SOOP,최강철임,1899.2,1622,1496,2441,0.4,5,3.5,1.4
치지직,후작만,1899.2,1846,2280,1545,8,4,1.35,10.8
치지직,윤모명,1899.6,1846,1643,2183,1,4,3,3
치지직,파라도,1900.4,1846,1790,2038,1.6,4,2.625,4.2
치지직,made in COSMOS,1900.4,1622,2428,1512,11.7,5,1,11.7
치지직,이무직0820,1901.4,2103,2202,1500,7.7,3,1.5454545454545454,11.9
SOOP,따승,1902,2384,2026,1537,5.5,2,2,11
치지직,약과야,1902.8,1846,2167,1667,5.5,4,1.6363636363636365,9
치지직,김망고O,1903.6,1622,1696,2252,0.9,5,2.888888888888889,2.6
치지직,서채정,1903.6,1622,1696,2252,0.9,5,2.888888888888889,2.6
치지직,프 렐,1904.4,1846,1865,1973,2,4,2.4,4.8
치지직,머 신,1905.4,2103,2303,1409,11,3,1.2818181818181817,14.1
치지직,이구워치,1905.6,1622,2612,1341,30.9,5,0.5080906148867314,15.7
치지직,호아론 HoAron,1907.4,2103,1935,1782,3.2,3,2.21875,7.1
씨미,베스타,1909.6,1622,1912,2051,1.8,5,2.2777777777777777,4.1
치지직,덕만이01,1910.6,2103,2238,1487,8.3,3,1.4698795180722892,12.2
치지직,구해줄게 힐왕,1911.6,1846,1964,1892,2.6,4,2.1538461538461537,5.6
치지직,리브 LEAVE,1912.2,2103,1954,1775,3.3,3,2.1818181818181817,7.2
SOOP,민펀이,1912.4,1846,1845,2013,1.8,4,2.4444444444444446,4.4
치지직,주도하,1916,1846,2324,1543,8.9,4,1.2247191011235956,10.9
치지직,메민씨,1918,1622,2283,1701,6.3,5,1.3333333333333333,8.4
치지직,시라유키 쿠로,1918.4,1846,2130,1743,4.4,4,1.75,7.7
SOOP,조빈트,1919,2103,1773,1973,1.8,3,2.6666666666666665,4.8
치지직,멍 지,1919.2,1846,2093,1782,3.8,4,1.868421052631579,7.1
치지직,100상어,1920.4,1622,2260,1730,5.6,5,1.4107142857142858,7.9
치지직,우키군,1921.4,2103,2320,1432,10.9,3,1.2477064220183487,13.6
치지직,뿅 아리,1921.4,2103,2058,1694,4.3,3,1.9767441860465116,8.5
치지직,윤탱볼,1922.4,1846,2411,1472,11.9,4,1.0588235294117647,12.6
치지직,베가 Vega Celestial,1923,2103,2301,1455,10.1,3,1.2871287128712872,13
치지직,뽀또 potto,1923.6,1846,1337,2549,0.2,4,4,0.8
SOOP,참치임:3,1923.6,1846,1337,2549,0.2,4,4,0.8
치지직,아시모프A158,1923.6,1846,1337,2549,0.2,4,4,0.8
치지직,BASUTO,1923.6,1846,1936,1950,2.3,4,2.217391304347826,5.1