플랫폼,스트리머,포인트,최고 시청자 순위,평균 시청자 순위,뷰어십 순위,방송시간,최고시청자,평균시청자,뷰어십
SOOP,봉준,1.4,1,1,2,19.4,49279,22370.634020618556,433990.3
SOOP,김민교.,1.6,2,2,1,31.2,31742,18721.55128205128,584112.4
SOOP,이상호,3.8,5,3,4,18,17580,11982.333333333334,215682
SOOP,항상#킴성태,4.4,4,6,3,35.6,19817,7582.955056179775,269953.2
SOOP,owesports,7,7,8,6,19.1,7559,5592.701570680629,106820.6
SOOP,감스트,7.4,3,5,12,5.7,20633,8758.298245614034,49922.3
SOOP,저라뎃,9.4,9,14,5,40.8,6808,3225.607843137255,131604.8
SOOP,우왁굳,10.4,6,4,19,2.8,12226,10939.107142857143,30629.5
SOOP,남순,10.8,10,13,9,14.6,6766,4083.3835616438355,59617.4
SOOP,타요*,14.4,14,11,18,7,5786,4569.142857142857,31984
SOOP,이지상:),16.4,12,22,13,24,6339,1977.375,47457
SOOP,오아,17.6,20,26,8,48,3872,1578.2145833333334,75754.3
SOOP,철구형2↑,17.8,11,9,30,3.5,6444,5155.942857142857,18045.8
SOOP,징버거☆,18.6,17,18,20,10.1,4194,2977.4158415841584,30071.9
치지직,탬탬버린,19.2,8,7,37,2.1,7189,6085.523809523809,12779.6
치지직,아카네 리제,19.2,18,16,23,9.1,4116,3093.802197802198,28153.6
SOOP,임아니,20,22,32,7,60.8,3586,1325.3486842105262,80581.2
SOOP,비챤,20.6,19,17,25,8,3915,3024.475,24195.8
치지직,김뚜띠,21,13,10,36,2.7,5788,4789.851851851852,12932.6
SOOP,지피티,21.4,27,25,15,21.3,2654,1792.8309859154929,38187.3
치지직,빅헤드,22,24,27,16,22.6,2841,1526.9557522123894,34509.2
치지직,아오쿠모 린,23,21,15,32,4.9,3817,3195.795918367347,15659.4
SOOP,감블러,24.8,26,39,10,52.8,2681,1114.8598484848485,58864.6
SOOP,깨박이깨박이,26.2,15,19,39,4.9,5086,2539.877551020408,12445.4
SOOP,수피,26.8,34,36,14,32.2,1954,1191.1863354037266,38356.2
SOOP,강만식,27.4,23,46,11,60.7,3024,887.1186161449752,53848.1
치지직,다주,29.8,25,24,38,6.8,2703,1875.8529411764705,12755.8
SOOP,클리드1,33.8,33,41,27,19.2,2051,1079.4375,20725.2
SOOP,일루전_,35.6,28,53,22,36.7,2574,777.1144414168938,28520.1
SOOP,깐숙,35.6,50,43,21,27.9,1482,1030.9498207885304,28763.5
SOOP,띵귤_,38.2,35,30,48,7.2,1880,1362.763888888889,9811.9
SOOP,도현ツ,39,45,51,24,32.4,1601,801.6635802469136,25973.9
SOOP,EscA_에스카,39,29,57,26,29.3,2525,709.9044368600682,20800.2
SOOP,쪼낙,40,40,47,33,17.1,1655,871.8713450292398,14909
치지직,치킨쿤,41.8,53,49,29,22,1343,850.290909090909,18706.4
치지직,서넹,42.8,58,61,17,51.5,1214,669.8135922330097,34495.4
치지직,소우릎,44.4,56,52,31,20.8,1255,797.9182692307693,16596.7
치지직,마뫄,44.6,43,40,50,8.5,1621,1085.5058823529412,9226.8
치지직,아라하시 타비,46.4,16,12,96,0.9,4538,4095.1111111111113,3685.6
SOOP,(주)박사장$,46.8,48,38,55,6.7,1507,1116.2835820895523,7479.1
치지직,사키하네 후야,47,31,21,81,2,2311,2171.85,4343.7
SOOP,Calm_김윤환,48.8,32,23,83,2.1,2289,1963.7142857142858,4123.8
SOOP,Alo.조경훈,50.2,37,34,73,4.3,1787,1214.139534883721,5220.8
SOOP,키마,50.4,44,33,71,4.3,1602,1271.7441860465117,5468.5
SOOP,양도끼,53.8,65,62,40,19.3,1040,643.0103626943005,12410.1
치지직,너불,54.6,39,29,88,2.8,1676,1387.642857142857,3885.4
SOOP,단츄♪,56.4,36,28,95,2.5,1795,1499.52,3748.8
SOOP,나는상윤,56.8,66,75,34,27.6,1029,523.304347826087,14443.2
SOOP,지붕위소희,58.2,59,70,46,16.8,1138,606,10180.8
SOOP,김된모!,58.2,71,63,47,15.5,950,634.9741935483871,9842.1
SOOP,해리,59,69,71,42,19.3,972,580.7564766839379,11208.6
SOOP,조디악악악,59.8,61,91,28,53.1,1111,378.07721280602635,20075.9
SOOP,학살~,60.4,54,81,43,22.3,1325,490.9596412556054,10948.4
SOOP,“클로이”,61.2,42,97,35,37,1626,352.18108108108106,13030.7
치지직,유즈하 리코,62.8,30,20,122,1.1,2367,2228.4545454545455,2451.3
SOOP,중력∀,63,85,66,49,15,787,624.4933333333333,9367.4
치지직,핑맨,66.6,47,45,98,3.5,1533,983.3142857142857,3441.6
SOOP,마이곰이_,67.6,46,31,115,2,1596,1345.4,2690.8
치지직,채현찌,68.2,41,42,108,2.7,1627,1077.6296296296296,2909.6
SOOP,바밍_,69.2,72,96,41,34.9,947,354.86819484240687,12384.9
SOOP,한결___,70.2,63,58,86,5.8,1077,694.948275862069,4030.7
SOOP,디임,74.4,60,65,91,6,1129,632.5833333333334,3795.5
SOOP,한갱,76,52,35,129,1.9,1369,1206.8947368421052,2293.1
SOOP,꾸티뉴,79,99,76,72,10.3,616,511.80582524271847,5271.6
치지직,임나은,80.8,80,86,76,12.4,846,403.33870967741933,5001.4
SOOP,으냉이,81,93,94,62,17.7,646,358.8587570621469,6351.8
SOOP,울산큰고래,81,95,78,77,9.6,636,508.0208333333333,4877
SOOP,챈나,81,73,50,116,3.2,940,837.25,2679.2
SOOP,뽀린걸,81.4,117,87,58,17.1,530,399.65497076023394,6834.1
치지직,금사향,81.6,64,48,124,2.8,1044,858.75,2404.5
SOOP,설레랑,83,73,89,82,10.5,940,397.9714285714286,4178.7
치지직,삐부,85.4,103,110,52,29.8,583,282.2013422818792,8409.6
SOOP,파니_,86.4,90,126,45,44.3,730,235.04740406320542,10412.6
치지직,아구이뽀,86.4,38,72,125,4.3,1760,555.1162790697674,2387
SOOP,앵지,87.8,111,113,51,33.1,545,271.99093655589127,9002.9
치지직,블레어 로즈,89,55,37,158,1.4,1303,1150.857142857143,1611.2
치지직,이선생,90.6,135,115,44,41.2,402,262.75485436893206,10825.5
치지직,실프,91.2,88,74,110,5.2,731,549.1923076923077,2855.8
SOOP,한둬얼,91.6,70,55,139,2.6,955,736,1913.6
SOOP,아이치,92,84,85,103,7.9,795,405.2151898734177,3201.2
SOOP,성기사샬롯,92.2,51,111,94,13.4,1425,281.5074626865672,3772.2
치지직,푸린,92.8,100,92,90,10.2,615,372.5,3799.5
치지직,설백,92.8,122,107,64,21.2,498,290.97169811320754,6168.6
치지직,행돌,93.4,91,77,111,5.5,684,508.1272727272727,2794.7
SOOP,키이세,93.6,110,118,61,25.5,558,252.26666666666668,6432.8
치지직,디디디용,94.2,57,44,163,1.5,1253,1019.8,1529.7
치지직,담유이,95.2,96,90,100,8.3,624,397.71084337349396,3301
SOOP,한남맛종욱,95.6,94,138,54,34.6,640,218.10115606936415,7546.3
SOOP,해기_,96.4,114,106,78,16.5,537,291.2909090909091,4806.3
SOOP,기뉴다,96.8,68,67,141,2.9,1019,623.8965517241379,1809.3
SOOP,태영♥,97,87,69,130,3.6,746,606.1388888888889,2182.1
SOOP,블랙워크,97.2,62,80,132,4.4,1098,494.47727272727275,2175.7
SOOP,하루묭.,97.6,128,121,59,28.1,455,242.8896797153025,6825.2
치지직,남봉,99,79,64,144,2.8,897,634.5,1776.6
SOOP,우리밍_,99.6,142,122,56,30.4,375,242.6546052631579,7376.7
치지직,비올레타 모네,100.2,77,60,152,2.5,900,680.16,1700.4
SOOP,혜응이_,100.6,97,129,74,22.7,621,229.81057268722466,5216.7
SOOP,나나문,101.2,124,116,75,19.7,490,259.8781725888325,5119.6
SOOP,견자희,103,157,119,60,26.2,311,245.8854961832061,6442.2
SOOP,쥐돌이쥐돌이,103,49,144,89,18.8,1501,205.74468085106383,3868
SOOP,배그나,104,76,56,166,2.1,913,723.6666666666666,1519.7
SOOP,악어∀,104.2,67,79,148,3.5,1021,494.8,1731.8
SOOP,뮤즈_MUSE,104.4,118,137,65,27.4,523,221.67153284671534,6073.8
SOOP,김진솔,104.8,112,153,53,43.4,543,193.56451612903226,8400.7
치지직,바이올렛잇고,105.2,126,99,101,9.6,458,340.3645833333333,3267.5
치지직,짜누1,105.6,126,132,69,25.5,458,225.78823529411764,5757.6
SOOP,빙밍_,107.2,132,123,79,19.2,420,241.703125,4640.7
SOOP,마다옴_,109,101,142,80,21.5,612,210.34883720930233,4522.5
SOOP,진성준짱,111.4,153,145,57,34,325,204.02058823529413,6936.7
SOOP,천양,112.4,78,54,188,1.5,898,766.8,1150.2
치지직,눈꽃,113.6,106,139,92,17.6,570,215.33522727272728,3789.9
치지직,아야 AYA,113.6,82,124,119,10.6,806,240.91509433962264,2553.7
SOOP,유설아♡,114.6,121,109,117,9.3,500,283.9139784946237,2640.4
치지직,꽃핀,118,106,100,142,5.4,570,332.94444444444446,1797.9
치지직,볼가지 bug,118,150,150,70,28,330,198.24642857142857,5550.9
SOOP,마로니!,118.2,143,112,112,9.9,368,278.92929292929296,2761.4
SOOP,데스해머쵸로,118.4,92,95,155,4.6,677,358.19565217391306,1647.7
SOOP,꿀탱탱,118.6,131,168,63,38.3,425,162.32114882506528,6216.9
SOOP,깡담비,119.4,123,170,67,37.9,493,157.96306068601584,5986.8
SOOP,라로시_,120.6,115,140,104,14.3,535,212.74125874125875,3042.2
치지직,에땁01,120.6,149,159,68,34.2,332,173.87426900584796,5946.5
SOOP,하나나,123,115,163,87,23.6,535,167.64406779661016,3956.4
SOOP,빵지니♥,125.2,120,120,133,8.9,513,243.8426966292135,2170.2
치지직,멋사,126,88,82,189,2.4,731,476.875,1144.5
치지직,방찌,127,75,73,207,1.8,926,553.2222222222222,995.8
SOOP,서나앙,128.6,83,187,93,30.7,801,123.20521172638436,3782.4
치지직,일루전입니다,129.6,108,165,105,18.1,567,165.59668508287294,2997.3
SOOP,초롱CH0R0NG,130.4,166,141,102,15.4,282,210.47402597402598,3241.3
SOOP,유시에,131.2,140,192,66,51.2,392,117.166015625,5998.9
SOOP,남수댕,131.8,139,161,99,19.2,394,173.65625,3334.2
치지직,해마티엘,132,108,148,128,11.6,567,199.49137931034483,2314.1
SOOP,리타∀,134.4,104,127,157,6.9,581,234.7391304347826,1619.7
SOOP,구루미:9,134.4,112,167,113,16.8,543,162.61309523809524,2731.9
치지직,윤산삼,135.4,183,162,85,23.8,246,172.22268907563026,4098.9
SOOP,사과몽,137,141,188,84,33.4,387,122.83532934131736,4102.7
SOOP,히댕,137.8,81,134,170,6.6,817,224.8181818181818,1483.8
SOOP,박나닝,138,162,158,106,16.8,296,176.3154761904762,2962.1
치지직,shu1,139.2,132,101,181,3.8,420,327.13157894736844,1243.1
SOOP,햇비,139.6,86,59,247,1.1,750,693.0909090909091,762.4
치지직,이로나묭 치카,140.4,130,93,193,3,430,365.93333333333334,1097.8
치지직,Akaros83,140.4,164,135,134,9.7,286,223.10309278350516,2164.1
치지직,쿠레나이 나츠키,144.6,125,88,211,2.4,479,399.5833333333333,959
SOOP,상어녀,144.8,160,156,126,12.8,302,186.078125,2381.8
치지직,선데이1,148.2,137,171,131,14,399,155.80714285714285,2181.3
SOOP,가습기,149.2,138,98,206,2.9,395,346.7931034482759,1005.7
SOOP,쿠우♪,149.6,146,114,187,4.4,361,263.45454545454544,1159.2
SOOP,떵규_,149.8,151,190,109,23.9,329,119.65271966527196,2859.7
SOOP,문모모,158.8,158,180,138,14,305,145.18571428571428,2032.6
치지직,새 담,160.6,193,208,97,34.4,220,101.55813953488372,3493.6
SOOP,모카:b,160.6,161,143,178,6.3,301,207.28571428571428,1305.9
SOOP,stalk3row,161.4,171,154,164,7.9,272,193.15189873417722,1525.9
치지직,큐베 CuVee,164.2,105,84,274,1.4,571,458.64285714285717,642.1
SOOP,홍현성.,164.2,197,205,107,28.3,208,103.42756183745583,2927
SOOP,도맑음,168.6,199,176,146,11.9,200,147.3109243697479,1753
치지직,청묘,171.4,129,125,239,3.4,451,235.23529411764707,799.8
SOOP,라무,172.6,213,198,127,21.3,181,110.12206572769954,2345.6
치지직,김덕만 KDM,176.2,179,178,173,9.9,251,145.9090909090909,1444.5
SOOP,또오냥♥,176.8,178,206,147,16.9,257,103.2189349112426,1744.4
치지직,주루,179.6,176,238,123,28.8,262,84.58680555555556,2436.1
SOOP,빅토리~!,179.8,165,149,218,4.6,284,198.7173913043478,914.1
치지직,세노 SEN5,180.2,205,169,179,7.9,194,160.13924050632912,1265.1
치지직,위구리,180.4,136,102,281,1.9,400,318.3157894736842,604.8
SOOP,김규태,181.6,184,244,118,32,241,81.071875,2594.3
SOOP,안예슬띠,183,145,103,282,1.9,367,313.4736842105263,595.6
SOOP,딴딴2당,184.6,151,272,114,39.2,329,69.06377551020408,2707.3
치지직,내가미라지,184.8,206,194,165,13.4,192,113.81343283582089,1525.1
치지직,권세이,186,242,224,120,26.3,139,95.07604562737643,2500.5
치지직,나무늘보OW,186.8,220,236,121,28,163,88.43571428571428,2476.2
치지직,유후의피아노래,186.8,180,164,213,5.6,250,167.14285714285714,936
치지직,한스토리,187.2,134,248,153,21,409,79.14761904761905,1662.1
치지직,쪼낙,188.2,147,128,269,2.8,352,232.60714285714286,651.3
SOOP,임밍지,189,175,203,182,11.6,263,106.08620689655173,1230.6
SOOP,안산저격수,189.8,143,242,161,18.8,368,83.69148936170212,1573.4
치지직,삐라입니다,193.2,234,207,159,15.8,146,101.82911392405063,1608.9
치지직,디엠이무니다,194,218,231,145,19.4,168,90.94845360824742,1764.4
치지직,용봉탕,194,236,230,137,22.3,145,91.62780269058295,2043.3
SOOP,윤이샘,194.2,171,133,267,2.9,272,225,652.5
치지직,펠리칸인디용,194.6,221,209,167,14.8,162,101.52702702702703,1502.6
SOOP,김레인♥,194.6,159,256,151,22.7,304,75.37885462555066,1711.1
SOOP,목츄리,194.8,188,257,136,27.9,238,74.51612903225806,2079
SOOP,기래민,195.6,196,179,212,6.5,213,145.8153846153846,947.8
치지직,치요우,196,224,222,156,16.9,160,96.44378698224853,1629.9
SOOP,김순지,196.6,195,185,209,7.6,214,128.82894736842104,979.1
치지직,Bernar,198.6,155,147,272,3.2,322,200.9375,643
치지직,미하루 Miharu,199.6,148,104,321,1.6,338,297.75,476.4
치지직,김동학,201.8,213,199,199,9.6,181,109.33333333333333,1049.6
SOOP,HyuN.고석현,201.8,207,218,183,12.5,191,97.712,1221.4
SOOP,aidragon,202,242,210,174,14.2,139,101.4225352112676,1440.2
SOOP,낭니♥,204.6,209,181,226,6,188,143.71666666666667,862.3
SOOP,오리-3-,205,191,174,243,5.3,235,148.69811320754718,788.1
SOOP,하두링,205.4,211,172,236,5.2,184,155.3846153846154,808
치지직,댕 균,205.6,192,183,235,6.1,224,134.29508196721312,819.2
SOOP,김세노,207.2,170,146,287,2.9,273,202,585.8
SOOP,슬돌이,207.6,184,152,275,3.3,241,194.27272727272728,641.1
SOOP,냥냥두둥,208.8,258,243,150,21,119,82.27142857142857,1727.7
SOOP,립LIP,211,219,186,232,6.7,167,124.70149253731343,835.5
치지직,아이치,211.6,190,212,222,8.9,236,100.33707865168539,893
SOOP,빡준빈,213,199,160,273,3.7,200,173.75675675675674,642.9
SOOP,하리미★ミ,214,98,68,418,0.5,620,614.8,307.4
SOOP,데이드림,214.4,236,220,198,10.9,145,96.70642201834862,1054.1
SOOP,모요,214.8,250,237,175,15.3,132,87.49673202614379,1338.7
SOOP,걸뽀★,218,188,155,296,3,238,188.86666666666667,566.6
치지직,쿨 쿨 이,219.2,246,271,154,23.9,136,69.06694560669456,1650.7
SOOP,아뚱.,219.4,171,260,203,13.8,272,73.97101449275362,1020.8
SOOP,비숑b,221.6,230,270,169,21.5,151,69.79069767441861,1500.5
치지직,텐플라스텐 텐텐,225.6,232,200,248,6.9,150,109.1304347826087,753
치지직,Proud,226,224,204,249,7,160,106,742
치지직,루 다,226.2,169,130,351,1.8,274,228.5,411.3
SOOP,김야미♥,226.4,102,286,229,13.6,609,62.830882352941174,854.5
SOOP,연치민,226.6,187,265,208,14,239,71.09285714285714,995.3
치지직,사야플,228,240,274,176,19.9,140,67.23115577889448,1337.9
SOOP,이스타추멘!,228,208,211,255,7.1,190,100.5774647887324,714.1
SOOP,유키라,232.6,119,83,439,0.6,515,466.8333333333333,280.1
치지직,텝텝,233.6,252,234,224,9.7,129,89.68041237113403,869.9
SOOP,사내.박재박,234.8,168,175,328,3.1,279,147.8709677419355,458.4
SOOP,♡소유나♡,235.6,254,235,227,9.7,126,88.65979381443299,860
치지직,도로시 dorothy,237,229,193,285,5.1,152,115.86274509803921,590.9
SOOP,정다니,237.8,267,318,143,35.9,113,49.860724233983284,1790
SOOP,새라새라♥,238,212,184,305,4,183,129.125,516.5
SOOP,디엠이무니다,240.8,222,331,160,33.8,161,46.967455621301774,1587.5
SOOP,히츠메,240.8,216,289,205,16.4,170,61.823170731707314,1013.9
치지직,아론페이지,244.4,232,191,304,4.4,150,118.18181818181819,520
치지직,제이큐브 JCUBE,246.8,280,306,171,26.8,101,55.08955223880597,1476.4
치지직,근모닝,247.2,264,300,186,20.7,115,57.58454106280193,1192
SOOP,옥맨,248,202,173,346,2.8,198,150.46428571428572,421.3
SOOP,장지수,249.2,210,166,352,2.5,185,163.84,409.6
SOOP,oPuTo,249.2,342,303,149,30.9,75,55.919093851132686,1727.9
치지직,후추,252.4,224,217,302,5.5,160,98.49090909090908,541.7
SOOP,홍타쿠!,254,228,182,339,3.1,153,139.58064516129033,432.7
치지직,플 레 타,255.8,217,216,315,4.9,169,98.57142857142857,483
SOOP,모리_,256,198,196,345,3.8,205,110.92105263157895,421.5
SOOP,마냥_,256.4,222,177,353,2.8,161,146,408.8
치지직,자몽뀨1,256.8,244,232,288,6.5,138,90.0923076923077,585.6
치지직,쾅준,256.8,182,136,415,1.4,247,222,310.8
SOOP,김웰로,258.2,299,279,217,13.9,93,65.82014388489209,914.9
SOOP,미로。,259.6,244,227,300,5.8,138,93.84482758620689,544.3
SOOP,토끼예나,259.8,201,157,392,1.9,199,177.42105263157896,337.1
치지직,멜랴,261.8,261,266,258,10,118,70.64,706.4
SOOP,춘봉_,263.6,314,310,192,20.4,87,53.90686274509804,1099.7
SOOP,나무늘봉순,264.6,167,117,461,1,280,258.6,258.6
치지직,이무지,264.8,174,151,424,1.5,269,197.86666666666667,296.8
SOOP,쪼이.,268.4,274,282,252,11.2,105,64.59821428571429,723.5
SOOP,하루비_,269.2,274,268,268,9.3,105,70.13978494623656,652.3
SOOP,〃라미〃,271.2,248,251,303,6.7,135,78.40298507462687,525.3
치지직,Uann 유안,271.6,272,348,195,25.4,106,43.05511811023622,1093.6
SOOP,김쁘피,272.2,293,313,221,17.2,95,52.604651162790695,904.8
SOOP,채윤아,272.4,264,364,185,30.1,115,39.857142857142854,1199.7
SOOP,누눙지,274.6,163,131,474,1.1,291,226,248.6
SOOP,김대휘,274.8,290,291,251,11.9,96,60.80672268907563,723.6
SOOP,미라지720,277,215,322,263,13.5,178,49.333333333333336,666
SOOP,효짱♥,277.6,280,241,313,5.8,101,84.05172413793103,487.5
SOOP,달묘_,278,304,287,256,11.4,90,62.421052631578945,711.6
SOOP,니코♡,278.8,194,229,371,4,218,92.65,370.6
SOOP,욱하는형,281.6,184,371,241,21,241,37.82380952380952,794.3
치지직,Sley,284.4,320,321,230,17,84,49.37647058823529,839.4
SOOP,로기다,284.4,238,214,378,3.6,144,98.83333333333333,355.8
치지직,슈이입니다,285.6,276,316,260,13.3,102,50.5187969924812,671.9
SOOP,곽춘식,285.6,332,352,196,25.9,78,41.884169884169886,1084.8
치지직,Kaiser카이저,285.8,285,362,210,24,99,40.025,960.6
SOOP,링고._.,287,269,264,319,6.7,108,71.32835820895522,477.9
SOOP,류키∀,289,253,273,323,6.9,127,68.57971014492753,473.2
치지직,헤이 heyy,294.4,378,370,177,34.3,61,38.57142857142857,1323
치지직,쏭이,294.8,280,374,223,23.6,101,36.91101694915254,871.1
SOOP,김하선,295.6,300,343,246,17.3,92,44.25433526011561,765.6
SOOP,호진LEE,296.8,272,240,366,4.5,106,84.06666666666666,378.3
치지직,체크메이트입니다,297,261,276,336,6.5,118,67.12307692307692,436.3
SOOP,거대별,298.4,256,245,373,4.6,120,80.30434782608695,369.4
SOOP,란쵸_,298.6,269,396,216,28.2,108,32.826241134751776,925.7
치지직,감수,299.6,320,387,202,29.7,84,34.42087542087542,1022.3
치지직,야켓,299.8,357,409,162,49.4,68,31.242914979757085,1543.4
치지직,레비얀 Leviyan,300,258,246,375,4.6,119,80.1086956521739,368.5
SOOP,한아밍,300.6,249,330,297,11.9,133,47.04201680672269,559.8
치지직,김정민 해변킴,300.8,234,336,299,11.9,146,45.857142857142854,545.7
SOOP,진호.,300.8,338,383,200,30.1,76,34.76079734219269,1046.3
치지직,땅컹이ㅋ,303.6,332,339,254,15.7,78,45.496815286624205,714.3
SOOP,야무지♪,307.8,345,326,271,13.4,73,48.19402985074627,645.8
SOOP,하디아_,308.8,156,105,589,0.6,313,293.6666666666667,176.2
SOOP,구보라,310.2,319,284,332,7.1,85,63.36619718309859,449.9
치지직,냐 미 Nyami,312.2,263,228,421,3.2,116,93.5,299.2
SOOP,치요∀,312.6,271,223,423,3.1,107,95.96774193548387,297.5
치지직,ㅇ연이ㅇ,313.2,154,108,598,0.6,324,288,172.8
치지직,하예솜,314,406,410,172,46.7,53,31.07066381156317,1451
SOOP,한비。,317.6,398,376,219,25,55,36.532,913.3
SOOP,현단아v,318,378,349,257,16.6,61,42.80120481927711,710.5
치지직,따람지,319.2,356,319,301,10.9,69,49.77064220183486,542.5
SOOP,연보라♥,319.6,324,359,278,15.4,81,40.22077922077922,619.4
치지직,네이키드 naked,322,332,280,359,6,78,65.61666666666666,393.7
SOOP,늑대채린,322.4,266,213,460,2.6,114,100,260
SOOP,힌콕,323.6,288,239,426,3.5,97,84.51428571428572,295.8
치지직,해나 Haena,325.8,251,290,399,5.4,130,61.2962962962963,331
치지직,HANBIN02,327.6,230,214,490,2.4,151,98.83333333333333,237.2
SOOP,딩굴♡,327.8,327,392,264,19.8,80,33.282828282828284,659
SOOP,뽀끔o3o,328.4,384,415,214,30.7,59,30.439739413680783,934.5
치지직,은뿌,331.4,239,197,512,2,141,110.3,220.6
SOOP,숩니찡,333,395,445,190,39.9,56,28.203007518796994,1125.3
SOOP,공태연,341.2,304,296,405,5.5,90,58.236363636363635,320.3
치지직,Lup1ne,342.4,348,481,201,39.6,72,25.883838383838384,1025
치지직,숀쟝,342.6,327,333,360,8.4,80,46.36904761904762,389.5
치지직,콩콩,343.2,290,299,414,5.4,96,57.74074074074074,311.8
SOOP,유후피아노래,344.6,363,297,383,6,66,58.2,349.2
SOOP,샤르망,344.8,288,281,437,4.3,97,65.25581395348837,280.6
치지직,Mer1t,345,285,293,427,5,99,59.14,295.7
치지직,한나금,345.2,368,437,242,27.6,65,28.619565217391305,789.9
SOOP,서한결,346,398,526,140,81.9,55,23.11965811965812,1893.5
치지직,미도미도 마요,346.8,310,254,458,3.4,88,77.1470588235294,262.3
SOOP,김병살,346.8,352,302,389,6.1,70,56.26229508196721,343.2
SOOP,최은뽀1,347.8,227,294,462,4.4,159,58.54545454545455,257.6
SOOP,최세상,348.6,287,337,391,7.4,98,45.810810810810814,339
SOOP,나옹이빵,348.8,432,390,266,19.5,48,33.48717948717949,653
SOOP,카히리,350,300,338,387,7.6,92,45.63157894736842,346.8
치지직,와팬,350.2,317,332,385,7.5,86,46.373333333333335,347.8
SOOP,미현영♡,351,363,315,381,7,66,50.75714285714286,355.3
SOOP,온네님,351.6,280,233,506,2.5,101,89.84,224.6
SOOP,viperdemon,352,324,341,377,8.1,81,44.74074074074074,362.4
치지직,전게,352.2,423,465,204,38.1,50,26.77690288713911,1020.2
SOOP,우냥v,352.4,408,446,231,29.9,52,28.070234113712374,839.3
SOOP,아칸_,352.4,290,428,308,17.4,96,29.229885057471265,508.6
SOOP,owesportsjp,354,402,451,233,29.9,54,27.812709030100333,831.6
치지직,초깨비,354.8,374,351,349,9.8,64,42.3469387755102,415
SOOP,돌애정,356.4,342,411,309,16.5,75,30.763636363636362,507.6
SOOP,백송_,356.6,391,434,262,23.3,57,28.751072961373392,669.9
SOOP,린링,357.4,345,483,238,31.1,73,25.726688102893892,800.1
치지직,WhoRU01,358,310,288,452,4.3,88,62.13953488372093,267.2
치지직,이복만,358.8,442,456,220,33,46,27.451515151515153,905.9
SOOP,아이코_,359.4,293,432,320,16.5,95,28.915151515151514,477.1
SOOP,잼율이,361,359,335,388,7.5,67,45.88,344.1
SOOP,임하밍,365.6,310,255,504,3,88,75.53333333333333,226.6
치지직,판누,367.4,423,463,244,29.3,50,26.87372013651877,787.4
SOOP,호미밍,369.2,442,384,318,13.8,46,34.67391304347826,478.5
SOOP,설설설=333,370.2,357,556,191,52,68,21.35,1110.2
SOOP,코코양,372.6,387,375,363,10.3,58,36.86407766990291,379.7
치지직,이쿠롬,373.6,368,305,445,5,65,55.32,276.6
치지직,무화 Moohwa,373.8,395,569,168,72.1,56,20.83356449375867,1502.1
SOOP,손승아_♥,374,338,354,412,7.6,76,41.30263157894737,313.9
SOOP,햄쏘따,374.8,448,391,322,14.2,45,33.36619718309859,473.8
SOOP,류헤나,375.2,486,419,276,20.9,40,30.291866028708135,633.1
SOOP,김배키이,376.2,381,325,425,6.1,60,48.59016393442623,296.4
SOOP,차쯔키,378,246,189,633,1.3,136,119.84615384615384,155.8
SOOP,쿠아♪,379,177,429,430,9.8,261,29.183673469387756,286
SOOP,꼬부기07.,379.4,203,447,400,11.8,196,28.008474576271187,330.5
치지직,해옥 HAEOK,381.8,467,394,327,14,42,32.9,460.6
치지직,말카디아,382.4,314,361,438,7,87,40.05714285714286,280.4
SOOP,김군,385.8,345,438,354,14.3,73,28.447552447552447,406.8
SOOP,반히._.,386.6,517,493,215,37.3,37,25.021447721179623,933.3
치지직,은가비v,388.2,293,405,419,9.4,95,32.202127659574465,302.7
SOOP,애디_,388.4,324,320,489,4.8,81,49.604166666666664,238.1
치지직,쫑 민,391,467,461,283,22,42,26.918181818181818,592.2
SOOP,후룽카카,393,497,484,250,28.7,39,25.714285714285715,738
치지직,서벌캣 례이,393.2,376,393,402,9.9,63,33.14141414141414,328.1
SOOP,이지수^^*,394,428,404,367,11.6,49,32.241379310344826,374
치지직,제에스트,395.6,300,269,570,2.7,92,69.81481481481481,188.5
SOOP,도화εз,396.8,456,407,357,12.4,44,32.16129032258065,398.8
SOOP,김무무,397.2,448,575,194,53.5,45,20.44299065420561,1093.7
SOOP,버드_♥,398,368,312,499,4.3,65,53.06976744186046,228.2
SOOP,손유진,399.8,297,252,599,2.2,94,78.36363636363636,172.4
SOOP,고채린,400,408,467,329,17.2,52,26.569767441860463,457
SOOP,란란_,400,256,201,671,1.3,120,108,140.4
SOOP,찌미♥,402.6,467,593,180,64.2,42,19.473520249221185,1250.2
SOOP,바먀,403.2,384,478,338,16.7,59,25.952095808383234,433.4
SOOP,이루희,404.4,276,356,517,5.3,102,41.132075471698116,218
SOOP,김옥독,404.8,448,476,312,18.8,45,26,488.8
SOOP,바름이ϐ,406,408,558,253,33.8,52,21.189349112426036,716.2
치지직,도이입니다,406.4,402,482,333,17.3,54,25.77456647398844,445.9
치지직,유제이와 고양이,409.6,408,550,270,30.1,52,21.514950166112957,647.6
SOOP,송소미!,410.8,352,324,527,4.3,70,48.83720930232558,210
치지직,낭지킴,411,419,471,347,16,51,26.21875,419.5
치지직,옵쪽이,411.4,477,563,227,40.8,41,21.07843137254902,860
치지직,벨로스레아,411.6,408,494,331,18.1,52,24.950276243093924,451.6
치지직,게구리,412.2,303,263,616,2.3,91,71.43478260869566,164.3
치지직,기령,415.2,368,317,537,4.1,65,50.31707317073171,206.3
SOOP,성하늘,416,432,529,295,25,48,22.832,570.8
치지직,나나링 Nanaring,416.8,368,311,547,3.8,65,53.1578947368421,202
SOOP,#일어나,417,317,298,586,3.1,86,57.774193548387096,179.1
SOOP,이투__,418.4,448,372,450,7.1,45,37.74647887323944,268
SOOP,이릴_,421,497,513,291,24.3,39,23.995884773662553,583.1
치지직,머라냥 I Meolanyang,421.2,276,625,290,32.1,102,18.177570093457945,583.5
치지직,smurf5,422.2,419,406,440,8.7,51,32.172413793103445,279.9
SOOP,지한이또,423.2,352,386,496,6.7,70,34.56716417910448,231.6
치지직,샘물남,423.4,461,498,330,18.4,43,24.76086956521739,455.6
치지직,김피엔,425,363,342,539,4.6,66,44.54347826086956,204.9
SOOP,다뮤_,426,456,408,429,9.2,44,31.358695652173914,288.5
SOOP,Patiizz,428.4,240,219,732,1.2,140,97.33333333333333,116.8
치지직,owheesung,428.8,402,430,441,9.6,54,29.145833333333332,279.8
SOOP,섄디한,429,181,399,583,5.6,249,32.44642857142857,181.7
치지직,먀 리린,429,309,250,668,1.8,89,78.72222222222223,141.7
SOOP,냥쏘,430.8,486,385,449,7.8,40,34.62820512820513,270.1
SOOP,이깨굴,431.2,442,564,293,27.5,46,21.029090909090908,578.3
SOOP,앨리스얌,431.8,203,226,752,1.2,196,94,112.8
SOOP,뽀꿈_,431.8,461,523,326,19.9,43,23.165829145728644,461
치지직,마카04,433.2,432,488,379,14.1,48,25.22695035460993,355.7
치지직,GgulTaek,434,330,345,575,4.2,79,43.857142857142854,184.2
치지직,김민재05,434,348,307,604,3.1,72,54.774193548387096,169.8
SOOP,기찬하,434.2,381,329,566,4,60,47.325,189.3
SOOP,마우낭,435,419,589,289,29.7,51,19.64983164983165,583.6
치지직,프로펫 Prophet,435.2,408,414,470,8.2,52,30.48780487804878,250
SOOP,김나오!,437.4,391,398,500,7,57,32.58571428571429,228.1
SOOP,호발☆,437.6,338,308,617,3,76,54.733333333333334,164.2
SOOP,또야몽,439.4,595,490,311,19.6,30,25.163265306122447,493.2
치지직,히레 hire,442,504,519,334,18.8,38,23.43617021276596,440.6
SOOP,맛지!,442,408,381,520,6,52,35.75,214.5
SOOP,깅미잉,442.8,546,540,294,26,34,22.05,573.3
SOOP,김뱅글:Þ,443.4,327,608,337,22.9,80,19.017467248908297,435.5
SOOP,똘복!,444.6,529,555,292,27.1,36,21.357933579335793,578.8
치지직,햇밤식,446.2,441,492,403,12.9,47,25.046511627906977,323.1
SOOP,개리∀,446.4,448,413,479,8,45,30.5875,244.7
치지직,메메s,446.4,536,623,225,47.6,35,18.24579831932773,868.5
SOOP,아눙,447.2,374,590,341,21.8,64,19.646788990825687,428.3
치지직,다 비,448.6,297,247,726,1.5,94,79.86666666666666,119.8
치지직,감정적으로겜함,448.6,359,379,563,5.3,67,35.924528301886795,190.4
치지직,빅박스,451,359,368,580,4.7,67,39,183.3
치지직,로쥬마리,453,517,426,448,9.2,37,29.402173913043477,270.5
SOOP,손진석.,453,461,586,316,24.4,43,19.778688524590162,482.6
SOOP,연솔,454.2,497,444,443,9.8,39,28.244897959183675,276.8
치지직,하얘1,455.6,314,285,697,2.1,87,63.142857142857146,132.6
SOOP,새잎,456.4,442,453,467,9.2,46,27.66304347826087,254.5
치지직,문창식,456.4,442,580,340,21.3,46,20.131455399061032,428.8
SOOP,성장,457,387,455,494,8.5,58,27.51764705882353,233.9
치지직,킴쿼카,459.6,432,798,135,161.8,48,13.07478368355995,2115.5
SOOP,청링고,459.6,568,567,298,26.4,32,20.958333333333332,553.3
치지직,시메빈,459.8,377,347,614,3.8,62,43.28947368421053,164.5
치지직,플라이96,461.4,293,262,745,1.6,95,71.5,114.4
SOOP,세이지.,462.4,486,380,533,5.8,40,35.775862068965516,207.5
치지직,화이트fps,464.4,504,584,325,23.7,38,19.924050632911392,472.2
SOOP,차투리,464.6,517,421,482,8.1,37,30.11111111111111,243.9
SOOP,초아♬,465.2,546,573,317,23.1,34,20.73160173160173,478.9
SOOP,단수아,466.2,477,464,463,9.6,41,26.822916666666668,257.5
치지직,마무 Mamuu,467.6,378,328,652,3.1,61,47.74193548387097,148
SOOP,싸패!,467.8,423,615,343,22.7,50,18.819383259911895,427.2
SOOP,카코_,469.2,546,466,434,10.6,34,26.57547169811321,281.7
치지직,광살탄,470,536,565,342,20.4,35,20.980392156862745,428
치지직,예나츄,472.2,467,597,350,21.3,42,19.36150234741784,412.4
치지직,AKA 아카,472.8,398,786,197,80.3,55,13.325031133250311,1070
SOOP,삐삐♪,474.8,330,674,348,25.4,79,16.3503937007874,415.3
치지직,훈톨이,475.2,622,643,234,47.5,28,17.298947368421054,821.7
SOOP,히누히누,476.8,352,295,721,2.1,70,58.42857142857143,122.7
치지직,중괄호,479.2,344,301,725,2.1,74,57.38095238095238,120.5
SOOP,푸마고치,481.8,363,346,677,3.2,66,43.5,139.2
SOOP,×야뿌×,482.2,529,551,390,15.8,36,21.5,339.7
SOOP,슘,483.6,546,468,468,9.5,34,26.557894736842105,252.3
치지직,엄덕구1,484.8,560,548,384,16.1,33,21.645962732919255,348.5
SOOP,낑토순,489.2,536,560,395,15.8,35,21.158227848101266,334.3
SOOP,밀크티냠,490,442,373,631,4.2,46,37.523809523809526,157.6
SOOP,푸닝,490.8,310,626,446,15.2,88,18.105263157894736,275.2
SOOP,수셈이,491,529,527,436,12.2,36,23.024590163934427,280.9
SOOP,쟈닌!,493.4,255,275,831,1.4,125,67.21428571428571,94.1
SOOP,리엘*,494,546,499,463,10.4,34,24.759615384615383,257.5
SOOP,냥수디,494.4,432,358,662,3.5,48,40.82857142857143,142.9
SOOP,찰리씨,496.6,381,367,684,3.5,60,39.02857142857143,136.6
SOOP,시즈애,496.8,568,576,382,17.2,32,20.41860465116279,351.2
SOOP,홍길순,498.4,504,402,592,5.4,38,32.333333333333336,174.6
SOOP,뚜닝,499.8,595,578,374,18.2,30,20.26923076923077,368.9
SOOP,다시바,499.8,395,340,712,2.8,56,44.92857142857143,125.8
치지직,이수민05,501,529,546,442,12.8,36,21.7734375,278.7
SOOP,큐티섹시♪,504.2,595,554,409,14.7,30,21.39455782312925,314.5
SOOP,네링_,505.2,504,435,576,6.4,38,28.75,184
치지직,TTia 띠아,506.4,504,679,335,27.3,38,16.102564102564102,439.6
SOOP,김세아,506.6,517,497,511,8.9,37,24.831460674157302,221
SOOP,상득,507,477,528,501,9.9,41,22.96969696969697,227.4
치지직,TaeJong2,507.4,477,514,516,9.2,41,23.83695652173913,219.3
SOOP,구본좌,507.4,579,734,245,53.2,31,14.488721804511279,770.8
치지직,계연화,507.6,408,668,397,20.2,52,16.514851485148515,333.6
치지직,나나는못말려,508,622,698,261,42.8,28,15.679906542056075,671.1
SOOP,코태,509.8,595,474,503,8.7,30,26.091954022988507,227
SOOP,호냥2,510,568,538,453,12,32,22.241666666666667,266.9
치지직,얌록,510,560,758,237,57.4,33,14.02787456445993,805.2
SOOP,수수한세리,510.4,408,470,602,6.5,52,26.307692307692307,171
SOOP,주드,511.4,461,686,362,23.8,43,15.978991596638656,380.3
SOOP,하티하티,512,486,457,580,6.7,40,27.35820895522388,183.3
치지직,빛나람 starnaram,513,477,412,632,5.1,41,30.725490196078432,156.7
치지직,두뭉,513.2,304,261,870,1.2,90,71.58333333333333,85.9
SOOP,얀시로,514,560,450,555,7,33,27.82857142857143,194.8
치지직,선준,515.4,387,360,735,2.9,58,40.13793103448276,116.4
SOOP,heiser72,516,428,425,651,5,49,29.68,148.4
SOOP,나몽♥,518.8,560,544,473,11.4,33,21.82456140350877,248.8
SOOP,비현_Vhyun,520.4,568,495,522,8.6,32,24.837209302325583,213.6
SOOP,시냐비,520.6,605,491,508,8.9,29,25.078651685393258,223.2
SOOP,하이요,520.8,258,195,978,0.6,119,112.66666666666667,67.6
치지직,유네네 Yunene,521.2,304,259,892,1.1,90,74.18181818181819,81.6
치지직,쪼뭉,522.6,579,637,380,20.3,31,17.517241379310345,355.6
SOOP,요요에요∀,522.8,406,344,760,2.5,53,44.2,110.5
치지직,욤미 Yommi,523.6,504,517,540,8.7,38,23.517241379310345,204.6
SOOP,해파린~,523.8,605,542,465,11.7,29,21.931623931623932,256.6
SOOP,하츠☆,523.8,605,606,401,17.3,29,19.057803468208093,329.7
SOOP,유혜미♥,526.6,323,249,906,1,82,79,79
SOOP,설레지히,529.2,692,793,184,91.7,24,13.225736095965104,1212.8
SOOP,현주♥,530.2,715,662,306,30.5,23,16.76065573770492,511.2
치지직,Ares 아레스,530.8,368,506,637,6.3,65,24.396825396825395,153.7
SOOP,문콩_,531.4,595,486,545,8,30,25.3125,202.5
SOOP,치유+,532.8,536,670,394,20.4,35,16.426470588235293,335.1
SOOP,삐요코,534,428,353,768,2.6,49,41.65384615384615,108.3
SOOP,김막댕,537.4,673,596,411,16.2,25,19.382716049382715,314
SOOP,히마리♥,537.4,673,639,368,21.3,25,17.474178403755868,372.2
치지직,I최맑음I,538,408,827,314,39,52,12.4,483.6
SOOP,오조은,538,332,278,901,1.2,78,66.33333333333333,79.6
SOOP,만조,539.2,692,641,361,21.9,24,17.410958904109588,381.3
SOOP,루센_,539.4,579,588,471,12.7,31,19.661417322834644,249.7
SOOP,보리담,540.2,497,417,685,4.5,39,30.333333333333332,136.5
SOOP,더빙레이디♥,540.8,486,389,720,3.6,40,34.19444444444444,123.1
치지직,인지상지형,540.8,546,601,478,12.8,34,19.21875,246
치지직,난선미,541,477,738,376,25.4,41,14.440944881889763,366.8
치지직,기므동그,541.4,391,323,835,1.9,57,49.21052631578947,93.5
치지직,배빛,541.6,654,762,265,47.2,26,13.896186440677965,655.9
SOOP,꿀혜,544.2,497,489,623,6.4,39,25.171875,161.1
SOOP,재닌,545,517,422,682,4.6,37,29.847826086956523,137.3
SOOP,딸기슈몽이♡,546.4,622,776,279,45.5,28,13.547252747252747,616.4
SOOP,우히,546.8,692,711,310,32.9,24,15.337386018237082,504.6
SOOP,어쩜냥이,547.6,432,660,493,14,48,16.84285714285714,235.8
SOOP,도라임,551,795,721,259,45.1,20,15.106430155210642,681.3
SOOP,쥬멩이,553.6,546,503,608,6.8,34,24.58823529411765,167.2
SOOP,금시키,557.8,673,781,277,46.6,25,13.407725321888412,624.8
치지직,SEjFiNN,559,423,543,643,6.9,50,21.89855072463768,151.1
SOOP,호진맨,559,595,533,567,8.4,30,22.511904761904763,189.1
치지직,rus1,560.2,517,650,492,13.8,37,17.094202898550726,235.9
SOOP,뿌리.,560.2,467,502,665,5.8,42,24.603448275862068,142.7
SOOP,볼가지,561.2,692,685,372,23.1,24,16.01298701298701,369.9
SOOP,김혀니,563.6,692,647,416,18.1,24,17.132596685082873,310.1
SOOP,헤다ㆍ,566,568,574,557,9.4,32,20.680851063829788,194.4
SOOP,루디딕,566.6,579,530,597,7.6,31,22.789473684210527,173.2
SOOP,푸릉_,567,605,646,469,14.7,29,17.142857142857142,252
SOOP,판다율,567.4,605,832,284,48.1,29,12.293139293139292,591.3
SOOP,히요코,570.4,276,221,1067,0.6,102,96.66666666666667,58
SOOP,고미호♡,573.8,579,524,621,7,31,23.142857142857142,162
SOOP,하밍,576.4,546,740,428,20.4,34,14.42156862745098,294.2
SOOP,기나,578.6,579,508,649,6.2,31,24.193548387096776,150
치지직,워터빈,579,497,612,587,9.4,39,18.97872340425532,178.4
치지직,윤니,580.2,517,582,610,8.3,37,20.072289156626507,166.6
SOOP,화양씨,583.2,432,423,819,3.3,48,29.757575757575758,98.2
SOOP,찬이,584.2,605,562,596,8.2,29,21.146341463414632,173.4
SOOP,망야_,585.8,363,292,991,1.1,66,60.36363636363637,66.4
SOOP,백원이야,585.8,391,334,935,1.6,57,46.125,73.8
SOOP,김마늘∀,586.4,402,314,951,1.4,54,50.785714285714285,71.1
SOOP,냥가링,587.4,673,622,510,12.1,25,18.272727272727273,221.1
치지직,얼도우,588,654,736,407,21.9,26,14.447488584474886,316.4
SOOP,우엉,588.8,568,536,652,6.6,32,22.424242424242426,148
치지직,혤캉,590.8,486,439,795,3.6,40,28.444444444444443,102.4
SOOP,하쿠마,591,605,614,561,10.1,29,18.940594059405942,191.3
SOOP,오파리,592.6,715,599,525,11,23,19.263636363636362,211.9
치지직,삐제리,594.8,622,630,546,11.3,28,17.893805309734514,202.2
SOOP,비비-3-,594.8,772,821,280,49.3,21,12.464503042596348,614.5
치지직,어스키,595.6,384,378,919,2.1,59,36.38095238095238,76.4
치지직,이정웅,596,504,416,822,3.2,38,30.40625,97.3
치지직,최윤주,596.6,579,629,573,10.4,31,17.990384615384617,187.1
치지직,귤 복 복,598.2,467,452,810,3.6,42,27.75,99.9
SOOP,다키_,598.8,350,277,1045,0.9,71,67,60.3
SOOP,김민혁-,599.2,622,728,459,17.5,28,14.897142857142857,260.7
SOOP,띠꾸♥,599.8,579,520,690,5.7,31,23.42105263157895,133.5
치지직,모베,603.4,467,697,578,11.7,42,15.692307692307692,183.6
SOOP,하나링구,603.6,486,504,762,4.5,40,24.511111111111113,110.3
SOOP,히키☆,604,536,423,819,3.3,35,29.757575757575758,98.2
치지직,고보미,605.6,338,663,682,8.2,76,16.74390243902439,137.3
SOOP,예니_ouo,607,715,795,365,28.8,23,13.159722222222221,379
치지직,냐류98,607.4,461,440,848,3.2,43,28.4375,91
치지직,망 난 이,608,546,532,715,5.5,34,22.545454545454547,124
SOOP,유상츄,609,579,487,746,4.5,31,25.31111111111111,113.9
치지직,양지랖,610.8,622,673,543,12.4,28,16.362903225806452,202.9
치지직,알파이입니다,612.8,398,403,930,2.3,55,32.30434782608695,74.3
치지직,진짜 안스,614.2,461,473,832,3.6,43,26.11111111111111,94
치지직,준버드,614.4,486,400,893,2.5,40,32.44,81.1
SOOP,네이!,615,673,553,648,7,25,21.47142857142857,150.3
치지직,데자뷰12,617.6,504,870,422,25.6,38,11.63671875,297.9
치지직,잗만한라마,620.8,772,811,355,31.8,21,12.751572327044025,405.5
SOOP,_콩이_,624,740,675,515,13.5,22,16.266666666666666,219.6
SOOP,레티아030,626.2,595,510,758,4.6,30,24.08695652173913,110.8
SOOP,아즈_,626.8,408,825,538,16.6,52,12.41566265060241,206.1
SOOP,눈길.,627,467,854,480,20.5,42,11.926829268292684,244.5
SOOP,천짱짱이,627.6,824,751,406,22.3,19,14.269058295964125,318.2
SOOP,광수야.,628,546,609,688,7.1,34,19,134.9
SOOP,모비*,628,268,201,1235,0.4,111,108,43.2
SOOP,키젤_,628.4,740,651,550,11.5,22,17.05217391304348,196.1
치지직,요이 VRECORD,629.6,456,365,981,1.7,44,39.529411764705884,67.2
치지직,벌거숭이야,630,568,525,766,4.7,32,23.127659574468087,108.7
SOOP,김멘탈,630.4,824,924,240,73,19,10.893150684931507,795.2
SOOP,나월_,630.8,740,645,562,11.1,22,17.17117117117117,190.6
SOOP,앙다봉=♥,631.2,692,664,568,11.3,24,16.72566371681416,189
치지직,세찬 SECHAN,631.6,504,739,588,12.3,38,14.43089430894309,177.5
SOOP,♡도원♡,632,456,366,986,1.7,44,39.411764705882355,67
SOOP,치치º^º,633,673,681,565,11.8,25,16.093220338983052,189.9
SOOP,사봉디,633.2,640,617,646,8,27,18.8125,150.5
치지직,아차찹쌀책,634,536,831,486,19.5,35,12.302564102564103,239.9
SOOP,쏭이♥,636.6,517,475,858,3.4,37,26.029411764705884,88.5
치지직,카논제이,636.6,715,652,582,10.7,23,17.02803738317757,182.2
SOOP,하링!,639.4,715,603,638,8,23,19.2,153.6
SOOP,정애더,640,740,677,553,12.1,22,16.173553719008265,195.7
치지직,용사98,641.8,517,521,825,4.1,37,23.390243902439025,95.9
SOOP,츄잉♡,642.2,715,688,560,12,23,15.95,191.4
SOOP,현르시,648.2,715,977,286,58.7,23,10.045996592844974,589.7
SOOP,은초롱.,648.6,795,744,480,17,20,14.382352941176471,244.5
SOOP,시루♪,650,432,363,1046,1.5,48,39.86666666666667,59.8
SOOP,동산,650,304,355,1118,1.3,90,41.23076923076923,53.6
SOOP,떤디,652.6,715,605,669,7.4,23,19.135135135135137,141.6
치지직,움팡,652.8,622,816,505,17.8,28,12.629213483146067,224.8
SOOP,iR0NY,652.8,486,420,969,2.3,40,30.26086956521739,69.6
SOOP,^초선^,659.8,795,684,568,11.8,20,16.016949152542374,189
SOOP,김먕이,660,622,516,823,4.1,28,23.609756097560975,96.8
SOOP,vi9ilante,661,359,309,1164,0.9,67,54.666666666666664,49.2
치지직,아리토리에스,663,497,724,685,9.1,39,15,136.5
SOOP,리베♡,663.2,692,541,771,4.9,24,22.040816326530614,108
SOOP,채니☆,665.2,772,743,534,14.4,21,14.38888888888889,207.2
치지직,kspoa,665.2,622,722,630,10.5,28,15.076190476190476,158.3
치지직,리네 Renee,666,772,869,410,27,21,11.637037037037038,314.2
치지직,드로시,666,486,535,887,3.7,40,22.43243243243243,83
SOOP,엄키키,666.4,504,705,709,8.2,38,15.463414634146341,126.8
SOOP,유복실,667.4,419,436,1023,2.2,51,28.681818181818183,63.1
SOOP,카린야,670.4,350,283,1218,0.7,71,63.857142857142854,44.7
치지직,Kirei 키레이,675.6,640,729,640,10.3,27,14.864077669902912,153.1
치지직,갇핑거,675.8,673,747,606,11.8,25,14.322033898305085,169
SOOP,지유_♥,676,692,640,704,7.4,24,17.43243243243243,129
SOOP,머라냥,676.4,640,967,404,31.6,27,10.212025316455696,322.7
SOOP,떵이。,676.4,654,694,670,8.9,26,15.786516853932584,140.5
치지직,축닭이,677,579,570,833,4.5,31,20.822222222222223,93.7
SOOP,마두,679.4,795,915,386,31.6,20,10.990506329113924,347.3
SOOP,르미루~,680.6,795,748,556,13.6,20,14.308823529411764,194.6
치지직,상일2,680.8,640,905,477,22.1,27,11.149321266968325,246.4
SOOP,하솔。,680.8,824,814,476,19.5,19,12.661538461538461,246.9
SOOP,왁파고_,681.2,320,253,1290,0.5,84,78,39
SOOP,구월이_,683.2,740,761,577,13.2,22,13.931818181818182,183.9
SOOP,니즈__,683.8,715,834,518,17.8,23,12.230337078651685,217.7
SOOP,소호,684.2,477,431,1041,2.1,41,29.095238095238095,61.1
치지직,무 운,684.4,640,959,432,27.4,27,10.317518248175183,282.7
치지직,상 애,688,824,939,369,35.1,19,10.595441595441596,371.9
SOOP,김땃쥐060,689.4,605,837,584,14.9,29,12.187919463087248,181.6
SOOP,해봄♡,689.4,579,458,976,2.5,31,27.12,67.8
치지직,광배언니,690,622,785,629,11.9,28,13.327731092436975,158.6
SOOP,백우주,691.8,673,547,846,4.2,25,21.714285714285715,91.2
SOOP,강희또,693.2,546,480,980,2.6,34,25.923076923076923,67.4
SOOP,요디딛,693.2,772,701,646,9.7,21,15.515463917525773,150.5
치지직,름딱이,694,456,449,1058,2.1,44,27.904761904761905,58.6
SOOP,김뷰니,694.2,673,648,751,6.6,25,17.106060606060606,112.9
치지직,르 하,694.4,536,507,961,2.9,35,24.275862068965516,70.4
치지직,리네양,696.2,605,936,502,21.4,29,10.621495327102803,227.3
SOOP,예린♥,696.4,332,258,1317,0.5,78,74.2,37.1
SOOP,강띠_,699.2,894,850,451,22.3,17,11.995515695067265,267.5
치지직,세피람,700.4,654,522,902,3.4,26,23.323529411764707,79.3
치지직,우히나,700.4,772,909,456,23.7,21,11.10548523206751,263.2
SOOP,채하,700.8,740,665,717,7.4,22,16.716216216216218,123.7
SOOP,수지:3,701.4,467,369,1151,1.3,42,38.84615384615385,50.5
치지직,호서윤,702.8,692,757,654,10.5,24,14.085714285714285,147.9
SOOP,힙비,703,715,671,729,7.2,23,16.416666666666668,118.2
SOOP,자연.,706,448,350,1191,1.1,45,42.54545454545455,46.8
SOOP,부바,706.8,824,867,488,20.5,19,11.648780487804878,238.8
SOOP,연아리.,707.4,605,621,845,5,29,18.28,91.4
SOOP,박디라,708.8,486,388,1141,1.5,40,34.266666666666666,51.4
SOOP,연우얌z,709.2,944,818,483,19.4,16,12.515463917525773,242.8
SOOP,시루냥,710.6,595,485,994,2.6,30,25.423076923076923,66.1
치지직,박평구천,711.4,477,1170,370,47.8,41,7.7573221757322175,370.8
SOOP,닥터고블린,712,536,571,941,3.5,35,20.8,72.8
치지직,에이드3,712,448,395,1161,1.5,45,32.86666666666667,49.3
치지직,조개구2임,712.6,529,1086,431,32.9,36,8.617021276595745,283.5
치지직,콩난이,714,640,545,920,3.5,27,21.8,76.3
SOOP,댕이댕이,714.4,432,1034,536,22.3,48,9.260089686098654,206.5
SOOP,최르_,715.4,795,746,645,10.5,20,14.342857142857143,150.6
SOOP,강뿌잉_,717,605,469,1021,2.4,29,26.416666666666668,63.4
치지직,김공은,718.6,715,1075,364,43,23,8.816279069767441,379.1
SOOP,배민정,718.8,772,756,655,10.4,21,14.134615384615385,147
치지직,꼼댕이,719.6,772,1089,324,55.3,21,8.553345388788427,473
SOOP,고영팔,719.8,715,631,811,5.6,23,17.821428571428573,99.8
치지직,벨라짱,720,654,950,523,20.2,26,10.514851485148515,212.4
치지직,과학잡지,722.8,640,1067,420,33.5,27,8.997014925373135,301.4
치지직,혤미 HM,723.4,795,976,435,27.9,20,10.082437275985663,281.3
치지직,잉투IngToo,724.4,622,707,793,6.7,28,15.447761194029852,103.5
SOOP,A1IEN,725.4,579,505,1019,2.6,31,24.46153846153846,63.6
SOOP,묭씨,726,504,397,1166,1.5,38,32.733333333333334,49.1
치지직,슬히찡,726,448,418,1173,1.6,45,30.3125,48.5
SOOP,정뜨_,729.2,824,914,497,20.9,19,10.995215311004785,229.8
SOOP,하빵~,729.6,864,753,639,10.8,18,14.203703703703704,153.4
SOOP,d햄비b,730,640,1107,398,40.1,27,8.311720698254364,333.3
치지직,켈란 Kellan,730,546,501,1051,2.4,34,24.625,59.1
치지직,손필범,731.4,605,600,926,3.9,29,19.256410256410255,75.1
치지직,아 즈 AZ,733.2,284,225,1466,0.3,100,94.33333333333333,28.3
SOOP,지아송,736,654,764,749,8.2,26,13.817073170731707,113.3
SOOP,박.준.영,736.8,894,871,524,18.3,17,11.601092896174864,212.3
SOOP,양지랖,737,579,539,1014,2.9,31,22.17241379310345,64.3
치지직,은하최강태영,739.2,546,549,1026,2.9,34,21.620689655172413,62.7
치지직,데이빗96,739.8,595,1008,544,21.1,30,9.601895734597157,202.6
SOOP,로니세라,740,740,659,821,5.8,22,16.844827586206897,97.7
SOOP,이나라,740,864,799,619,12.5,18,13.064,163.3
치지직,쵸꾸미,741.8,529,443,1147,1.8,36,28.27777777777778,50.9
SOOP,김성진_,742,622,496,1048,2.4,28,24.833333333333332,59.6
SOOP,박해원:),744.4,622,566,984,3.2,28,20.96875,67.1
치지직,Clovi,744.8,772,928,548,18.5,21,10.821621621621622,200.2
치지직,녕지,746.4,740,1100,396,39.6,22,8.426767676767676,333.7
SOOP,림별:),748.4,944,916,483,22.1,16,10.986425339366516,242.8
치지직,무미띠,749,715,1061,454,29.6,23,9.003378378378379,266.5
치지직,육두희,749.2,654,1188,358,53.2,26,7.484962406015038,398.2
SOOP,댕뚜비,749.6,772,774,714,9.2,21,13.554347826086957,124.7
치지직,페오 PEO,753.4,673,835,712,10.3,25,12.21359223300971,125.8
SOOP,모아?,753.6,692,676,862,5.4,24,16.25925925925926,87.8
SOOP,이학일.,755.6,824,784,693,10,19,13.33,133.3
SOOP,가니꾸,755.8,673,826,727,9.6,25,12.40625,119.1
SOOP,진비유,758,772,638,871,4.9,21,17.510204081632654,85.8
SOOP,찐랑,758.6,673,518,1042,2.6,25,23.46153846153846,61
SOOP,흐여름,759.2,894,858,593,14.8,17,11.777027027027026,174.3
SOOP,그묘♪,760.4,894,895,559,17.1,17,11.292397660818713,193.1
치지직,희재네케찹도둑,760.8,568,515,1103,2.3,32,23.782608695652176,54.7
SOOP,쫄랑이,762,692,594,965,3.6,24,19.416666666666668,69.9
치지직,튜티,762.8,824,963,532,20.2,19,10.282178217821782,207.7
SOOP,류새콤,763.2,894,780,681,10.3,17,13.407766990291263,138.1
치지직,아 켄,765.2,894,925,541,18.8,17,10.861702127659575,204.2
치지직,자하진,765.4,795,843,673,11.6,20,12.094827586206897,140.3
치지직,윤우 YunWoo,766.6,795,1062,457,29.2,20,9,262.8
SOOP,ㆍ포포ㆍ,769.2,824,714,797,6.7,19,15.253731343283581,102.2
치지직,화 릴,769.6,944,922,530,19.1,16,10.942408376963352,209
치지직,티네케,769.6,740,760,794,7.4,22,13.95945945945946,103.3
SOOP,아르르_,771.8,715,732,840,6.3,23,14.666666666666666,92.4
치지직,사쿠야 하나미,772,654,961,642,14.7,26,10.285714285714286,151.2
SOOP,레어_,772.8,894,778,707,9.5,17,13.494736842105263,128.2
SOOP,설빈달,773.2,740,653,910,4.6,22,17,78.2
SOOP,suna03,774.6,517,1164,514,28.2,37,7.797872340425532,219.9
치지직,종이의집,774.8,654,735,875,5.9,26,14.457627118644067,85.3
치지직,커밍순하리,775,605,775,860,6.5,29,13.553846153846154,88.1
SOOP,깅면기,775.2,824,737,789,7.2,19,14.444444444444445,104
SOOP,이모이_,780.6,795,716,838,6.1,20,15.245901639344263,93
SOOP,연루아,780.6,795,633,921,4.3,20,17.674418604651162,76
SOOP,이백조,781.4,795,782,774,8,20,13.3875,107.1
SOOP,＊홍주아＊,782.4,772,699,871,5.5,21,15.6,85.8
치지직,람보람1,782.6,467,500,1223,1.8,42,24.72222222222222,44.5
치지직,Gen111,784.4,546,720,968,4.6,34,15.152173913043478,69.7
치지직,체리아씨,784.6,795,669,895,4.9,20,16.428571428571427,80.5
SOOP,_펠릭스,784.8,740,683,909,4.9,22,16.020408163265305,78.5
SOOP,서이지,785,715,1014,591,18.4,23,9.543478260869565,175.6
치지직,고노바,786.4,894,845,674,11.6,17,12.077586206896552,140.1
SOOP,김지마,788.2,1063,930,509,20.6,14,10.737864077669903,221.2
SOOP,희꾸미,789.6,824,856,706,10.8,19,11.88888888888889,128.4
SOOP,힐링동키,790.8,692,956,675,13.5,24,10.362962962962962,139.9
SOOP,지별,791.2,824,1173,393,43.5,19,7.7218390804597705,335.9
치지직,호진리,791.6,740,678,931,4.6,22,16.108695652173914,74.1
치지직,아이스초코1,792.4,894,879,655,12.8,17,11.484375,147
SOOP,시로♥,792.4,692,559,1076,2.7,24,21.185185185185187,57.2
SOOP,연자몽,794,692,984,655,14.8,24,9.932432432432432,147
SOOP,흑구_,794,654,1116,542,24.8,26,8.213709677419354,203.7
SOOP,마또,794.4,568,448,1254,1.5,32,28,42
SOOP,유이담,795.6,772,632,971,3.9,21,17.76923076923077,69.3
치지직,콩천,796.4,560,509,1202,1.9,33,24.157894736842106,45.9
치지직,실크로,799.4,673,800,862,6.8,25,12.911764705882353,87.8
SOOP,앵이,800,824,689,899,5,19,15.94,79.7
치지직,윈 트,800.8,894,1024,531,22.3,17,9.354260089686099,208.6
치지직,navi2,800.8,568,1040,678,15.1,32,9.198675496688741,138.9
SOOP,이고!,800.8,1002,947,554,18.5,15,10.551351351351352,195.2
SOOP,@시우,802,894,801,757,8.6,17,12.906976744186046,111
치지직,눈싸람2,802.4,622,604,1091,2.9,28,19.17241379310345,55.6
SOOP,세기,803.2,622,472,1225,1.7,28,26.11764705882353,44.4
SOOP,수키ㅋ,803.6,824,672,925,4.6,19,16.369565217391305,75.3
치지직,땡은,805.2,654,771,915,5.7,26,13.614035087719298,77.6
SOOP,서은우,807.2,824,772,834,6.9,19,13.565217391304348,93.6
SOOP,성여올,808.6,579,1021,711,13.4,31,9.425373134328359,126.3
SOOP,참새-,809.2,1002,900,622,14.4,15,11.243055555555555,161.9
SOOP,모치,810,772,601,1038,3.2,21,19.21875,61.5
치지직,살균제,812.2,795,1083,550,22.6,20,8.676991150442477,196.1
치지직,설 묘,812.6,715,666,1008,3.9,23,16.615384615384617,64.8
SOOP,샤치_ξ,813.6,824,894,728,10.5,19,11.295238095238096,118.6
치지직,꾸꾸몽,813.6,894,1231,356,56.4,17,7.088652482269503,399.8
SOOP,스노,814.4,640,628,1088,3.1,27,18.06451612903226,56
SOOP,로지rozi,817.2,1002,1235,307,72.9,15,7.008230452674897,510.9
SOOP,사만다_,818.6,1063,1171,344,55.1,14,7.73502722323049,426.2
SOOP,칸_김동하,820.4,332,267,1618,0.3,78,70.33333333333333,21.1
SOOP,오봉구,820.8,536,512,1272,1.7,35,24.058823529411764,40.9
SOOP,다트,824.4,944,923,666,13,16,10.930769230769231,142.1
SOOP,강천남,824.6,1063,966,564,18.6,14,10.231182795698924,190.3
치지직,배그하는 백곰씨,825.4,579,613,1161,2.6,31,18.96153846153846,49.3
SOOP,옌이.,825.6,1136,1011,485,25.2,13,9.583333333333334,241.5
SOOP,제이제이잉,826,740,642,1053,3.4,22,17.352941176470587,59
SOOP,콩심♡,826.6,517,479,1329,1.4,37,25.928571428571427,36.3
치지직,현브,827.2,740,1031,667,15.3,22,9.27450980392157,141.9
SOOP,닌닌_,827.6,560,433,1356,1.2,33,28.833333333333332,34.6
치지직,훈논,827.6,772,1131,552,24.2,21,8.099173553719009,196
치지직,키위당,828.6,715,885,829,8.3,23,11.409638554216867,94.7
SOOP,SeungAn,828.8,824,777,883,6.2,19,13.5,83.7
SOOP,♡쿠라,830.8,894,861,769,9.2,17,11.75,108.1
치지직,이나0704,835.6,944,1096,521,25.3,16,8.474308300395258,214.4
치지직,조근우,836,692,709,1035,4,24,15.425,61.7
치지직,져니콩,839.2,740,875,853,7.8,22,11.551282051282051,90.1
치지직,슈퍼루키2,839.4,673,1000,762,11.4,25,9.675438596491228,110.3
SOOP,예쁘Gee♥,839.6,894,973,679,13.7,17,10.124087591240876,138.7
씨미,N3K0 BOT 네코봇,842,740,598,1137,2.7,22,19.296296296296298,52.1
치지직,아자엘,842.4,504,382,1472,0.8,38,35.25,28.2
SOOP,디뚜♥,842.8,640,940,847,8.6,27,10.593023255813954,91.1
SOOP,개용해,843,1063,1110,466,30.8,14,8.285714285714286,255.2
SOOP,서윤,844.6,673,557,1218,2.1,25,21.285714285714285,44.7
치지직,우티안,845.2,692,882,885,7.3,24,11.438356164383562,83.5
SOOP,깅제제,847,715,687,1073,3.6,23,15.972222222222221,57.5
SOOP,죠아써,847.8,715,627,1135,2.9,23,18.06896551724138,52.4
SOOP,타올이,848.4,864,883,806,8.8,18,11.431818181818182,100.6
SOOP,봄덕이,850.2,715,568,1200,2.2,23,20.90909090909091,46
치지직,TWOSUNPLACE,850.6,673,1347,443,44.8,25,6.178571428571429,276.8
SOOP,고백일,852.8,864,755,945,5.1,18,14.137254901960784,72.1
치지직,푸시아베리,853.2,824,1045,676,15.3,19,9.124183006535947,139.6
SOOP,시루엣,857.2,1002,1155,487,30.5,15,7.836065573770492,239
치지직,타마마 V,858,1002,1189,455,35.3,15,7.484419263456091,264.2
SOOP,너구리아,858.6,795,773,976,5,20,13.56,67.8
SOOP,키비스으,858.8,654,587,1233,2.2,26,19.681818181818183,43.3
SOOP,뉴냥이,859.8,715,609,1183,2.5,23,19,47.5
치지직,요디딛,861.4,795,981,775,10.7,20,9.981308411214954,106.8
치지직,유자 Yuja,862.4,1002,1160,495,29.9,15,7.8193979933110365,233.8
치지직,o으에o,862.4,740,929,857,8.2,22,10.817073170731707,88.7
SOOP,하리=ㅅ=,863.2,824,779,967,5.2,19,13.423076923076923,69.8
치지직,탑드래곤,864.2,605,805,1053,4.6,29,12.826086956521738,59
SOOP,준옹이,864.8,1002,812,849,7.1,15,12.732394366197184,90.4
치지직,티타냥,866,894,1060,658,16.2,17,9.006172839506172,145.9
SOOP,롤명산,866.4,772,583,1197,2.3,21,20.043478260869566,46.1
치지직,정크랫패스,866.4,640,1439,407,56.3,27,5.619893428063943,316.4
치지직,데스퍼,867.6,772,655,1128,3.1,21,16.967741935483872,52.6
치지직,백 정 이,867.8,795,1071,701,14.6,20,8.876712328767123,129.6
치지직,한두울,869.6,824,903,859,7.9,19,11.189873417721518,88.4
치지직,으농2,870.4,740,1299,507,34.4,22,6.511627906976744,224
SOOP,뇽이♥,871.2,824,682,1084,3.5,19,16.057142857142857,56.2
SOOP,#김미키,873.2,1002,901,781,9.4,15,11.22340425531915,105.5
치지직,delululu,873.6,944,1265,447,39.9,16,6.857142857142857,273.6
치지직,부뚱이는 부뚱해,873.6,1002,1093,590,20.7,15,8.48792270531401,175.7
치지직,릴썬,874.8,944,979,736,11.6,16,10,116
치지직,IZAYAKI222,876,692,667,1177,2.9,24,16.517241379310345,47.9
SOOP,김동욱_,876.6,579,577,1325,1.8,31,20.333333333333332,36.6
SOOP,얼이,877.2,1002,1005,687,14.1,15,9.624113475177305,135.7
치지직,먀우 myau,878,740,851,974,5.7,22,11.964912280701755,68.2
SOOP,또니´,878.6,795,635,1164,2.8,20,17.571428571428573,49.2
치지직,휴이휴이 Hyu2,879.6,622,833,1055,4.8,28,12.270833333333334,58.9
치지직,뽀 얌,882.4,864,1113,661,17.4,18,8.241379310344827,143.4
SOOP,천상츄,883.4,605,462,1444,1.1,29,26.90909090909091,29.6
치지직,현식1111,884.4,560,1055,876,9.4,33,9.042553191489361,85
치지직,나송진,884.6,795,797,1017,4.9,20,13.081632653061224,64.1
SOOP,정서린,886,622,531,1373,1.5,28,22.6,33.9
치지직,언더,886.2,795,1306,512,34.2,20,6.450292397660819,220.6
SOOP,강채,886.6,715,572,1287,1.9,23,20.789473684210527,39.5
SOOP,오따식,887.4,1063,920,767,9.9,14,10.94949494949495,108.4
SOOP,후-_-v,888.2,1063,948,741,10.9,14,10.55045871559633,115
치지직,류한별,891.6,864,917,880,7.7,18,10.974025974025974,84.5
SOOP,리네샤,891.6,640,551,1358,1.6,27,21.5,34.4
치지직,서여은,892.8,740,644,1218,2.6,22,17.192307692307693,44.7
치지직,Akie8,892.8,740,1218,644,21,22,7.190476190476191,151
SOOP,제갈_통,894,654,579,1329,1.8,26,20.166666666666668,36.3
치지직,묘링 Myoring,894,692,595,1294,2,24,19.4,38.8
치지직,명나뇽,894.8,824,988,837,9.4,19,9.904255319148936,93.1
SOOP,u유에e,894.8,1002,990,746,11.6,15,9.818965517241379,113.9
치지직,선드 SeonD,895.2,944,1195,571,25.4,16,7.4015748031496065,188
치지직,수 담,895.4,795,700,1141,3.3,20,15.575757575757576,51.4
SOOP,다나짱♥,895.8,387,304,1742,0.3,58,55.666666666666664,16.7
치지직,김쑤앙,898.8,944,1037,738,12.5,16,9.216,115.2
치지직,맹총가리,900.4,824,877,962,6.1,19,11.508196721311476,70.2
SOOP,라율,900.6,673,534,1381,1.5,25,22.466666666666665,33.7
치지직,포 근,904.4,692,899,1016,5.7,24,11.263157894736842,64.2
SOOP,강칠득,905.4,595,511,1455,1.2,30,24.083333333333332,28.9
SOOP,상기님,906,944,866,927,6.4,16,11.65625,74.6
SOOP,찬욱,907.6,772,616,1267,2.2,21,18.818181818181817,41.4
치지직,유예니,908,894,1085,738,13.3,17,8.661654135338345,115.2
SOOP,배청순,909.2,1002,1028,744,12.3,15,9.308943089430894,114.5
SOOP,셀키_,913.8,605,454,1528,0.9,29,27.555555555555557,24.8
SOOP,:신우,914.2,1063,958,796,9.9,14,10.333333333333334,102.3
치지직,김통수,914.4,740,1257,659,21.1,22,6.9052132701421804,145.7
SOOP,믹_,914.8,864,717,1138,3.4,18,15.235294117647058,51.8
치지직,라붕,915.2,692,695,1247,2.7,24,15.777777777777779,42.6
치지직,하리코,916,824,890,988,5.9,19,11.322033898305085,66.8
SOOP,hiwchakiew,916,1002,1017,772,11.3,15,9.504424778761061,107.4
치지직,윤다온 daon,917.2,824,730,1151,3.4,19,14.852941176470589,50.5
치지직,서은우다,918,824,944,939,6.9,19,10.579710144927537,73
SOOP,감자빵77,918.2,423,1156,928,9.5,50,7.831578947368421,74.4
치지직,나 견,919.6,944,1410,417,52.9,16,5.831758034026465,308.5
SOOP,로로냥,919.8,1063,938,830,8.9,14,10.595505617977528,94.3
SOOP,히어로레드,920.8,740,636,1296,2.2,22,17.545454545454547,38.6
SOOP,뚜민찡,921.6,894,769,1088,4.1,17,13.658536585365853,56
치지직,에이나 EINA,923.2,692,942,1020,6,24,10.583333333333334,63.5
SOOP,백노루,923.4,1063,937,840,8.7,14,10.620689655172415,92.4
SOOP,묭땅,924.4,944,884,955,6.2,16,11.419354838709678,70.8
SOOP,화려희,925.2,944,945,896,7.6,16,10.578947368421053,80.4
치지직,케이먼 Cayman,925.6,894,946,921,7.2,17,10.555555555555555,76
치지직,문히온,926.4,864,1192,692,17.9,18,7.4525139664804465,133.4
치지직,유토링,928.6,795,765,1159,3.6,20,13.722222222222221,49.4
SOOP,free윤용태,929,529,427,1631,0.7,36,29.285714285714285,20.5
SOOP,손근원,930.8,894,752,1128,3.7,17,14.216216216216216,52.6
SOOP,별이쓰.,932.2,1063,863,936,6.3,14,11.698412698412698,73.7
SOOP,투미츠,934.8,740,607,1360,1.8,22,19.055555555555557,34.3
치지직,콩이라고해,934.8,944,1047,818,10.8,16,9.11111111111111,98.4
SOOP,한자리♪,935,795,829,1111,4.4,20,12.318181818181818,54.2
치지직,신바람 baram,936.8,894,1367,528,34.5,17,6.069565217391304,209.4
SOOP,다정언니,938.4,1272,1297,413,47.6,11,6.554621848739496,312
치지직,드알,938.8,864,802,1113,4.2,18,12.880952380952381,54.1
치지직,화울Whaul,938.8,864,839,1076,4.7,18,12.170212765957446,57.2
치지직,정복자v,939.2,864,1292,624,24.4,18,6.586065573770492,160.7
SOOP,바미__,939.2,772,585,1377,1.7,21,19.88235294117647,33.8
SOOP,유제이와냥이,939.6,1136,1246,535,29.7,13,6.962962962962963,206.8
SOOP,복춘이з,940.2,673,592,1422,1.6,25,19.5,31.2
SOOP,리아벨_,940.4,1002,822,1028,5,15,12.46,62.3
치지직,도비두비두밥,941.2,944,1070,811,11.2,16,8.910714285714286,99.8
SOOP,아연링,941.6,1002,965,888,8.1,15,10.234567901234568,82.9
SOOP,다요르,942,740,649,1336,2.1,22,17.095238095238095,35.9
치지직,유네넴,942.2,795,1087,871,10,20,8.58,85.8
SOOP,하루아킴,944.8,772,723,1253,2.8,21,15.071428571428571,42.2
SOOP,시후†,948,864,741,1197,3.2,18,14.40625,46.1
SOOP,포커스。,948,1136,991,811,10.2,13,9.784313725490197,99.8
치지직,천룩희,948.2,1063,1003,836,9.7,14,9.628865979381443,93.4
치지직,구길동,948.8,1136,1058,746,12.6,13,9.03968253968254,113.9
치지직,냐루 NYARU,949.2,654,561,1485,1.3,26,21.153846153846153,27.5
치지직,쎄나츄,951.2,1002,1118,759,13.5,15,8.2,110.7
치지직,냥금이,953.6,944,891,1021,5.6,16,11.321428571428571,63.4
치지직,예티사냥꾼,954.8,894,1123,817,12.1,17,8.15702479338843,98.7
SOOP,안경뚱떙이,955,1193,1127,664,17.6,12,8.113636363636363,142.8
치지직,메리 MARY,956.8,1002,892,999,5.8,15,11.310344827586206,65.6
치지직,치요밍,958,944,808,1115,4.2,16,12.80952380952381,53.8
SOOP,근모닝TV,959,1063,1216,650,20.6,14,7.237864077669903,149.1
SOOP,피에로-,960.2,795,1385,618,27.5,20,5.945454545454545,163.5
치지직,어서옵냥,961.2,1136,1286,549,29.6,13,6.64527027027027,196.7
SOOP,타쵸쵸,962.4,1002,840,1065,4.8,15,12.125,58.2
SOOP,미냐호,962.4,894,715,1244,2.8,17,15.25,42.7
SOOP,도월하,962.8,864,692,1283,2.5,18,15.88,39.7
SOOP,sp1nel,963,1063,1186,690,17.7,14,7.5423728813559325,133.5
치지직,어써미,965.2,894,787,1179,3.6,17,13.277777777777779,47.8
치지직,미우먀우,966.8,824,846,1159,4.1,19,12.048780487804878,49.4
치지직,aino 카리,967.2,864,986,1000,6.6,18,9.924242424242424,65.5
치지직,코우세이 우키,968.6,795,824,1200,3.7,20,12.432432432432432,46
SOOP,도도디_,968.8,1002,842,1079,4.7,15,12.106382978723405,56.9
치지직,부부워치,968.8,944,1073,877,9.6,16,8.84375,84.9
SOOP,어네뿅,970.6,795,656,1373,2,20,16.95,33.9
SOOP,다훈갓_,970.8,944,789,1166,3.7,16,13.27027027027027,49.1
SOOP,유바미!,971.2,1272,1059,733,12.9,11,9.03875968992248,116.6
치지직,아키루 님,971.2,1002,1136,791,12.9,15,8.03875968992248,103.7
치지직,하곰루,972.2,517,401,1771,0.5,37,32.4,16.2
치지직,뮨1,973.2,1002,876,1056,5.1,15,11.529411764705882,58.8
치지직,고라니는 똥손,973.2,894,912,1074,5.2,17,11.01923076923077,57.3
SOOP,졔리,973.2,824,770,1251,3.1,19,13.64516129032258,42.3
치지직,김까슬,973.2,944,1200,761,15,16,7.36,110.4
SOOP,준신,973.4,1063,1148,754,14.2,14,7.908450704225352,112.3
치지직,최올림,974.2,1193,1320,519,34.2,12,6.353801169590644,217.3
SOOP,동아형,975.4,1063,1266,641,22.3,14,6.856502242152466,152.9
SOOP,짭봉,976.4,824,656,1373,2,19,16.95,33.9
SOOP,숨마,976.8,824,731,1299,2.6,19,14.76923076923077,38.4
SOOP,소댕,977.6,894,1001,996,6.8,17,9.661764705882353,65.7
치지직,담비꺼야,977.8,1063,969,944,7.1,14,10.169014084507042,72.2
치지직,혼 광,978.4,1136,1242,636,22,13,6.995454545454545,153.9
치지직,콩빈e,979,1063,1314,602,26.8,14,6.380597014925373,171
치지직,힙합2,979.2,654,848,1273,3.4,26,12,40.8
SOOP,뚜란,980,894,902,1101,4.9,17,11.204081632653061,54.9
치지직,민지지,981.2,740,680,1403,2,22,16.1,32.2
SOOP,_오더,982.6,1193,1157,703,16.5,12,7.824242424242424,129.1
치지직,코혼,983.2,1136,1023,867,9.2,13,9.41304347826087,86.6
치지직,리마파트로나,983.2,824,979,1067,5.8,19,10,58
치지직,레츠 Letsu,983.6,944,804,1183,3.7,16,12.837837837837839,47.5
치지직,홍일이,984.6,1063,1013,917,8,14,9.575,76.6
SOOP,김프디:SoifD,985.2,894,691,1325,2.3,17,15.91304347826087,36.6
SOOP,이루♡,987.2,1136,896,1004,5.8,13,11.275862068965518,65.4
SOOP,각하늘,987.6,944,859,1138,4.4,16,11.772727272727273,51.8
치지직,Chzzk또랑이,988.2,1193,1295,579,27.9,12,6.573476702508961,183.4
SOOP,드행이,989,1193,1135,741,14.3,12,8.041958041958042,115
치지직,빠삐코TV,989,1193,1443,433,50.4,12,5.607142857142857,282.6
치지직,모모팡,989.6,864,1159,883,10.7,18,7.822429906542056,83.7
SOOP,한잉!,989.6,944,790,1212,3.4,16,13.264705882352942,45.1
SOOP,말론님,989.6,1136,1206,700,17.8,13,7.320224719101123,130.3
치지직,라레몽,990.8,772,658,1433,1.8,21,16.88888888888889,30.4
치지직,투투넘,996,944,1149,869,10.9,16,7.908256880733945,86.2
치지직,헤카테문,996,894,1187,856,11.8,17,7.533898305084746,88.9
치지직,앙탈깜지,996,1002,819,1170,3.9,15,12.512820512820513,48.8
치지직,호랭찌,996,1136,1288,634,23.3,13,6.618025751072961,154.2
치지직,미츠나,998.4,894,1068,981,7.5,17,8.96,67.2
치지직,김나리,998.8,1136,1329,600,27.4,13,6.281021897810219,172.1
치지직,루아나 Official,999.2,536,459,1771,0.6,35,27,16.2
치지직,포이Poye,1000.2,1063,1041,928,8.1,14,9.185185185185185,74.4
치지직,라이부v,1001.2,944,1145,886,10.5,16,7.933333333333334,83.3
SOOP,기혁_,1005.6,944,815,1227,3.5,16,12.657142857142857,44.3
SOOP,로히♥,1006.4,894,718,1351,2.3,17,15.217391304347826,35
SOOP,못말리는춘식,1008.4,1136,1049,904,8.7,13,9.10344827586207,79.2
치지직,이르딘 leeruedin,1008.8,864,1080,1010,7.4,18,8.72972972972973,64.6
SOOP,양일,1009.2,654,1388,808,16.9,26,5.93491124260355,100.3
치지직,감성대왕,1009.4,1063,992,1000,6.7,14,9.776119402985074,65.5
치지직,비 라,1010.4,692,745,1435,2.1,24,14.380952380952381,30.2
SOOP,현신_,1010.8,944,1082,973,7.9,16,8.69620253164557,68.7
치지직,마 웨,1010.8,824,712,1403,2.1,19,15.333333333333334,32.2
SOOP,OPENER_ow,1012,864,953,1145,4.9,18,10.448979591836734,51.2
치지직,wkdrbwls,1012.4,894,1219,865,12.1,17,7.181818181818182,86.9
치지직,그늘이야,1012.8,824,713,1407,2.1,19,15.285714285714286,32.1
SOOP,김띵수,1012.8,1272,1301,595,26.7,11,6.50187265917603,173.6
SOOP,요한.3.,1014,944,886,1177,4.2,16,11.404761904761905,47.9
치지직,고먐미님,1014.4,824,1346,778,17.2,19,6.180232558139535,106.3
치지직,갤러해드1,1019.6,1272,1300,613,25.3,11,6.5059288537549405,164.6
SOOP,권아온,1020,654,791,1432,2.3,26,13.26086956521739,30.5
치지직,사이테,1020.4,622,537,1703,0.8,28,22.25,17.8
SOOP,뵤리,1020.8,1136,1129,855,11,13,8.1,89.1
치지직,뽀실애기,1020.8,894,952,1153,4.8,17,10.479166666666666,50.3
치지직,하시우v,1021.4,1063,1531,491,46.2,14,5.123376623376624,236.7
치지직,서여주,1024,944,1357,731,19.1,16,6.12041884816754,116.9
씨미,아야네 호타루,1024,864,838,1290,3.2,18,12.1875,39
SOOP,세으나,1024,894,794,1319,2.8,17,13.214285714285714,37
치지직,킴이슬,1025,673,1051,1175,5.3,25,9.075471698113208,48.1
SOOP,홍산_,1026.4,1136,1234,764,15.6,13,7.032051282051282,109.7
SOOP,깡밍_♥,1027,1449,1368,475,40.9,9,6.06356968215159,248
치지직,하파,1030.8,824,1461,704,23.4,19,5.512820512820513,129
SOOP,미닛이에용,1033.2,894,949,1187,4.5,17,10.533333333333333,47.4
치지직,김 돌 돌,1034.4,864,868,1286,3.4,18,11.647058823529411,39.6
치지직,진짜김꼬비,1034.4,1002,1153,932,9.4,15,7.872340425531915,74
SOOP,창기-,1035.6,944,763,1354,2.5,16,13.88,34.7
치지직,므슈77,1040.8,1136,1536,498,44.9,13,5.0846325167037865,228.3
SOOP,천수이,1041.6,428,327,2063,0.2,49,48,9.6
SOOP,하나랑께,1042,1136,1072,965,7.9,13,8.848101265822784,69.9
치지직,쿠아 Qua,1042.6,1063,989,1086,5.7,14,9.842105263157896,56.1
SOOP,D0D0D0D0,1042.8,944,823,1312,3,16,12.433333333333334,37.3
치지직,고ㄴl,1043.6,1002,1514,594,33.3,15,5.216216216216216,173.7
SOOP,유지한,1046.4,1272,1196,784,14.2,11,7.387323943661972,104.9
치지직,Aester,1046.8,944,987,1158,5,16,9.92,49.6
치지직,타나리,1047.2,824,634,1572,1.3,19,17.615384615384617,22.9
치지직,하찮은돌맹이,1048,1002,998,1121,5.5,15,9.690909090909091,53.3
SOOP,마름모,1051,1193,1420,611,28.7,12,5.7560975609756095,165.2
SOOP,호두머니,1052.2,1063,881,1218,3.9,14,11.461538461538462,44.7
SOOP,썬형.,1053.2,1136,999,1066,6,13,9.683333333333334,58.1
치지직,디안 dian,1055.6,740,957,1312,3.6,22,10.36111111111111,37.3
치지직,유노을,1055.6,864,704,1503,1.7,18,15.470588235294118,26.3
SOOP,나무늘보_ow,1057.2,1272,1395,612,27.9,11,5.910394265232975,164.9
치지직,백하누,1058,864,1586,627,32.5,18,4.889230769230769,158.9
SOOP,희각,1059.6,1136,1393,688,22.8,13,5.916666666666667,134.9
치지직,휘틀릭,1060.6,795,618,1636,1.1,20,18.545454545454547,20.4
치지직,굽신,1060.8,944,847,1333,3,16,12.033333333333333,36.1
치지직,삼 백,1062.4,740,892,1394,2.9,22,11.310344827586206,32.8
SOOP,미도。,1062.8,1136,864,1225,3.8,13,11.68421052631579,44.4
SOOP,김레미_,1063.2,1136,1178,912,10.2,13,7.6568627450980395,78.1
SOOP,류소리,1063.6,1136,942,1149,4.8,13,10.583333333333334,50.8
치지직,시라타마 토리,1063.8,715,620,1682,1,23,18.4,18.4
치지직,마리owo,1063.8,715,591,1711,0.9,23,19.555555555555557,17.6
치지직,탬퍼,1064.4,944,1488,701,24.3,16,5.333333333333333,129.6
치지직,OwTUKI,1064.8,740,932,1360,3.2,22,10.71875,34.3
SOOP,♥핑꾸♥,1067.2,1136,1029,1071,6.2,13,9.306451612903226,57.7
치지직,마스미,1070.8,1002,1090,1086,6.6,15,8.5,56.1
SOOP,새마요,1072.4,740,708,1603,1.4,22,15.428571428571429,21.6
치지직,한심한김진돌,1072.4,1002,1019,1161,5.2,15,9.48076923076923,49.3
SOOP,유솜_,1073.4,1063,971,1181,4.7,14,10.127659574468085,47.6
SOOP,임미레,1073.6,894,788,1449,2.2,17,13.272727272727273,29.2
SOOP,츄르°,1074.4,1272,1117,933,9,11,8.21111111111111,73.9
씨미,애퍼타이트 apatite,1075.4,1193,1337,755,17.9,12,6.251396648044692,111.9
치지직,정따따,1076,824,806,1472,2.2,19,12.818181818181818,28.2
SOOP,찰지지,1076.8,944,754,1466,2,16,14.15,28.3
SOOP,하얀율무차,1077,1193,1194,902,10.7,12,7.411214953271028,79.3
치지직,멍 한,1077,1193,1316,780,16.6,12,6.373493975903615,105.8
SOOP,ㄱ해삼,1077.8,1449,1271,699,19.3,9,6.7979274611398965,131.2
치지직,레 티 LETI,1077.8,1193,1150,948,9.1,12,7.8901098901098905,71.8
SOOP,클리프,1077.8,1193,994,1104,5.6,12,9.75,54.6
치지직,소 하린,1078.4,944,975,1249,4.2,16,10.095238095238095,42.4
치지직,대건1004,1079.6,864,1168,1099,7.1,18,7.774647887323944,55.2
치지직,히사원,1080.6,1063,1208,962,9.6,14,7.3125,70.2
치지직,수녕,1080.8,894,887,1368,3,17,11.333333333333334,34
치지직,김오쥐,1080.8,894,887,1368,3,17,11.333333333333334,34
치지직,지눙2,1081.6,944,1097,1135,6.2,16,8.451612903225806,52.4
SOOP,히수레,1081.8,1193,1074,1034,7,12,8.82857142857143,61.8
SOOP,심술:3,1082.4,864,817,1457,2.3,18,12.521739130434783,28.8
치지직,캠퍼츄,1082.8,944,828,1407,2.6,16,12.346153846153847,32.1
치지직,반달냐,1084.2,1193,1143,971,8.7,12,7.9655172413793105,69.3
치지직,해령임둥,1084.2,1193,1193,921,10.2,12,7.450980392156863,76
SOOP,석시문,1084.6,1345,1256,783,15.2,10,6.9144736842105265,105.1
치지직,미즈야,1085,1193,1331,785,16.7,12,6.275449101796407,104.8
치지직,아댕 ADANG,1088.2,1193,1406,718,21.1,12,5.848341232227488,123.4
치지직,알라쫀득쿠키,1088.4,1272,1613,472,52.7,11,4.722960151802656,248.9
SOOP,슈힌,1088.4,864,653,1636,1.2,18,17,20.4
치지직,니치 nichi,1089.2,1002,974,1248,4.2,15,10.119047619047619,42.5
SOOP,sp1nt07,1089.6,824,726,1586,1.5,19,14.933333333333334,22.4
치지직,라멜Ramel,1090.4,1002,982,1243,4.3,15,9.953488372093023,42.8
치지직,꽁구마,1091,1063,961,1235,4.2,14,10.285714285714286,43.2
SOOP,사자º,1092.2,1193,1138,996,8.2,12,8.012195121951219,65.7
SOOP,후디,1093.4,1193,1119,1018,7.8,12,8.192307692307692,63.9
SOOP,냐르!,1094.8,1002,809,1427,2.4,15,12.791666666666666,30.7
SOOP,햄쩌구,1095.2,740,619,1749,0.9,22,18.444444444444443,16.6
치지직,고구마둘리,1095.2,1002,1413,824,16.6,15,5.801204819277109,96.3
SOOP,천강형,1096.2,1063,921,1288,3.6,14,10.944444444444445,39.4
SOOP,댕강,1096.4,772,581,1774,0.8,21,20.125,16.1
치지직,장민돌,1097,1193,1466,680,25.4,12,5.456692913385827,138.6
SOOP,LOVE_젠투,1097.2,1136,1069,1106,6.1,13,8.934426229508198,54.5
SOOP,차쑤냥,1099,1345,1322,753,17.7,10,6.350282485875706,112.4
SOOP,뚠개냥,1101.8,1063,1104,1119,6.4,14,8.359375,53.5
SOOP,Flower73,1103,1063,1051,1175,5.3,14,9.075471698113208,48.1
SOOP,YANGJUN_,1103.6,1002,1007,1251,4.4,15,9.613636363636363,42.3
SOOP,둥희!,1104,894,690,1623,1.3,17,15.923076923076923,20.7
SOOP,♡효구리♡,1104.8,1002,783,1478,2.1,15,13.333333333333334,28
치지직,김흑둥이,1105.2,1002,1677,585,41.3,15,4.348668280871671,179.6
치지직,찐우02,1105.4,1063,1222,1010,9,14,7.177777777777778,64.6
SOOP,희건,1105.6,1136,906,1290,3.5,13,11.142857142857142,39
치지직,불녀,1106,1272,1341,788,16.7,11,6.2395209580838324,104.2
SOOP,철이ㅤ,1107.2,894,829,1492,2.2,17,12.318181818181818,27.1
SOOP,흐린밤,1107.4,1449,1334,710,20.2,9,6.262376237623762,126.5
치지직,웅 철,1108.2,1063,1006,1233,4.5,14,9.622222222222222,43.3
치지직,연미콩,1110,560,476,2019,0.4,33,26,10.4
SOOP,제감펀,1110.4,894,874,1455,2.5,17,11.56,28.9
SOOP,BJ김민기,1111,1449,1245,808,14.4,9,6.965277777777778,100.3
SOOP,또한아,1111.4,795,624,1757,0.9,20,18.22222222222222,16.4
SOOP,여백이다,1112.2,1345,1372,736,19.3,10,6.010362694300518,116
치지직,그누그누gunugunu,1112.2,1063,1634,615,35.7,14,4.605042016806722,164.4
치지직,이단홍,1113,1063,968,1283,3.9,14,10.179487179487179,39.7
SOOP,꼬마거북이_,1113.4,1063,1030,1222,4.8,14,9.291666666666666,44.6
치지직,감정갱,1115.2,1002,880,1407,2.8,15,11.464285714285714,32.1
치지직,LucioPesto,1115.2,1136,1162,1058,7.5,13,7.8133333333333335,58.6
치지직,쩡가,1115.6,1136,1595,626,32.9,13,4.854103343465046,159.7
치지직,이깡빈,1117.6,894,836,1511,2.1,17,12.19047619047619,25.6
치지직,삶은구운계란,1118.8,1002,1108,1188,5.7,15,8.298245614035087,47.3
치지직,도희린,1118.8,944,1046,1279,4.4,16,9.113636363636363,40.1
SOOP,혜지,1120.4,1136,1105,1128,6.3,13,8.34920634920635,52.6
치지직,오민omin,1120.8,1002,1504,797,19.4,15,5.268041237113402,102.2
SOOP,한나금,1121.4,1063,873,1399,2.8,14,11.571428571428571,32.4
치지직,이태원압구정클럽,1121.8,1063,1459,814,18,14,5.533333333333333,99.6
치지직,잉닝밍,1122.8,1272,1133,1038,7.6,11,8.092105263157896,61.5
SOOP,고슬로,1125.8,1345,1172,970,9,10,7.722222222222222,69.5
SOOP,코로미♪,1126.8,944,742,1603,1.5,16,14.4,21.6
치지직,삐쭉v,1128,944,810,1538,1.9,16,12.789473684210526,24.3
치지직,ValS,1128,944,1109,1239,5.2,16,8.288461538461538,43.1
SOOP,기보기;,1129,1063,896,1395,2.9,14,11.275862068965518,32.7
SOOP,솔이가왔솔,1131.6,864,661,1736,1,18,16.8,16.8
치지직,타로12,1133.4,1345,1499,662,27.1,10,5.273062730627307,142.9
씨미,머적,1136.8,944,1250,1120,7.7,16,6.935064935064935,53.4
SOOP,김초밥:>,1137,1345,1219,951,9.9,10,7.181818181818182,71.1
SOOP,미스터.쿠,1139.8,1449,1429,696,23.4,9,5.6752136752136755,132.8
SOOP,CARU.,1142.6,1193,1132,1128,6.5,12,8.092307692307692,52.6
치지직,프리리Freeree,1144,1272,1396,828,16.2,11,5.907407407407407,95.7
SOOP,제복이_,1145.6,864,706,1726,1.1,18,15.454545454545455,17
치지직,간디쨩,1145.8,1063,1016,1317,3.9,14,9.512820512820513,37.1
SOOP,수백이_,1146.4,944,1603,791,21.6,16,4.800925925925926,103.7
치지직,기 찬,1146.8,568,441,2142,0.3,32,28.333333333333332,8.5
SOOP,나린.,1146.8,504,377,2238,0.2,38,36.5,7.3
치지직,실디아 Sildia,1146.8,944,750,1645,1.4,16,14.285714285714286,20
SOOP,Gur3um.,1147.6,1002,941,1427,2.9,15,10.586206896551724,30.7
치지직,행성이 게임,1147.8,1193,1473,800,18.8,12,5.420212765957447,101.9
SOOP,리카_,1148.8,864,710,1730,1.1,18,15.363636363636363,16.9
치지직,고망지,1149.4,1063,955,1387,3.2,14,10.375,33.2
치지직,엄현빈,1150.8,1136,1638,671,30.7,13,4.5732899022801305,140.4
SOOP,주화이_,1151.8,1345,1477,730,21.7,10,5.405529953917051,117.3
치지직,메타 몽,1151.8,1193,1283,1000,9.8,12,6.683673469387755,65.5
치지직,아주모,1152,1272,1120,1124,6.5,11,8.169230769230769,53.1
치지직,하안별,1152.2,1063,1243,1106,7.8,14,6.987179487179487,54.5
치지직,디룽지,1152.4,1272,1371,874,14.2,11,6.028169014084507,85.6
치지직,티니얌,1153.2,1272,1447,800,18.2,11,5.5989010989010985,101.9
SOOP,윈터º,1153.4,1345,1268,943,10.6,10,6.839622641509434,72.5
치지직,여나몽,1153.8,1193,1383,905,13.3,12,5.947368421052632,79.1
SOOP,밍또얌,1154.2,605,441,2142,0.3,29,28.333333333333332,8.5
SOOP,보아탱,1157,1345,1207,1013,8.8,10,7.318181818181818,64.4
치지직,하감,1157.2,944,918,1503,2.4,16,10.958333333333334,26.3
SOOP,owesportsth,1157.6,1136,1020,1306,4,13,9.475,37.9
SOOP,얼도우우,1158.6,1193,1154,1146,6.5,12,7.861538461538461,51.1
SOOP,핑빠리,1158.8,944,749,1676,1.3,16,14.307692307692308,18.6
치지직,뮤로나,1159.4,1063,1025,1342,3.8,14,9.342105263157896,35.5
치지직,아이샤 AISHA,1161.2,1002,852,1550,2,15,11.95,23.9
SOOP,심성°,1161.4,1345,1317,914,12.2,10,6.368852459016393,77.7
SOOP,상머니,1161.6,1562,1430,693,23.5,8,5.672340425531915,133.3
SOOP,자두zz,1162,1136,1121,1216,5.5,13,8.163636363636364,44.9
치지직,해설아 Haeseola,1163.6,1002,997,1411,3.3,15,9.696969696969697,32
치지직,푹찌익,1163.6,944,1437,1000,11.6,16,5.646551724137931,65.5
SOOP,짱시원,1164.8,1136,1095,1249,5,13,8.48,42.4
치지직,덤덤보,1166.4,1002,970,1445,2.9,15,10.137931034482758,29.4
치지직,Charlotte 샤를로트,1169,1193,1122,1204,5.6,12,8.160714285714286,45.7
치지직,king,1170.4,1136,1321,1037,9.7,13,6.350515463917525,61.6
치지직,동동씨,1170.4,1136,1379,979,11.3,13,5.9734513274336285,67.5
치지직,도지음,1170.8,1272,1229,1062,8.2,11,7.109756097560975,58.3
치지직,미오29살,1173.2,824,719,1802,1,19,15.2,15.2
SOOP,이선만.,1176.6,1063,911,1499,2.4,14,11.041666666666666,26.5
치지직,하스딩,1176.8,944,951,1519,2.4,16,10.5,25.2
씨미,김평범,1176.8,894,759,1736,1.2,17,14,16.8
치지직,프로겐,1178,864,995,1518,2.6,18,9.73076923076923,25.3
치지직,구름위에달,1179.4,1345,1340,936,11.8,10,6.245762711864407,73.7
치지직,오미짱,1179.4,1193,1657,695,29.8,12,4.469798657718121,133.2
치지직,문버터,1182,1272,1453,866,15.6,11,5.5576923076923075,86.7
SOOP,짐묵,1182.4,944,727,1757,1.1,16,14.909090909090908,16.4
치지직,하요봄,1183,1063,931,1495,2.5,14,10.72,26.8
SOOP,팝콘4,1184,1002,853,1606,1.8,15,11.944444444444445,21.5
치지직,Casey,1184.6,1193,1523,842,17.8,12,5.185393258426966,92.3
SOOP,용배ºヮº,1185.4,1193,1025,1342,3.8,12,9.342105263157896,35.5
SOOP,다네,1187.8,1063,807,1631,1.6,14,12.8125,20.5
SOOP,이종윤ㅇ,1188.4,1136,1134,1269,5.1,13,8.07843137254902,41.2
치지직,초사샤샤,1188.4,944,857,1642,1.7,16,11.823529411764707,20.1
치지직,Trekking,1190,864,1778,765,27.5,18,3.9709090909090907,109.2
치지직,알파맨,1190.2,1193,1002,1377,3.5,12,9.657142857142857,33.8
치지직,뒤시메임정면안봄,1190.2,1063,1837,607,44.8,14,3.7589285714285716,168.4
치지직,킴율미,1190.4,654,1076,1573,2.6,26,8.76923076923077,22.8
치지직,JINTTAIJUNG,1193.2,692,1056,1581,2.5,24,9.04,22.6
SOOP,이연지다,1193.4,1449,1701,558,45.3,9,4.271523178807947,193.5
치지직,타로빈,1194.2,1063,1174,1280,5.2,14,7.673076923076923,39.9
치지직,SpearOW,1195.4,1063,1667,790,23.5,14,4.421276595744681,103.9
치지직,승또삐,1195.8,1063,1137,1321,4.6,14,8.021739130434783,36.9
치지직,김 설 탕,1196.4,1272,1582,773,21.9,11,4.899543378995434,107.3
치지직,I 제야 I,1197.4,1193,1441,956,12.6,12,5.611111111111111,70.7
SOOP,코잉.,1197.8,1685,1373,779,17.7,7,6,106.2
SOOP,_한시아,1198,944,766,1757,1.2,16,13.666666666666666,16.4
치지직,바나나다용,1198.6,715,1507,1132,10,23,5.25,52.5
치지직,미우 MiWoo,1198.6,1063,1043,1422,3.4,14,9.176470588235293,31.2
SOOP,니크스,1201.4,1345,1251,1080,8.2,10,6.926829268292683,56.8
SOOP,혀니일세,1202.4,1136,919,1519,2.3,13,10.956521739130435,25.2
치지직,엘바 Elva,1203,1063,1512,964,13.4,14,5.223880597014926,70
치지직,멍써,1205.2,894,1053,1513,2.8,17,9.071428571428571,25.4
SOOP,냐밍_,1205.6,1136,878,1568,2,13,11.5,23
SOOP,정연ㅇㅅㅇ,1207.2,944,1440,1106,9.7,16,5.618556701030927,54.5
치지직,뀨 미 호,1208,894,792,1781,1.2,17,13.25,15.9
치지직,o쏘쏘야o,1209.4,1449,1725,574,44.4,9,4.1891891891891895,186
SOOP,문영달,1209.6,1272,1177,1211,5.9,11,7.661016949152542,45.2
치지직,나는양숭이,1209.8,1193,1577,851,18.3,12,4.934426229508197,90.3
SOOP,정깜.,1213.8,1449,1232,1078,8.1,9,7.049382716049383,57.1
치지직,오브 AUBE,1214.2,1345,1640,723,26.7,10,4.569288389513108,122
SOOP,환이다:),1214.4,1562,1547,708,25.3,8,5.055335968379446,127.9
SOOP,내로남불엿포,1215,1193,1358,1083,9.2,12,6.119565217391305,56.3
치지직,Iris 아이리스,1217.4,1063,1111,1401,3.9,14,8.282051282051283,32.3
SOOP,린나래123,1218.4,1002,803,1742,1.3,15,12.846153846153847,16.7
치지직,히미카 스이,1218.8,640,1247,1480,4,27,6.95,27.8
치지직,P0W3R,1219.8,1193,1571,882,16.9,12,4.958579881656805,83.8
치지직,동글1동글,1220.2,1449,1604,722,25.6,9,4.76953125,122.1
치지직,희솜,1220.2,1063,1732,787,25.1,14,4.155378486055777,104.3
치지직,이고 Ego,1220.4,1272,1364,1051,9.7,11,6.092783505154639,59.1
치지직,갈치링,1223,1449,1469,864,16.1,9,5.440993788819876,87.6
치지직,뚝딱장인대현씨,1223.8,1063,1129,1399,4,14,8.1,32.4
치지직,버스타는 지렁이,1224,1136,1432,1060,10.3,13,5.669902912621359,58.4
SOOP,권류빈,1224.6,1193,985,1480,2.8,12,9.928571428571429,27.8
치지직,어글리덕,1227.2,864,733,1903,0.9,18,14.555555555555555,13.1
SOOP,강분팡,1227.6,894,702,1920,0.8,17,15.5,12.4
SOOP,시움_,1228.2,1193,1233,1241,6.1,12,7.032786885245901,42.9
치지직,비글명수,1228.2,1193,1211,1263,5.7,12,7.280701754385965,41.5
치지직,꼬도리,1228.4,1136,1228,1275,5.7,13,7.12280701754386,40.6
SOOP,피야.,1228.6,1193,1098,1377,4,12,8.45,33.8
SOOP,뉴찌,1229.4,1449,1510,839,17.7,9,5.242937853107344,92.8
치지직,피꺄츄,1230,894,1505,1123,10.1,17,5.267326732673268,53.2
치지직,범식 sick tiger,1231.4,1449,1493,861,16.6,9,5.295180722891566,87.9
SOOP,김해태,1231.4,1345,1190,1216,6,10,7.483333333333333,44.9
치지직,베릴20,1233.8,477,357,2489,0.1,41,41,4.1
치지직,용 훈,1234.8,1272,1753,698,32.4,11,4.089506172839506,132.5
치지직,필살나노융화,1235.6,894,1518,1124,10.2,17,5.205882352941177,53.1
치지직,현 수 아,1236.8,1136,978,1546,2.4,13,10.041666666666666,24.1
SOOP,서이찌,1238,1272,993,1466,2.9,11,9.758620689655173,28.3
SOOP,달달햇,1238.8,1002,934,1662,1.8,15,10.666666666666666,19.2
SOOP,goblin2001,1239.6,1562,1575,743,23.2,8,4.943965517241379,114.7
치지직,노나는 게임중,1240.4,1272,1260,1205,6.6,11,6.893939393939394,45.5
치지직,백의화백,1240.6,1193,1115,1390,4,12,8.225,32.9
치지직,정깜2,1241,1345,1309,1121,8.3,10,6.421686746987952,53.3
치지직,민잉이,1242.6,1345,1284,1150,7.6,10,6.657894736842105,50.6
치지직,스트로베리쇼트케이크,1243.6,824,1387,1310,6.3,19,5.936507936507937,37.4
치지직,안찡,1243.8,1063,908,1670,1.7,14,11.117647058823529,18.9
치지직,햄 민 이,1243.8,1193,1146,1367,4.3,12,7.930232558139535,34.1
치지직,SCOOOOOOOTTIE,1245.6,740,1709,1035,14.6,22,4.226027397260274,61.7
치지직,사냥남,1246.2,1345,1418,1025,10.9,10,5.770642201834862,62.9
치지직,Jude주드,1246.4,1136,1541,1007,12.8,13,5.078125,65
치지직,하늘뇽,1246.4,894,844,1825,1.2,17,12.083333333333334,14.5
SOOP,만듀.,1246.4,1002,813,1802,1.2,15,12.666666666666666,15.2
치지직,유즈사 헤라,1248.4,944,907,1742,1.5,16,11.133333333333333,16.7
치지직,삼다수빈,1248.8,1136,1598,956,14.6,13,4.842465753424658,70.7
SOOP,꽃뇽,1249,1063,1018,1573,2.4,14,9.5,22.8
치지직,다정언니,1254,1562,1782,572,47.6,8,3.9453781512605044,187.8
씨미,차쑤냥,1254.2,1345,1308,1155,7.8,10,6.423076923076923,50.1
치지직,가자미 JAMI,1255,1193,1264,1277,5.9,12,6.864406779661017,40.5
SOOP,멍염디,1256.6,1449,1355,1062,9.5,9,6.136842105263158,58.3
치지직,하리라 HaLira,1258.2,1063,960,1654,1.9,14,10.31578947368421,19.6
치지직,다이진888,1259.6,1002,1656,992,14.8,15,4.472972972972973,66.2
치지직,콩 시 루,1260.4,1272,1511,1004,12.5,11,5.232,65.4
SOOP,배배랑,1261.6,1562,1419,954,12.3,8,5.764227642276423,70.9
치지직,지미이입니다,1263.2,1272,1645,877,18.7,11,4.540106951871658,84.9
SOOP,하유^,1263.6,1002,860,1798,1.3,15,11.76923076923077,15.3
치지직,코히루,1263.8,1063,898,1730,1.5,14,11.266666666666667,16.9
치지직,샤 나,1264.4,654,927,1907,1.2,26,10.833333333333334,13
치지직,릴킥,1267,1345,1835,660,38.1,10,3.7664041994750654,143.5
SOOP,암양,1267,1685,1799,526,54.3,7,3.89134438305709,211.3
SOOP,윤견,1267.2,1562,1637,750,24.7,8,4.578947368421052,113.1
치지직,까복치,1268.2,1345,1400,1098,9.4,10,5.882978723404255,55.3
SOOP,시라유리,1268.4,1136,904,1699,1.6,13,11.1875,17.9
치지직,이초 2sec,1269.4,1193,1128,1449,3.6,12,8.11111111111111,29.2
치지직,광무리,1270.2,1345,1570,933,14.9,10,4.959731543624161,73.9
치지직,콩유디 YUDI,1271.6,1136,1501,1110,10.3,13,5.271844660194175,54.3
SOOP,멜랴.,1271.6,1272,1452,1091,10,11,5.56,55.6
SOOP,밍가연,1273.4,1345,1236,1275,5.8,10,7,40.6
치지직,Aileen3,1274.8,1136,1203,1416,4.3,13,7.348837209302325,31.6
치지직,마철용3,1276.2,1345,1780,738,29.1,10,3.9587628865979383,115.2
SOOP,순수콩♧,1279,1345,1227,1298,5.4,10,7.12962962962963,38.5
치지직,도구의맹세,1279.4,1193,983,1619,2.1,12,9.952380952380953,20.9
치지직,동이리오너라,1279.8,1063,1032,1636,2.2,14,9.272727272727273,20.4
치지직,우동집딸래미,1282,1136,1325,1312,5.9,13,6.322033898305085,37.3
치지직,향 아,1282.2,1063,1054,1620,2.3,14,9.043478260869565,20.8
SOOP,=룽냐=,1283.4,1685,1551,815,19.7,7,5.035532994923858,99.2
SOOP,#정군,1283.8,1685,1565,802,20.3,7,4.980295566502463,101.1
SOOP,이찬찬,1287,1345,1282,1263,6.2,10,6.693548387096774,41.5
치지직,로지 로지,1287,1193,1411,1210,7.8,12,5.8076923076923075,45.3
치지직,류단비,1287.2,1272,1354,1228,7.2,11,6.138888888888889,44.2
치지직,권 요 한,1287.6,1136,1036,1615,2.3,13,9.217391304347826,21.2
치지직,phelia1,1288,1136,1269,1383,4.9,13,6.836734693877551,33.5
치지직,전유라,1288.2,1193,1167,1457,3.7,12,7.783783783783784,28.8
치지직,칠분,1288.6,1449,1764,733,29.1,9,4.006872852233677,116.6
치지직,짤랑이,1288.6,1193,1435,1190,8.3,12,5.662650602409639,47
치지직,즘띠,1289,1193,1236,1390,4.7,12,7,32.9
SOOP,시엘,1289,1063,855,1836,1.2,14,11.916666666666666,14.3
치지직,너구리 살생부,1289.2,1562,1310,1132,8.2,8,6.402439024390244,52.5
치지직,이백도baekdo,1290.4,1272,1516,1074,11,11,5.209090909090909,57.3
SOOP,매덕1,1292.6,1345,1099,1460,3.4,10,8.441176470588236,28.7
SOOP,내신,1293.2,1272,1094,1503,3.1,11,8.483870967741936,26.3
치지직,사요르xxxx,1293.4,1449,1335,1174,7.7,9,6.259740259740259,48.2
치지직,하츠미,1293.4,1193,1056,1581,2.5,12,9.04,22.6
치지직,AME33,1293.4,1345,1663,898,18,10,4.438888888888889,79.9
치지직,하곰 hagom,1293.8,1063,1330,1373,5.4,14,6.277777777777778,33.9
치지직,선밀크,1294.2,1449,1515,996,12.6,9,5.214285714285714,65.7
씨미,하람,1294.8,1002,820,1916,1,15,12.5,12.5
치지직,어리바리곤듀,1296,1272,1336,1268,6.6,11,6.257575757575758,41.3
씨미,이야녕,1296.8,1562,1659,802,22.7,8,4.453744493392071,101.1
치지직,조끼 JOokKY,1300.6,1449,1537,990,13.1,9,5.083969465648855,66.6
치지직,고요히 GoYoHi,1302.6,1449,1633,899,17.3,9,4.606936416184971,79.7
SOOP,뜌듸,1303,1449,1609,924,15.9,9,4.748427672955975,75.5
치지직,황빵태,1303.8,1193,1546,1117,10.6,12,5.066037735849057,53.7
치지직,조 윤 Yun,1304.8,1272,1114,1512,3.1,11,8.225806451612904,25.5
SOOP,탱튜부,1306.2,1063,872,1862,1.2,14,11.583333333333334,13.9
치지직,이월짱,1306.2,1345,1642,951,15.6,10,4.5576923076923075,71.1
SOOP,문리아,1311.6,1562,1225,1273,5.7,8,7.157894736842105,40.8
치지직,도히루,1311.6,1272,1280,1363,5.1,11,6.705882352941177,34.2
SOOP,무헌,1311.6,1562,1630,868,18.7,8,4.614973262032086,86.3
SOOP,PLANNA유나,1313.8,1449,1579,981,13.7,9,4.905109489051095,67.2
치지직,메이아 Maid in korea,1316.8,1136,1258,1466,4.1,13,6.902439024390244,28.3
치지직,오은식,1318.4,1272,1184,1476,3.7,11,7.594594594594595,28.1
치지직,미엘린,1319.4,1063,1305,1462,4.4,14,6.4772727272727275,28.5
SOOP,삐딱냥,1319.8,1685,1632,825,20.8,7,4.610576923076923,95.9
치지직,얌 새,1322.4,1562,1905,620,46.3,8,3.5010799136069113,162.1
치지직,신티나,1322.6,1193,1599,1111,11.2,12,4.839285714285714,54.2
치지직,사탕무,1324.2,1449,1363,1223,7.3,9,6.095890410958904,44.5
SOOP,꼬시앵,1325,1449,1416,1172,8.4,9,5.785714285714286,48.6
치지직,노아린o,1326.6,1345,1649,995,14.6,10,4.506849315068493,65.8
치지직,김사라,1326.8,1002,1204,1612,2.9,15,7.344827586206897,21.3
SOOP,일월♥,1327,1193,1022,1699,1.9,12,9.421052631578947,17.9
치지직,포치이잇,1330.8,894,693,2187,0.5,17,15.8,7.9
치지직,제갈혜선,1331.4,1345,1293,1363,5.2,10,6.576923076923077,34.2
치지직,iyong,1332.2,1063,1126,1673,2.3,14,8.130434782608695,18.7
치지직,앤디게임,1332.2,1449,1979,627,48.4,9,3.2830578512396693,158.9
SOOP,설형_,1332.8,1562,1248,1303,5.5,8,6.945454545454545,38.2
치지직,Red rose 로즈양,1332.8,1272,1362,1334,5.9,11,6.101694915254237,36
치지직,수블리 suvely,1333,1193,1179,1557,3.1,12,7.612903225806452,23.6
치지직,박용준06,1333,1345,1112,1548,2.9,10,8.275862068965518,24
치지직,하빈0,1333.6,1272,1102,1596,2.6,11,8.384615384615385,21.8
치지직,KID030,1334.6,1449,1813,799,26.5,9,3.849056603773585,102
치지직,바가민,1334.6,1063,910,1895,1.2,14,11.083333333333334,13.3
SOOP,빈쫑,1336.2,1345,1386,1282,6.7,10,5.940298507462686,39.8
치지직,넌지기,1336.6,1449,1460,1157,9,9,5.522222222222222,49.7
치지직,녜코,1336.8,1002,1009,1832,1.5,15,9.6,14.4
치지직,든세,1337.4,1345,1567,1104,11,10,4.963636363636364,54.6
치지직,대구흑염소,1337.4,1063,1671,1141,11.7,14,4.3931623931623935,51.4
치지직,무시카092,1338,1002,1403,1441,5.1,15,5.862745098039215,29.9
치지직,아 르네,1338.6,1449,1495,1127,10,9,5.29,52.9
치지직,룽지123,1340.6,1345,1573,1106,11,10,4.954545454545454,54.5
SOOP,흠냥b,1342.2,1345,1230,1453,4.1,10,7.097560975609756,29.1
SOOP,서하연,1342.6,1193,1078,1682,2.1,12,8.761904761904763,18.4
치지직,철갑상어탄,1342.8,1136,1438,1351,6.2,13,5.645161290322581,35
치지직,분위기있는스파게티,1346.2,1193,1350,1419,5.1,12,6.1568627450980395,31.4
SOOP,김채유,1346.2,1193,1048,1721,1.9,12,9.105263157894736,17.3
치지직,한새몽,1347.8,1345,1628,1069,12.5,10,4.632,57.9
SOOP,비뚜리,1348.6,1193,954,1821,1.4,12,10.428571428571429,14.6
SOOP,MCDD,1349,1449,1522,1126,10.2,9,5.196078431372549,53
치지직,아츠키 Atsuki,1350,1002,996,1878,1.4,15,9.714285714285714,13.6
치지직,샤미 SHAMI,1354.2,1193,1261,1528,3.6,12,6.888888888888889,24.8
SOOP,셀리아_,1355.2,1002,796,2091,0.7,15,13.142857142857142,9.2
SOOP,퍼드,1357.2,1002,840,2052,0.8,15,12.125,9.7
치지직,차원이다른선미 Marie,1357.2,1562,2011,601,54.1,8,3.1737523105360443,171.7
치지직,메다지,1357.4,1449,1636,1033,13.5,9,4.5851851851851855,61.9
치지직,dozzy,1361.4,1193,1444,1363,6.1,12,5.60655737704918,34.2
치지직,오리가,1362.4,1136,1165,1673,2.4,13,7.791666666666667,18.7
치지직,콤 COM,1362.6,1193,1391,1419,5.3,12,5.9245283018867925,31.4
치지직,노제 Nojae,1363,1345,1338,1397,5.2,10,6.25,32.5
SOOP,백야♬♥,1363.4,1345,1179,1557,3.1,10,7.612903225806452,23.6
SOOP,펠리칸인디용,1363.8,1345,1199,1538,3.3,10,7.363636363636363,24.3
치지직,메로코,1364.4,1272,1219,1556,3.3,11,7.181818181818182,23.7
치지직,라몬 사쿠 Lamon Saku,1368.2,1063,1077,1812,1.7,14,8.764705882352942,14.9
SOOP,비상구9,1368.8,1272,1015,1771,1.7,11,9.529411764705882,16.2
SOOP,☆하리아재★,1369,1685,1538,1042,12,7,5.083333333333333,61
SOOP,힝구맹구,1370.6,1685,1592,992,13.6,7,4.867647058823529,66.2
SOOP,왕오솔,1370.8,1844,1476,1029,11.5,6,5.408695652173913,62.2
치지직,뜌듸,1371.4,1449,1718,986,15.9,9,4.213836477987422,67
SOOP,울새.,1373,1345,1078,1682,2.1,10,8.761904761904763,18.4
치지직,리셋소녀,1374.4,894,1502,1487,5.2,17,5.269230769230769,27.4
치지직,플로스05,1374.6,1193,1401,1439,5.1,12,5.882352941176471,30
치지직,카라스 쌤,1377,1345,1689,1081,13.2,10,4.295454545454546,56.7
치지직,디딛띱,1378,1562,1785,879,21.5,8,3.944186046511628,84.8
치지직,ow WASD,1378.4,1002,1062,1883,1.5,15,9,13.5
치지직,몽블랑도너츠,1385,1193,1285,1581,3.4,12,6.647058823529412,22.6
치지직,김해적,1385.4,1345,1446,1345,6.3,10,5.603174603174603,35.3
SOOP,깅태,1385.4,1685,1533,1088,11,7,5.090909090909091,56
치지직,설류은,1385.8,1345,1327,1465,4.5,10,6.311111111111111,28.4
치지직,단비임,1385.8,1449,1734,1006,15.7,9,4.146496815286624,65.1
치지직,쀙쀙줴,1386.2,1193,1081,1788,1.8,12,8.722222222222221,15.7
치지직,하밍2,1387.6,1002,1090,1878,1.6,15,8.5,13.6
SOOP,히야,1388,944,848,2150,0.7,16,12,8.4
치지직,정이양,1388.6,1193,1263,1612,3.1,12,6.870967741935484,21.3
SOOP,김도도,1389,1193,1236,1640,2.9,12,7,20.3
치지직,베키Becky,1389,1449,1380,1368,5.7,9,5.964912280701754,34
SOOP,리하1,1389.2,640,459,2694,0.1,27,27,2.7
치지직,병덕이,1390.4,1562,1888,807,28.2,8,3.5602836879432624,100.4
SOOP,민준97,1392,944,696,2312,0.4,16,15.75,6.3
치지직,9룡포,1392.2,1193,1394,1490,4.6,12,5.913043478260869,27.2
치지직,공 운,1392.2,1345,1212,1596,3,10,7.266666666666667,21.8
치지직,진짜루비,1392.4,1002,1144,1836,1.8,15,7.944444444444445,14.3
치지직,졔윤,1394.2,1345,2179,634,56.7,10,2.7195767195767195,154.2
치지직,palpatine,1396.8,1272,1826,1030,16.4,11,3.7865853658536586,62.1
SOOP,판누.,1397,1685,1868,782,29.1,7,3.6219931271477663,105.4
치지직,불멸의라볶이,1399.6,944,1946,1081,16.8,16,3.375,56.7
치지직,문리아,1399.8,1449,1540,1235,8.5,9,5.08235294117647,43.2
치지직,낑물개,1401.2,1562,1708,1014,15.2,8,4.230263157894737,64.3
SOOP,광무리,1401.8,1449,1736,1044,14.6,9,4.1438356164383565,60.5
치지직,냥타몽,1402.6,1193,1425,1485,4.8,12,5.729166666666667,27.5
치지직,현찌당,1402.6,1063,1062,1913,1.4,14,9,12.6
치지직,김강생,1403.2,1562,1958,769,32.4,8,3.3364197530864197,108.1
치지직,김빠빡,1404.6,1449,1249,1538,3.5,9,6.942857142857143,24.3
SOOP,빡퇘.,1404.8,1562,1223,1508,3.6,8,7.166666666666667,25.8
SOOP,씬쏘,1404.8,1562,1487,1244,8,8,5.3375,42.7
치지직,월림,1405.4,1449,1405,1384,5.7,9,5.859649122807017,33.4
치지직,호루니 Horuni,1405.8,1685,1730,942,17.4,7,4.172413793103448,72.6
치지직,쎈곰,1407.6,1562,1952,786,31.1,8,3.3633440514469455,104.6
치지직,쪼리비,1408.8,772,609,2527,0.2,21,19,3.8
치지직,베로 bero,1409.4,1063,1289,1703,2.7,14,6.592592592592593,17.8
SOOP,메메_,1409.6,1844,1997,605,52.6,6,3.2243346007604563,169.6
SOOP,[온정성],1409.8,1685,1611,1071,12.2,7,4.729508196721311,57.7
치지직,유 ㄹr,1410,1272,1106,1783,1.9,11,8.31578947368421,15.8
SOOP,유시아-,1410.2,1345,1088,1765,1.9,10,8.578947368421053,16.3
치지직,h1n4 asd,1410.6,1345,1353,1501,4.3,10,6.1395348837209305,26.4
SOOP,젠금자,1410.6,1449,1209,1593,3,9,7.3,21.9
SOOP,미유냥,1411,1449,1270,1533,3.6,9,6.833333333333333,24.6
치지직,빙 빙 봉,1411.2,1272,1169,1723,2.2,11,7.7727272727272725,17.1
치지직,레인드롭,1411.6,1272,1454,1439,5.4,11,5.555555555555555,30
치지직,단디팍,1412.2,1345,1498,1360,6.5,10,5.276923076923077,34.3
SOOP,화니다요,1415,1449,1356,1457,4.7,9,6.127659574468085,28.8
SOOP,훈논,1415.8,1685,1853,844,24.8,7,3.689516129032258,91.5
치지직,우샤땅,1416,1272,1198,1706,2.4,11,7.375,17.7
치지직,02정우,1419.2,1272,2021,891,26.1,11,3.1302681992337167,81.7
치지직,암양ewe,1420.4,1002,2334,716,54.4,15,2.275735294117647,123.8
치지직,허스키다요,1421.4,1449,1342,1487,4.4,9,6.2272727272727275,27.4
치지직,안재꼼,1421.6,1562,1827,946,19,8,3.7842105263157895,71.9
치지직,무겐mugen,1425,1449,1890,948,20.2,9,3.5544554455445545,71.8
치지직,레오 130,1427.2,1272,1749,1183,11.6,11,4.094827586206897,47.5
치지직,다빙o,1428.6,1449,1244,1603,3.1,9,6.967741935483871,21.6
치지직,두푸,1429,1449,1464,1384,6.1,9,5.475409836065574,33.4
치지직,Ruby짱,1429,1345,1578,1322,7.5,10,4.906666666666666,36.8
SOOP,성문_,1430.6,1345,1038,1866,1.5,10,9.2,13.8
치지직,히 담,1431,1345,1949,956,21,10,3.3666666666666667,70.7
SOOP,김강생1,1431.6,2022,1844,724,32.3,5,3.7430340557275543,120.9
치지직,몽화,1433.8,1449,1267,1593,3.2,9,6.84375,21.9
치지직,용사 팽동호,1434,1136,1139,1878,1.7,13,8,13.6
SOOP,아론페이지_,1434.2,1345,1378,1535,4.1,10,5.975609756097561,24.5
SOOP,주이짱♥,1435.8,1345,1044,1873,1.5,10,9.133333333333333,13.7
치지직,리찌군,1436,1272,1740,1214,10.9,11,4.128440366972477,45
치지직,MolangMolang,1436,1002,1236,1853,2,15,7,14
치지직,권라희,1437.4,1193,934,2063,0.9,12,10.666666666666666,9.6
치지직,사노님,1438,1562,1878,936,20.5,8,3.5951219512195123,73.7
SOOP,세로-,1441,1685,1431,1329,6.4,7,5.671875,36.3
SOOP,어쌔신,1441.2,1562,1287,1535,3.7,8,6.621621621621622,24.5
치지직,곰도링,1441.4,1345,1365,1566,3.8,10,6.078947368421052,23.1
치지직,한소링,1442,1562,1981,843,28.1,8,3.2740213523131674,92
치지직,유혀니,1442.2,1449,1935,946,21.1,9,3.4075829383886256,71.9
치지직,활친놈 말쭈기,1444.2,1685,1856,912,21.3,7,3.6666666666666665,78.1
치지직,청저띠,1446.8,1272,1011,1970,1.2,11,9.583333333333334,11.5
치지직,억빠맨1234,1447.6,1272,1226,1757,2.3,11,7.130434782608695,16.4
치지직,에루인데요,1448.2,1345,1252,1696,2.6,10,6.923076923076923,18
치지직,유 보 라,1448.2,1345,1252,1696,2.6,10,6.923076923076923,18
치지직,쿄 하,1449.2,1562,1445,1397,5.8,8,5.603448275862069,32.5
치지직,송하v,1451,1345,1332,1623,3.3,10,6.2727272727272725,20.7
치지직,하이 HI,1451,1449,1402,1501,4.5,9,5.866666666666666,26.4
치지직,하늘찬,1451.6,1136,1032,2029,1.1,13,9.272727272727273,10.2
SOOP,혤미,1452.4,1844,1893,816,27.9,6,3.5448028673835124,98.9
치지직,큐빈 Kyubin,1456.2,1345,1319,1649,3.1,10,6.354838709677419,19.7
치지직,한망울,1456.2,1345,1298,1670,2.9,10,6.517241379310345,18.9
치지직,쩡슈,1457,1193,1323,1723,2.7,12,6.333333333333333,17.1
치지직,닝 야,1459.6,1272,1819,1194,12.2,11,3.8278688524590163,46.7
치지직,치치아빠박현수,1461.4,1449,1343,1586,3.6,9,6.222222222222222,22.4
씨미,먀망,1461.8,1449,1324,1606,3.4,9,6.323529411764706,21.5
치지직,인댕댕,1462.6,1063,1259,1866,2,14,6.9,13.8
SOOP,브금뿜뿜,1462.8,1844,1436,1299,6.8,6,5.647058823529412,38.4
치지직,플로탸,1463.4,1685,1965,851,27.1,7,3.3321033210332103,90.3
SOOP,뜌덩,1464.2,1063,1038,2091,1,14,9.2,9.2
SOOP,Faith3,1465.4,1345,1197,1794,2.1,10,7.380952380952381,15.5
SOOP,임세계,1466,1562,1468,1416,5.8,8,5.448275862068965,31.6
SOOP,현이님♥,1467.2,1272,1326,1706,2.8,11,6.321428571428571,17.7
치지직,모모이로,1470.2,1193,1213,1866,1.9,12,7.2631578947368425,13.8
치지직,김종이 PaperKim,1472.2,1685,1920,918,22.1,7,3.4615384615384617,76.5
치지직,주니 JOONI,1472.2,1345,1210,1798,2.1,10,7.285714285714286,15.3
치지직,유도리카,1472.4,1562,1809,1091,14.4,8,3.861111111111111,55.6
치지직,아12시42분,1473.8,1345,1713,1299,9.1,10,4.21978021978022,38.4
치지직,PasaCrow,1475.4,1345,1293,1723,2.6,10,6.576923076923077,17.1
SOOP,멍라라,1475.6,1272,1158,1895,1.7,11,7.823529411764706,13.3
SOOP,호아띠☆,1476.4,1562,1486,1424,5.8,8,5.344827586206897,31
SOOP,서단아.,1476.6,1449,1399,1568,3.9,9,5.897435897435898,23
치지직,lynz 린지,1477.4,1685,2132,719,42.9,7,2.871794871794872,123.2
치지직,모 냐,1477.8,1193,1102,1996,1.3,12,8.384615384615385,10.9
SOOP,빠삐코TV,1478.2,2241,1966,609,50.1,4,3.3293413173652695,166.8
치지직,한 상 현,1480.8,1136,926,2208,0.7,13,10.857142857142858,7.6
치지직,셰 리 Sherry,1481.8,1449,1407,1573,3.9,9,5.846153846153846,22.8
치지직,연너,1483.2,1272,1009,2063,1,11,9.6,9.6
치지직,비올레티,1483.4,1449,1481,1503,4.9,9,5.36734693877551,26.3
SOOP,깍비빙,1484,1272,1042,2032,1.1,11,9.181818181818182,10.1
치지직,금침환,1484.2,1449,1275,1711,2.6,9,6.769230769230769,17.6
치지직,쮸베,1484.8,1562,1530,1401,6.3,8,5.126984126984127,32.3
치지직,ozz6,1485.8,1193,1202,1916,1.7,12,7.352941176470588,12.5
치지직,세히리,1486,1272,1213,1866,1.9,11,7.2631578947368425,13.8
치지직,뚀랑이,1486.2,1449,1185,1806,2,9,7.55,15.1
치지직,키이로옐,1486.2,1449,1641,1350,7.7,9,4.558441558441558,35.1
치지직,앉은태은,1486.2,1345,1480,1563,4.3,10,5.395348837209302,23.2
치지직,엘리시아 벨리오,1487.4,1449,1277,1717,2.6,9,6.730769230769231,17.5
SOOP,별시아,1487.6,1272,1139,1944,1.5,11,8,12
치지직,프 록 시,1488.2,1193,1955,1169,14.6,12,3.3493150684931505,48.9
치지직,그렐 GREL,1488.8,1272,1274,1812,2.2,11,6.7727272727272725,14.9
치지직,은성ow,1490,1562,1686,1258,9.7,8,4.309278350515464,41.8
SOOP,이윤성_,1490.2,1193,964,2165,0.8,12,10.25,8.2
치지직,거1겐,1490.2,1449,1945,1056,17.4,9,3.3793103448275863,58.8
SOOP,최윤주,1490.6,1685,1569,1315,7.5,7,4.96,37.2
SOOP,인티지,1492,2022,1894,825,27.1,5,3.5387453874538743,95.9
치지직,우주악당해적로봇,1492.2,1449,1415,1591,3.8,9,5.7894736842105265,22
치지직,게임하는 백상아리,1494.2,1345,1467,1596,4,10,5.45,21.8
치지직,시춘,1494.4,1272,1124,1976,1.4,11,8.142857142857142,11.4
SOOP,벨로스레아,1494.4,1562,1925,1030,18,8,3.45,62.1
치지직,양엔젤,1495.8,1449,1597,1418,6.5,9,4.846153846153846,31.5
치지직,퍼플리양,1497,1449,1690,1328,8.5,9,4.294117647058823,36.5
치지직,o빵봉투,1498,1136,1027,2150,0.9,13,9.333333333333334,8.4
SOOP,S서기수,1499.8,1193,933,2220,0.7,12,10.714285714285714,7.5
SOOP,새아미,1500.4,1272,1290,1825,2.2,11,6.590909090909091,14.5
치지직,owkamo,1500.8,1272,1590,1526,5.1,11,4.882352941176471,24.9
치지직,막판,1501.4,1685,1680,1231,10,7,4.34,43.4
SOOP,진현킴,1502,1272,1090,2029,1.2,11,8.5,10.2
치지직,펩제라 펩제라,1502.2,1345,1139,1944,1.5,10,8,12
SOOP,차티에,1502.4,1002,766,2489,0.3,15,13.666666666666666,4.1
치지직,장금만,1502.8,1562,2016,960,22.4,8,3.1517857142857144,70.6
치지직,고마생원,1504.4,1562,1971,1009,19.5,8,3.317948717948718,64.7
치지직,부유융,1508,1562,1502,1487,5.2,8,5.269230769230769,27.4
치지직,인돌 indoor,1509,1449,2152,896,28.6,9,2.8111888111888113,80.4
치지직,니크스,1509.2,1272,1841,1296,10.3,11,3.7475728155339807,38.6
치지직,뱀용,1510.2,1449,1758,1293,9.6,9,4.052083333333333,38.9
치지직,민트아가씨,1511,1193,1261,1920,1.8,12,6.888888888888889,12.4
SOOP,나레나레,1512.8,1272,972,2174,0.8,11,10.125,8.1
치지직,남보마,1513.4,1685,1528,1413,6.2,7,5.145161290322581,31.9
치지직,딸피2,1513.8,1345,1448,1664,3.4,10,5.588235294117647,19
SOOP,이로하♠,1514.6,1063,766,2489,0.3,14,13.666666666666666,4.1
치지직,랍벤뎀,1515,1449,1500,1563,4.4,9,5.2727272727272725,23.2
치지직,하채민,1515,1685,1455,1490,4.9,7,5.551020408163265,27.2
치지직,태시기Taesigi,1515.8,1685,2053,894,26.5,7,3.049056603773585,80.8
치지직,꿀곰이,1516,1562,2020,989,21.3,8,3.131455399061033,66.7
치지직,민디yam,1516.6,1449,2040,1027,20.3,9,3.0738916256157633,62.4
치지직,kirtw472832,1517.8,1449,1956,1114,16.1,9,3.347826086956522,53.9
SOOP,광살탄,1518.4,1844,1918,956,20.4,6,3.465686274509804,70.7
치지직,루 아 냥,1518.6,1345,1139,1985,1.4,10,8,11.2
치지직,앵 두몽,1518.8,1562,2126,890,28.3,8,2.8975265017667846,82
치지직,나모라고해,1519,1685,2005,950,22.3,7,3.192825112107623,71.2
치지직,씨 익,1519.2,1272,1166,1996,1.4,11,7.785714285714286,10.9
치지직,크뚜뚜,1519.8,1193,1004,2199,0.8,12,9.625,7.7
치지직,디움,1521.4,1193,1272,1935,1.8,12,6.777777777777778,12.2
치지직,시옷 동쨩,1522.6,1345,1223,1911,1.8,10,7.166666666666667,12.9
치지직,맬잉,1523.2,944,702,2634,0.2,16,15.5,3.1
치지직,예쁘찌냐,1524.6,1345,1390,1749,2.8,10,5.928571428571429,16.6
SOOP,다또링,1524.6,1449,1370,1717,2.9,9,6.0344827586206895,17.5
치지직,클린스카이,1525,1449,1457,1631,3.7,9,5.54054054054054,20.5
치지직,안개은신술,1525.4,1345,1545,1596,4.3,10,5.069767441860465,21.8
SOOP,HAVIRA,1526.6,1449,1389,1703,3,9,5.933333333333334,17.8
치지직,김 타 오,1527,1345,1901,1244,12.1,10,3.5289256198347108,42.7
치지직,고만둥,1527.4,1449,1550,1544,4.8,9,5.041666666666667,24.2
SOOP,돌바난,1527.8,1345,1050,2097,1,10,9.1,9.1
치지직,말렘,1528,1272,1995,1189,14.6,11,3.2260273972602738,47.1
SOOP,무지개항아리,1528.8,1844,1719,1181,11.3,6,4.212389380530974,47.6
치지직,정붕,1529.4,1345,2111,1040,20.8,10,2.951923076923077,61.4
SOOP,연주홍_,1531.2,1272,1035,2157,0.9,11,9.222222222222221,8.3
SOOP,야옹민지,1531.8,1345,1181,1976,1.5,10,7.6,11.4
SOOP,새턴-,1533,1685,1793,1197,11.8,7,3.906779661016949,46.1
SOOP,부버#,1533.4,1685,1478,1513,4.7,7,5.404255319148936,25.4
치지직,코라 qora,1533.6,1272,1549,1649,3.9,11,5.051282051282051,19.7
치지직,방가방가햄토리7602,1534.4,1562,1745,1310,9.1,8,4.1098901098901095,37.4
SOOP,lyn.z♡,1535.2,2022,2052,775,35,5,3.0514285714285716,106.8
치지직,식탁이,1535.2,1562,1615,1442,6.3,8,4.714285714285714,29.7
치지직,너가 좀 알려줘,1535.8,1345,1509,1658,3.7,10,5.243243243243243,19.4
치지직,졍끼끼,1536.6,1345,1281,1888,2,10,6.7,13.4
치지직,밍뭉망,1537.2,1562,1672,1390,7.5,8,4.386666666666667,32.9
치지직,솜하치,1539.6,1562,1863,1205,12.5,8,3.64,45.5
치지직,정포도,1539.6,1562,1606,1462,6,8,4.75,28.5
치지직,김 민트,1540.4,1562,1842,1228,11.8,8,3.7457627118644066,44.2
치지직,AZENT,1542,1272,1147,2072,1.2,11,7.916666666666667,9.5
치지직,마쉬멜로기록보관소,1542.4,1562,2043,1032,20.2,8,3.0693069306930694,62
치지직,솜달이,1543.2,1562,1670,1407,7.3,8,4.397260273972603,32.1
SOOP,김한솥,1544,1844,1759,1179,11.8,6,4.0508474576271185,47.8
치지직,오하순,1544.6,1685,1679,1340,8.2,7,4.341463414634147,35.6
치지직,한조키링녀,1547,1449,1483,1660,3.6,9,5.361111111111111,19.3
치지직,하 다람,1549.2,1562,1302,1790,2.4,8,6.5,15.6
치지직,가람아이,1549.8,1449,1414,1736,2.9,9,5.793103448275862,16.8
SOOP,기무댕,1551.8,1345,1417,1790,2.7,10,5.777777777777778,15.6
SOOP,신종이.,1552.4,2022,1989,881,26,5,3.246153846153846,84.4
치지직,제로아 ZeroA,1555,1345,1665,1550,5.4,10,4.425925925925926,23.9
치지직,쟈홍,1556.6,1685,2139,910,27.4,7,2.854014598540146,78.2
치지직,신드멘,1558.2,1449,1318,1853,2.2,9,6.363636363636363,14
SOOP,모기용,1558.2,1193,861,2438,0.4,12,11.75,4.7
치지직,뉴국재,1559,1345,2134,1091,19.4,10,2.865979381443299,55.6
치지직,다르 Dar,1561.8,1449,1215,1965,1.6,9,7.25,11.6
치지직,혜빵빵,1562.6,1345,1973,1261,12.6,10,3.3015873015873014,41.6
치지직,라쿤빠순이,1562.8,1136,1697,1642,4.7,13,4.276595744680851,20.1
치지직,쀼연,1564.4,1562,1404,1726,2.9,8,5.862068965517241,17
치지직,댕라미,1565.6,1562,1600,1533,5.1,8,4.823529411764706,24.6
SOOP,규태입니다,1566.2,1685,1696,1377,7.9,7,4.2784810126582276,33.8
치지직,블렘렘,1567,1685,1648,1427,6.8,7,4.514705882352941,30.7
치지직,자쪽,1567.8,1685,1741,1336,8.7,7,4.126436781609195,35.9
SOOP,백춘식.,1568.4,1844,1791,1208,11.6,6,3.913793103448276,45.4
치지직,송먀옹,1570.4,1562,1593,1552,4.9,8,4.857142857142857,23.8
SOOP,미쑬쩡,1571,1685,1470,1615,3.9,7,5.435897435897436,21.2
치지직,윤호인,1572.6,1449,1685,1522,5.8,9,4.327586206896552,25.1
치지직,최하설,1574,1562,1527,1627,4,8,5.15,20.6
치지직,즐겜쀼,1574.4,1562,1381,1774,2.7,8,5.962962962962963,16.1
SOOP,단디팍,1575.2,1844,1621,1395,7,6,4.671428571428572,32.7
치지직,주해우,1575.2,1844,2041,975,22.1,6,3.072398190045249,67.9
SOOP,안눙_,1577.4,1449,1278,1941,1.8,9,6.722222222222222,12.1
치지직,날2,1577.6,1562,1543,1620,4.1,8,5.073170731707317,20.8
치지직,도토리s,1577.8,1449,1217,2003,1.5,9,7.2,10.8
치지직,쫀띠,1578.2,1685,2347,756,49.5,7,2.2464646464646463,111.2
치지직,POTG 멋쟁이토마토,1578.6,1449,2010,1212,14.2,9,3.176056338028169,45.1
치지직,Omurang,1580.2,1449,1496,1730,3.2,9,5.28125,16.9
치지직,하우스 플리,1580.2,1449,1201,2025,1.4,9,7.357142857142857,10.3
치지직,삐 뇽,1580.8,1562,1472,1699,3.3,8,5.424242424242424,17.9
SOOP,꼬탄주한모금,1582.6,1685,1491,1623,3.9,7,5.3076923076923075,20.7
SOOP,한남99호,1582.6,1685,1618,1496,5.7,7,4.684210526315789,26.7
치지직,지영모1,1582.8,1562,2116,1060,19.9,8,2.9346733668341707,58.4
SOOP,하나★,1586.6,1345,1161,2133,1.1,10,7.818181818181818,8.6
치지직,국국세환,1587.6,1562,1482,1706,3.3,8,5.363636363636363,17.7
SOOP,프라이,1590.2,1449,1101,2150,1,9,8.4,8.4
SOOP,늘쫑,1590.6,1685,1572,1562,4.7,7,4.957446808510638,23.3
치지직,파이널리,1591.6,1272,1757,1586,5.5,11,4.072727272727272,22.4
치지직,마부카,1594.2,1449,1957,1304,11.4,9,3.3421052631578947,38.1
치지직,그베,1594.8,1562,1552,1654,3.9,8,5.0256410256410255,19.6
치지직,마키 Makii,1595.8,1685,1763,1384,8.3,7,4.024096385542169,33.4
치지직,박 대굴,1596.4,1272,1252,2103,1.3,11,6.923076923076923,9
SOOP,더픽스,1596.6,1685,1366,1783,2.6,7,6.076923076923077,15.8
치지직,고그형,1597.4,1345,1302,2019,1.6,10,6.5,10.4
치지직,밤밤94,1597.4,1685,2235,916,30.2,7,2.5397350993377485,76.7
SOOP,얼탭,1599.6,1562,1382,1836,2.4,8,5.958333333333333,14.3
SOOP,최함상우,1600,2022,1781,1208,11.5,5,3.9478260869565216,45.4
SOOP,마철용3,1600.6,2241,2027,854,29,4,3.103448275862069,90
치지직,미츄리,1602.2,1685,1635,1528,5.4,7,4.592592592592593,24.8
SOOP,닝야_Ningya,1602.8,2022,1805,1191,12.1,5,3.8677685950413223,46.8
SOOP,레비르,1603.6,1136,865,2576,0.3,13,11.666666666666666,3.5
SOOP,태썬,1604.4,1844,1828,1261,11,6,3.7818181818181817,41.6
치지직,i1ly,1605,1685,1698,1472,6.6,7,4.2727272727272725,28.2
SOOP,뿌뿌박스,1606.4,1844,1485,1609,4,6,5.35,21.4
치지직,하또랑,1606.8,1562,1566,1670,3.8,8,4.973684210526316,18.9
치지직,엥루 ENGLOU,1609,1345,1506,1844,2.7,10,5.2592592592592595,14.2
SOOP,코코넛프라페,1609,1685,1620,1560,5,7,4.68,23.4
치지직,l 키키 l,1609.8,1345,1163,2189,1,10,7.8,7.8
치지직,소나기온다,1611.4,1345,1191,2165,1.1,10,7.454545454545454,8.2
치지직,혜쭉,1612.4,1272,1275,2120,1.3,11,6.769230769230769,8.8
치지직,레이라 리코리스,1612.6,1449,1553,1754,3.3,9,5,16.5
치지직,쭈쭈네,1617,1449,2035,1283,12.9,9,3.0775193798449614,39.7
치지직,겨울누렁이,1619,1449,2153,1170,17.4,9,2.8045977011494254,48.8
SOOP,다쿠_,1620.8,1844,1811,1319,9.6,6,3.8541666666666665,37
치지직,민뇨미,1622,1562,1812,1462,7.4,8,3.8513513513513513,28.5
SOOP,임채리,1622.8,1562,1291,1985,1.7,8,6.588235294117647,11.2
SOOP,현자군,1623.8,1685,1411,1806,2.6,7,5.8076923076923075,15.1
치지직,귤먹고노래짐,1624.6,1685,2207,1012,24.7,7,2.611336032388664,64.5
치지직,로블록스 완뚜,1624.6,1345,1181,2208,1,10,7.6,7.6
치지직,하이지이,1625.2,1844,1833,1308,10,6,3.77,37.7
치지직,거짓이슬,1626,1562,2101,1183,15.9,8,2.9874213836477987,47.5
치지직,salgu6,1626,1844,1889,1254,11.8,6,3.559322033898305,42
치지직,하프냥 HafuNeKo,1628,1562,1932,1357,10.1,8,3.4158415841584158,34.5
치지직,해랑잉,1628.6,1345,1302,2097,1.4,10,6.5,9.1
SOOP,하뉴.,1629.4,1685,1369,1862,2.3,7,6.043478260869565,13.9
치지직,주녑 Junyeop,1629.8,1193,887,2591,0.3,12,11.333333333333334,3.4
치지직,치로미2,1630.2,1345,1151,2252,0.9,10,7.888888888888889,7.1
치지직,호나브로,1632.2,1685,2138,1100,19.3,7,2.854922279792746,55.1
SOOP,머곤:),1634.2,1685,1507,1736,3.2,7,5.25,16.8
치지직,기훈123,1635.2,1136,1448,2072,1.7,13,5.588235294117647,9.5
SOOP,단미♥,1636,1562,1296,2013,1.6,8,6.5625,10.5
치지직,차 메,1637,1685,2154,1096,19.8,7,2.803030303030303,55.5
치지직,폰다,1640.6,1685,1678,1581,5.2,7,4.346153846153846,22.6
치지직,Pav2l,1642.8,1562,1668,1658,4.4,8,4.409090909090909,19.4
치지직,웃보UTBO,1642.8,1562,1361,1965,1.9,8,6.105263157894737,11.6
치지직,셀 랑,1643.8,1345,1761,1676,4.6,10,4.043478260869565,18.6
치지직,블루 구피,1644.8,1002,724,2887,0.1,15,15,1.5
치지직,서이당,1644.8,1562,1553,1778,3.2,8,5,16
SOOP,제인♭,1645.4,1449,1181,2208,1,9,7.6,7.6
SOOP,콩빈,1646.8,2022,2166,940,26.5,5,2.750943396226415,72.9
치지직,V1STA,1648.2,1345,1650,1798,3.4,10,4.5,15.3
SOOP,킴슈,1649.4,1685,1311,1970,1.8,7,6.388888888888889,11.5
씨미,역촌동윤민수,1650,1844,1707,1496,6.3,6,4.238095238095238,26.7
치지직,서깜자,1650,2022,2206,908,30.1,5,2.6146179401993357,78.7
SOOP,백하누,1651.2,2022,2228,889,32.2,5,2.559006211180124,82.4
치지직,E클립S,1652.2,1685,1728,1560,5.6,7,4.178571428571429,23.4
치지직,Eim 이임,1653.6,1562,1442,1911,2.3,8,5.608695652173913,12.9
치지직,파라쏠,1654,1562,1655,1699,4,8,4.475,17.9
치지직,모개,1654.6,1345,1152,2312,0.8,10,7.875,6.3
치지직,루또 Rutto,1656.8,1562,1279,2082,1.4,8,6.714285714285714,9.4
SOOP,김종국국,1657,2241,2397,625,75.3,4,2.1248339973439574,160
치지직,낌어라,1657.6,1562,1383,1980,1.9,8,5.947368421052632,11.3
SOOP,케이꿍,1658.2,1685,1654,1649,4.4,7,4.4772727272727275,19.7
치지직,후유네 S2,1658.2,1345,1344,2129,1.4,10,6.214285714285714,8.7
치지직,삐딱냥,1658.8,1844,2175,1050,21.6,6,2.740740740740741,59.2
치지직,뚜시땨시,1658.8,1562,1838,1528,6.6,8,3.757575757575758,24.8
씨미,방유청,1660.6,1345,1084,2395,0.6,10,8.666666666666666,5.2
치지직,뿌랫,1660.6,1685,1465,1844,2.6,7,5.461538461538462,14.2
치지직,김연랑,1661,1345,1428,2052,1.7,10,5.705882352941177,9.7
치지직,쁠러팅,1663.4,1345,1845,1641,5.4,10,3.740740740740741,20.2
SOOP,크헐헐,1663.8,1685,1397,1920,2.1,7,5.904761904761905,12.4
치지직,요츠네,1664.4,1562,1977,1403,9.8,8,3.2857142857142856,32.2
SOOP,강까르_,1664.4,2022,1796,1354,8.9,5,3.898876404494382,34.7
치지직,0쨍쨍이0,1666.6,1685,1733,1591,5.3,7,4.150943396226415,22
SOOP,청순딜러,1667.2,1844,1619,1627,4.4,6,4.681818181818182,20.6
치지직,무홍시,1668.8,1562,1456,1935,2.2,8,5.545454545454546,12.2
치지직,김고도,1670.2,1449,2298,1153,21.1,9,2.3838862559241707,50.3
SOOP,터둥.,1671.6,1562,1580,1818,3,8,4.9,14.7
치지직,이나프 NafeX,1672.2,1449,1737,1719,4.2,9,4.142857142857143,17.4
치지직,오리구연,1673.4,1685,2295,1046,25,7,2.392,59.8
SOOP,암살냥,1673.6,2022,1610,1563,4.9,5,4.73469387755102,23.2
SOOP,Ado,1676.4,1562,1307,2103,1.4,8,6.428571428571429,9
치지직,흐 림,1676.6,1685,1790,1559,6,7,3.9166666666666665,23.5
SOOP,박이언,1677.2,1562,1255,2157,1.2,8,6.916666666666667,8.3
치지직,쵸코영웅,1677.4,1449,1312,2157,1.3,9,6.384615384615385,8.3
SOOP,유어수키,1678.2,1449,1124,2347,0.7,9,8.142857142857142,5.7
치지직,리차드373,1683.2,1562,1583,1844,2.9,8,4.896551724137931,14.2
SOOP,하푸띠,1683.2,1844,1820,1466,7.4,6,3.824324324324324,28.3
치지직,오데트Odette,1683.8,1449,1352,2133,1.4,9,6.142857142857143,8.6
치지직,홍말차,1684.2,1345,1519,2019,2,10,5.2,10.4
SOOP,#최무성,1687.6,2022,1954,1254,12.5,5,3.36,42
치지직,카 신,1688.8,1562,1542,1899,2.6,8,5.076923076923077,13.2
치지직,방모걸,1689,1685,1631,1749,3.6,7,4.611111111111111,16.6
치지직,포 얼,1689.4,1685,1993,1388,10.2,7,3.235294117647059,33
SOOP,다크리퍼,1690.4,2022,1739,1476,6.8,5,4.132352941176471,28.1
SOOP,다엘_,1692,1844,1735,1573,5.5,6,4.1454545454545455,22.8
치지직,yeoning,1692.2,1345,1338,2220,1.2,10,6.25,7.5
치지직,PLANNA 유나공주,1692.8,1562,2030,1421,10.1,8,3.099009900990099,31.3
치지직,메냥e,1693.2,1562,1873,1579,6.3,8,3.6031746031746033,22.7
치지직,대추야자,1693.2,1844,2214,1097,21.4,6,2.588785046728972,55.4
SOOP,그림자2,1694,2530,2441,529,102.9,3,2.0330417881438287,209.2
치지직,아무 AMU,1694.8,1562,1568,1888,2.7,8,4.962962962962963,13.4
치지직,엘쁜,1695.6,1562,1585,1873,2.8,8,4.892857142857143,13.7
SOOP,해피핑,1696,2022,2061,1168,16.2,5,3.0246913580246915,49
치지직,칼리오스임미다,1697,1449,1533,1985,2.2,9,5.090909090909091,11.2
치지직,꾸준이,1697,1449,2209,1309,14.4,9,2.6041666666666665,37.5
SOOP,wanew11,1697.6,2022,2184,1049,22,5,2.6954545454545453,59.3
SOOP,아카제_,1698,1844,1517,1806,2.9,6,5.206896551724138,15.1
치지직,선이서니 Sunny,1699.8,1449,1832,1693,4.8,9,3.7708333333333335,18.1
치지직,예몽몽,1700,1562,1312,2157,1.3,8,6.384615384615385,8.3
치지직,도 마 도,1700.4,2022,2333,907,34.6,5,2.277456647398844,78.8
SOOP,elvaow,1700.6,2241,1929,1202,13.4,4,3.425373134328358,45.9
치지직,라인하르트몽실이,1700.8,1272,1754,1862,3.4,11,4.088235294117647,13.9
SOOP,강구리100,1702,2022,2009,1235,13.6,5,3.176470588235294,43.2
치지직,은솜e,1702.4,1562,1622,1853,3,8,4.666666666666667,14
치지직,Aragakiyui,1704.4,1272,1553,2072,1.9,11,5,9.5
SOOP,성찬킴,1704.8,1844,1614,1726,3.6,6,4.722222222222222,17
치지직,PANDADA,1705,1685,1424,1996,1.9,7,5.7368421052631575,10.9
치지직,크로캣,1705.4,1685,2398,1023,29.7,7,2.1245791245791246,63.1
치지직,루 안 Luan,1705.4,1685,2181,1240,15.9,7,2.7044025157232703,43
치지직,솔라solar,1706.8,1844,2065,1280,13.3,6,3,39.9
치지직,조연어,1707,1345,1272,2323,0.9,10,6.777777777777778,6.1
씨미,졸라gjk,1709,1449,1236,2312,0.9,9,7,6.3
치지직,몽키쌤,1710.6,1685,1669,1765,3.7,7,4.405405405405405,16.3
치지직,박주경,1713,1449,1705,1853,3.3,9,4.242424242424242,14
치지직,루네리 Luneri,1713,1685,1710,1730,4,7,4.225,16.9
치지직,르녜,1714.4,1562,1715,1790,3.7,8,4.216216216216216,15.6
SOOP,재현_06,1716,1844,1726,1642,4.8,6,4.1875,20.1
치지직,소애 Soae,1716.4,1562,1850,1660,5.2,8,3.7115384615384617,19.3
SOOP,김알짱,1717.2,2022,2135,1147,17.8,5,2.859550561797753,50.9
SOOP,_몽총이,1719.2,2022,1721,1566,5.5,5,4.2,23.1
치지직,세현 Sehyun,1720.6,1685,1451,2008,1.9,7,5.578947368421052,10.6
치지직,미소롭게,1721.8,1345,1706,1926,2.9,10,4.241379310344827,12.3
SOOP,마키___,1722.2,1685,1969,1494,8.1,7,3.3209876543209877,26.9
치지직,행주맨,1723.4,1449,1794,1790,4,9,3.9,15.6
치지직,이신나,1723.6,1562,2044,1484,9,8,3.066666666666667,27.6
치지직,지우나,1724,1562,1351,2178,1.3,8,6.153846153846154,8
치지직,릅이Reubi,1725,1685,1843,1627,5.5,7,3.7454545454545456,20.6
SOOP,소규.,1725.8,2241,1892,1302,10.8,4,3.5462962962962963,38.3
치지직,김이딴,1726.2,1685,1344,2129,1.4,7,6.214285714285714,8.7
SOOP,서인택,1729.6,1844,1676,1726,3.9,6,4.358974358974359,17
SOOP,힛밤,1730,2022,2051,1263,13.6,5,3.051470588235294,41.5
치지직,꽃라오,1732.4,1844,1755,1654,4.8,6,4.083333333333333,19.6
치지직,쥬쥬브,1732.8,1844,1688,1722,4,6,4.3,17.2
치지직,l하뇽이l,1733.6,1562,1863,1690,5,8,3.64,18.2
치지직,럭키리,1733.8,1685,1899,1593,6.2,7,3.532258064516129,21.9
치지직,권무효,1733.8,1449,1602,2008,2.2,9,4.818181818181818,10.6
SOOP,고로고롱롱,1734.2,2241,1974,1241,13,4,3.3,42.9
치지직,여우별Planet,1735.4,1345,1488,2178,1.5,10,5.333333333333333,8
치지직,흑두꺼비,1736.2,1685,1756,1742,4.1,7,4.073170731707317,16.7
SOOP,이두식,1739.2,1562,1626,1941,2.6,8,4.653846153846154,12.1
치지직,이롱롱이,1740,1562,1815,1754,4.3,8,3.8372093023255816,16.5
치지직,아람치,1740.4,1844,2002,1427,9.6,6,3.1979166666666665,30.7
SOOP,짜이건,1741.8,2241,2102,1132,17.6,4,2.9829545454545454,52.5
치지직,남이진,1742,1844,2656,777,70.3,6,1.5163584637268848,106.6
치지직,Developow,1742.6,1685,1702,1812,3.5,7,4.257142857142857,14.9
SOOP,김주헌,,1742.8,2022,1800,1546,6.2,5,3.8870967741935485,24.1
SOOP,서로2,1744,1562,1348,2231,1.2,8,6.166666666666667,7.4
치지직,민 빵,1744.2,1449,1666,1970,2.6,9,4.423076923076923,11.5
치지직,라무쓰,1744.8,1562,1484,2097,1.7,8,5.352941176470588,9.1
치지직,0빵찐0,1745.2,1562,1846,1736,4.5,8,3.7333333333333334,16.8
SOOP,김서후,1745.2,1562,1462,2120,1.6,8,5.5,8.8
치지직,곰머꼭이,1747.4,1449,1524,2120,1.7,9,5.176470588235294,8.8
치지직,치지직도붕이,1747.8,1685,1959,1568,6.9,7,3.3333333333333335,23
치지직,우주의진리,1748,1272,1450,2284,1.2,11,5.583333333333333,6.7
치지직,마옐,1748.4,1844,1743,1706,4.3,6,4.116279069767442,17.7
치지직,오만찡,1748.4,2022,2164,1196,16.8,5,2.761904761904762,46.4
치지직,오늘도연하,1748.6,1685,1723,1806,3.6,7,4.194444444444445,15.1
치지직,쩐다롱,1748.8,1844,1860,1590,6.1,6,3.6557377049180326,22.3
치지직,므론,1750.8,2022,2044,1322,12,5,3.066666666666667,36.8
치지직,구른돌 gureundol,1751,1685,1622,1913,2.7,7,4.666666666666667,12.6
치지직,하파이브,1752,1562,1332,2267,1.1,8,6.2727272727272725,6.9
SOOP,까복치,1756.2,2241,1976,1294,11.8,4,3.288135593220339,38.8
치지직,달냥 MOONCAT,1757.4,1449,1408,2261,1.2,9,5.833333333333333,7
SOOP,이달범,1757.8,2241,2017,1257,13.3,4,3.1503759398496243,41.9
치지직,유안Uan,1758,1844,1675,1798,3.5,6,4.371428571428571,15.3
치지직,때으니,1759.8,1063,1903,1965,3.3,14,3.515151515151515,11.6
치지직,불뚜기,1761.8,1685,1737,1825,3.5,7,4.142857142857143,14.5
치지직,녹차쓰,1762.8,1562,1731,1895,3.2,8,4.15625,13.3
SOOP,새림,1764.6,1685,1497,2072,1.8,7,5.277777777777778,9.5
치지직,콩실이s,1767.2,1844,1851,1645,5.4,6,3.7037037037037037,20
치지직,내가바로칸나,1767.4,1449,2171,1523,9.1,9,2.7472527472527473,25
치지직,른자 leunja,1767.6,2022,2424,984,32.4,5,2.0709876543209877,67.1
SOOP,김민석:0,1767.6,1844,1953,1544,7.2,6,3.361111111111111,24.2
SOOP,남재건,1768.8,2022,1933,1478,8.2,5,3.4146341463414633,28
SOOP,흑생,1769.8,2241,1866,1438,8.3,4,3.6265060240963853,30.1
치지직,o삐뿌o,1771.2,1844,1906,1600,6.2,6,3.5,21.7
치지직,Max C,1773.4,1685,1392,2199,1.3,7,5.923076923076923,7.7
치지직,유마인,1775.8,1685,1861,1736,4.6,7,3.652173913043478,16.8
SOOP,박오훈,1776.8,2530,2372,805,46.3,3,2.1771058315334773,100.8
SOOP,오울입니다,1778.2,2241,1937,1388,9.7,4,3.402061855670103,33
치지직,인티지,1779,1685,2490,1115,27.2,7,1.9779411764705883,53.8
치지직,빠쿄,1780,1562,1584,2085,1.9,8,4.894736842105263,9.3
치지직,owSWOO,1781,1449,1529,2199,1.5,9,5.133333333333334,7.7
치지직,최강윤민,1781,1685,1525,2085,1.8,7,5.166666666666667,9.3
SOOP,든세2,1781,2241,1992,1340,11,4,3.2363636363636363,35.6
SOOP,TenTen_ow,1781.4,1685,1548,2063,1.9,7,5.052631578947368,9.6
치지직,너구리데구리,1782.2,1685,1777,1836,3.6,7,3.9722222222222223,14.3
치지직,솔 2,1786,1844,1765,1778,4,6,4,16
치지직,쵸 연,1786.8,1562,1574,2112,1.8,8,4.944444444444445,8.9
치지직,샤오링링,1787.2,1844,1553,1993,2.2,6,5,11
치지직,바이이잉,1789.6,1562,1786,1907,3.3,8,3.9393939393939394,13
치지직,여울이세상,1791.2,1562,2214,1483,10.7,8,2.588785046728972,27.7
치지직,초순이,1792.6,1345,2128,1681,6.4,10,2.890625,18.5
치지직,백도완,1794.6,1685,1808,1836,3.7,7,3.864864864864865,14.3
치지직,김한율,1794.6,1685,1968,1676,5.6,7,3.3214285714285716,18.6
치지직,뿅 아리,1794.8,1844,2216,1349,13.6,6,2.588235294117647,35.2
SOOP,개굴이,1795.2,1844,1475,2091,1.7,6,5.411764705882353,9.2
치지직,듀비 Dubee,1796.2,1685,1596,2052,2,7,4.85,9.7
치지직,김고겸,1796.4,1844,1815,1754,4.3,6,3.8372093023255816,16.5
SOOP,갱갱_♥,1796.4,1844,1643,1926,2.7,6,4.555555555555555,12.3
치지직,국티Gugty,1797.6,1844,1915,1657,5.6,6,3.482142857142857,19.5
치지직,카스퍼,1799.2,1844,2165,1411,11.6,6,2.7586206896551726,32
치지직,뿅뿅호랑이,1800,1562,1315,2404,0.8,8,6.375,5.1
치지직,세세리,1800.4,1844,1830,1749,4.4,6,3.772727272727273,16.6
SOOP,가쿠인,1800.6,2241,2112,1269,14,4,2.942857142857143,41.2
SOOP,태수!!,1801.2,1844,1703,1878,3.2,6,4.25,13.6
SOOP,메츄리알,1801.6,1844,1647,1935,2.7,6,4.518518518518518,12.2
치지직,UNIV2R,1802.4,1562,1359,2366,0.9,8,6.111111111111111,5.5
SOOP,세르초이,1803,2241,2019,1368,10.8,4,3.1481481481481484,34
SOOP,남네님,1803,2241,1926,1461,8.3,4,3.4457831325301207,28.6
치지직,아름잉,1803.4,1685,2303,1363,14.5,7,2.3586206896551722,34.2
치지직,채류진,1803.6,1272,913,2960,0.1,11,11,1.1
SOOP,[동구리],1804,2022,1817,1682,4.8,5,3.8333333333333335,18.4
치지직,몰티의 게임,1804.4,2022,2155,1345,12.6,5,2.8015873015873014,35.3
치지직,나 봉,1804.4,1562,1765,1965,2.9,8,4,11.6
치지직,민사달팽이,1804.8,2022,2059,1442,9.8,5,3.0306122448979593,29.7
치지직,인간승릐,1805.2,1844,1880,1711,4.9,6,3.5918367346938775,17.6
SOOP,이요담,1805.2,1844,1880,1711,4.9,6,3.5918367346938775,17.6
SOOP,김만섭999,1806.6,2241,1823,1573,6,4,3.8,22.8
치지직,쭈망이,1807.4,1449,1328,2466,0.7,9,6.285714285714286,4.4
치지직,Kutsu,1807.6,1844,1494,2103,1.7,6,5.294117647058823,9
SOOP,재민-0.0,1807.6,2022,1664,1844,3.2,5,4.4375,14.2
치지직,배니뮤,1809,1685,2049,1631,6.7,7,3.0597014925373136,20.5
SOOP,프로펫,1810,1844,2065,1538,8.1,6,3,24.3
치지직,체이 서,1810.8,1844,2299,1306,15.9,6,2.3836477987421385,37.9
치지직,범고래뱃살,1811,1685,2250,1435,12.1,7,2.4958677685950414,30.2
치지직,공까,1812.2,1685,1421,2267,1.2,7,5.75,6.9
SOOP,균잉-,1813.2,2022,1999,1523,7.8,5,3.2051282051282053,25
치지직,은라비,1813.2,1562,1720,2032,2.4,8,4.208333333333333,10.1
치지직,덕만이01,1813.2,1844,2277,1334,14.9,6,2.4161073825503356,36
SOOP,리저,1815.4,1449,1553,2261,1.4,9,5,7
치지직,개그만화,1816.8,1844,2390,1230,20.4,6,2.1372549019607843,43.6
치지직,빠니볼,1817,1685,1747,1953,2.9,7,4.103448275862069,11.9
치지직,김칸타,1818.2,1685,1458,2245,1.3,7,5.538461538461538,7.2
치지직,샛잎,1818.4,1562,1600,2165,1.7,8,4.823529411764706,8.2
치지직,연 화 Yeon hwa,1819.6,1844,1783,1844,3.6,6,3.9444444444444446,14.2
SOOP,2이시윤,1819.6,1844,1580,2047,2,6,4.9,9.8
치지직,크온유,1819.8,1685,1587,2120,1.8,7,4.888888888888889,8.8
치지직,이후후후,1819.8,1685,1587,2120,1.8,7,4.888888888888889,8.8
치지직,로다모,1820.2,1685,1519,2189,1.5,7,5.2,7.8
치지직,야마구치 유키,1820.6,1685,1765,1944,3,7,4,12
SOOP,lemonpea,1820.8,1562,1474,2297,1.2,8,5.416666666666667,6.5
씨미,나고님,1821.2,1844,1612,2019,2.2,6,4.7272727272727275,10.4
치지직,안녕나기,1821.6,1844,2287,1345,14.7,6,2.401360544217687,35.3
치지직,김땡땡72,1822,1844,2251,1382,13.5,6,2.488888888888889,33.6
치지직,루 망,1822.2,1685,2233,1480,10.9,7,2.55045871559633,27.8
치지직,닉길,1823.2,1562,2433,1344,17.2,8,2.058139534883721,35.4
치지직,이히로 HERO,1825,1685,1724,1996,2.6,7,4.1923076923076925,10.9
SOOP,앵뚠이,1826.8,2022,2064,1492,9,5,3.011111111111111,27.1
치지직,니빙,1827,1685,1359,2366,0.9,7,6.111111111111111,5.5
치지직,김득춘,1827.6,1562,2014,1774,5.1,8,3.156862745098039,16.1
SOOP,먕이♬,1829.8,1685,1398,2334,1,7,5.9,5.9
치지직,반지하냥,1829.8,1449,1373,2477,0.7,9,6,4.2
SOOP,우짜.,1831.2,1844,1627,2029,2.2,6,4.636363636363637,10.2
SOOP,김다원.,1831.2,2022,1802,1765,4.2,5,3.880952380952381,16.3
치지직,라엘 L4el,1832.4,1844,1917,1742,4.8,6,3.4791666666666665,16.7
치지직,TEMA,1832.6,1685,2112,1627,7,7,2.942857142857143,20.6
치지직,아기해달S2,1835,1685,1862,1883,3.7,7,3.6486486486486487,13.5
치지직,루루튀김,1835.8,1685,1590,2157,1.7,7,4.882352941176471,8.3
치지직,엘브스,1835.8,1685,2542,1205,24.5,7,1.8571428571428572,45.5
치지직,나오스0,1837,1685,2141,1609,7.5,7,2.8533333333333335,21.4
치지직,김만섭999,1837,2241,2328,1144,22.4,4,2.2901785714285716,51.3
치지직,윤별3,1838,1562,1606,2208,1.6,8,4.75,7.6
SOOP,하현♪,1842,2022,1776,1818,3.7,5,3.972972972972973,14.7
치지직,김삼이,1843.6,1562,1462,2366,1,8,5.5,5.5
SOOP,_CHR_Horner_,1844.2,2241,1938,1552,7,4,3.4,23.8
SOOP,개골링,1844.2,2241,2230,1260,16.3,4,2.558282208588957,41.7
치지직,B4DGUY,1844.4,1562,2221,1609,8.3,8,2.5783132530120483,21.4
SOOP,라붕,1846,2022,1660,1944,2.7,5,4.444444444444445,12
SOOP,유세모,1846.2,2241,2105,1390,11.1,4,2.963963963963964,32.9
SOOP,누구냥패왕섹,1847,2241,1984,1513,7.8,4,3.2564102564102564,25.4
치지직,오 롯 이,1847.4,1449,1348,2546,0.6,9,6.166666666666667,3.7
치지직,가 시 나,1848.2,1685,1681,2097,2.1,7,4.333333333333333,9.1
치지직,코하로,1848.6,1685,1605,2174,1.7,7,4.764705882352941,8.1
치지직,김망고O,1849,1685,2133,1647,6.9,7,2.869565217391304,19.8
치지직,리오 UPiA RiO,1849,1685,1822,1958,3.1,7,3.806451612903226,11.8
SOOP,와쯔입니다,1849.6,1844,1373,2329,1,6,6,6
SOOP,델핀Delphin,1857.6,2022,1750,1883,3.3,5,4.090909090909091,13.5
치지직,오 밥,1858,1844,1762,1961,2.9,6,4.0344827586206895,11.7
치지직,자몽맛파이리,1859.6,1844,2063,1664,6.3,6,3.015873015873016,19
치지직,요기yogi,1860.8,1562,1421,2450,0.8,8,5.75,4.6
SOOP,맹우주._.,1861.8,1685,1236,2576,0.5,7,7,3.5
치지직,이루원,1862,1844,1744,1989,2.7,6,4.111111111111111,11.1
치지직,오트입니다,1862.2,1449,1879,2052,2.7,9,3.5925925925925926,9.7
SOOP,도이한,1862.8,2022,1821,1825,3.8,5,3.8157894736842106,14.5
치지직,비제이대천사,1863.8,1685,2622,1195,28.7,7,1.6202090592334495,46.5
치지직,그림자2,1865,1685,2971,849,102.3,7,0.8836754643206256,90.4
치지직,강바다 BADA,1865.8,1685,1779,2043,2.5,7,3.96,9.9
치지직,시저1,1865.8,1685,2369,1453,13.3,7,2.18796992481203,29.1
SOOP,도이리_,1867.6,1844,1373,2374,0.9,6,6,5.4
치지직,앵직,1869,1685,2307,1523,10.7,7,2.336448598130841,25
치지직,최 우 창,1869.2,2022,1972,1690,5.5,5,3.309090909090909,18.2
SOOP,므가앙,1871.8,1685,1617,2220,1.6,7,4.6875,7.5
SOOP,광폿,1872,1844,1491,2267,1.3,6,5.3076923076923075,6.9
치지직,정아ㅏㅏ,1872.2,1685,1660,2178,1.8,7,4.444444444444445,8
치지직,보름2e,1873,1685,2057,1783,5.2,7,3.0384615384615383,15.8
치지직,백은무,1874.6,1685,1525,2319,1.2,7,5.166666666666667,6.2
치지직,임평,1874.8,2022,2012,1664,6,5,3.1666666666666665,19
치지직,밍콩콩,1875.2,1844,1714,2052,2.3,6,4.217391304347826,9.7
치지직,멧비둘기0,1876,1844,2003,1765,5.1,6,3.196078431372549,16.3
치지직,네페르,1877.6,1844,1622,2150,1.8,6,4.666666666666667,8.4
치지직,지백티비,1877.8,1685,2516,1336,18.7,7,1.9197860962566844,35.9
치지직,옥농이,1878.4,1844,1848,1926,3.3,6,3.727272727272727,12.3
SOOP,럭키리@,1879.2,2022,1930,1757,4.8,5,3.4166666666666665,16.4
치지직,짤맨,1880,1562,1906,2013,3,8,3.5,10.5
치지직,이민환 LeeMinHwan,1880.2,1449,1856,2120,2.4,9,3.6666666666666665,8.8
SOOP,순식간val,1881.4,1685,1538,2323,1.2,7,5.083333333333333,6.1
치지직,뗭니,1882.2,1449,1729,2252,1.7,9,4.176470588235294,7.1
치지직,Delireonirique,1882.8,1562,2023,1903,4.2,8,3.119047619047619,13.1
치지직,아루미 ARUMI,1884,1562,1426,2503,0.7,8,5.714285714285714,4
치지직,임금 GOLD,1885.4,1685,1421,2450,0.8,7,5.75,4.6
SOOP,제론__,1886,1562,1175,2759,0.3,8,7.666666666666667,2.3
치지직,레드오랭지,1886,1562,1175,2759,0.3,8,7.666666666666667,2.3
SOOP,새벽별__,1887.2,1844,1693,2103,2.1,6,4.285714285714286,9
SOOP,Ace다복,1887.2,1844,1544,2252,1.4,6,5.071428571428571,7.1
SOOP,콜로니,1888.4,2022,1904,1806,4.3,5,3.511627906976744,15.1
치지직,세웅99,1889.2,2022,2643,1069,37.2,5,1.5564516129032258,57.9
치지직,안인성,1891.2,2022,2210,1507,10,5,2.6,26
SOOP,파라쏠,1892.4,2022,1884,1836,4,5,3.575,14.3
치지직,이요닝,1892.4,2022,2636,1084,35.6,5,1.5786516853932584,56.2
치지직,은 려,1893.4,1685,1533,2358,1.1,7,5.090909090909091,5.6
치지직,les예지주,1893.6,1844,1959,1853,4.2,6,3.3333333333333335,14
치지직,야네 YANE,1894,1844,1810,2003,2.8,6,3.857142857142857,10.8
SOOP,나이프울프,1894.8,2022,1576,2150,1.7,5,4.9411764705882355,8.4
치지직,민짜이공,1897.6,2022,2542,1191,25.2,5,1.8571428571428572,46.8
SOOP,환익,1898.4,1844,1871,1953,3.3,6,3.606060606060606,11.9
SOOP,에라이e,1899.8,2241,2340,1289,17.4,4,2.2528735632183907,39.2
치지직,미시감,1901.6,1844,2217,1615,8.2,6,2.5853658536585367,21.2
치지직,이쩜쩜,1902,2022,2159,1585,8.1,5,2.7777777777777777,22.5
치지직,안룡98,1902,1844,2018,1815,4.7,6,3.148936170212766,14.8
SOOP,묘앵,1902.4,2022,1872,1873,3.8,5,3.6052631578947367,13.7
치지직,앙오예,1902.6,1685,1519,2395,1,7,5.2,5.2
SOOP,광진광,1903,2241,2222,1415,12.3,4,2.5772357723577235,31.7
치지직,오하루땅,1903.2,2022,2402,1345,16.7,5,2.1137724550898205,35.3
치지직,강후니 Hoony,1903.6,2022,2315,1433,13.1,5,2.3206106870229006,30.4
치지직,투유toyou,1903.6,1844,2574,1263,23.2,6,1.7887931034482758,41.5
SOOP,자용이,1904,1562,1205,2774,0.3,8,7.333333333333333,2.2
치지직,브야세,1906,1844,2585,1258,23.9,6,1.7489539748953975,41.8
치지직,맴마,1908.6,1685,1426,2503,0.7,7,5.714285714285714,4
치지직,유아루,1909.4,1685,2065,1866,4.6,7,3,13.8
치지직,민포포,1909.6,2022,1919,1844,4.1,5,3.4634146341463414,14.2
치지직,루메룬,1910,2022,2702,1062,41,5,1.421951219512195,58.3
치지직,건전한배틀테그1,1910,1562,1852,2142,2.3,8,3.6956521739130435,8.5
치지직,밍녕,1910,1844,1750,2103,2.2,6,4.090909090909091,9
치지직,열무엄마,1911.4,1685,1532,2404,1,7,5.1,5.1
치지직,바다 쇠오리,1911.6,1562,1916,2082,2.7,8,3.4814814814814814,9.4
치지직,띠로리천사,1912.4,1844,2322,1537,10.6,6,2.30188679245283,24.4
치지직,트위치바쿠간,1914.8,2022,2505,1271,21.2,5,1.9339622641509433,41
SOOP,불녀,1915.4,2241,2353,1315,16.7,4,2.2275449101796405,37.2
SOOP,여물치,1916.2,1449,1062,3004,0.1,9,9,0.9
치지직,쭈닝owo,1916.2,1449,1062,3004,0.1,9,9,0.9
치지직,로젤링,1916.8,1844,1681,2189,1.8,6,4.333333333333333,7.8
치지직,신성이,1916.8,1844,2223,1647,7.7,6,2.5714285714285716,19.8
치지직,유아 0w0,1917.2,1844,1593,2278,1.4,6,4.857142857142857,6.8
치지직,Goo9ooCat,1919.2,1844,2378,1498,12.3,6,2.16260162601626,26.6
SOOP,도크리1,1922.2,2241,2327,1358,15,4,2.2933333333333334,34.4
치지직,이 로 지,1923.4,1345,1698,2438,1.1,10,4.2727272727272725,4.7
치지직,임다은,1924.2,1685,2226,1742,6.5,7,2.5692307692307694,16.7
SOOP,타로12,1924.8,2530,2445,1102,27.2,3,2.014705882352941,54.8
치지직,노루나 Noruna,1925.6,1844,1985,1907,4,6,3.25,13
SOOP,성진이성진,1927.4,2831,2599,804,60.2,2,1.6777408637873754,101
치지직,쭈쿵,1927.6,1844,1998,1899,4.1,6,3.2195121951219514,13.2
치지직,아란시아,1928.4,1844,1847,2052,2.6,6,3.730769230769231,9.7
치지직,하늘을날으고,1929.2,2022,1854,1958,3.2,5,3.6875,11.8
치지직,김딩가,1929.2,2022,2487,1325,18.4,5,1.9891304347826086,36.6
치지직,시쿠로,1929.6,1844,1870,2032,2.8,6,3.607142857142857,10.1
치지직,크헐헐,1929.6,1844,1760,2142,2.1,6,4.0476190476190474,8.5
SOOP,성수_,1930,2022,1606,2208,1.6,5,4.75,7.6
치지직,펜리르405,1930.6,1685,1408,2576,0.6,7,5.833333333333333,3.5
치지직,멍태희,1931.8,1685,1830,2157,2.2,7,3.772727272727273,8.3
치지직,복날강아지,1933.2,2022,2004,1818,4.6,5,3.1956521739130435,14.7
SOOP,심복춘,1934,1844,1748,2165,2,6,4.1,8.2
치지직,세린1004,1935.2,1844,1804,2112,2.3,6,3.869565217391304,8.9
SOOP,리수냥,1935.4,2241,2118,1600,7.4,4,2.9324324324324325,21.7
치지직,멜차입니다,1936.2,1685,1471,2527,0.7,7,5.428571428571429,3.8
SOOP,dotable,1937,2241,1839,1883,3.6,4,3.75,13.5
치지직,오슈니,1938,1844,1885,2038,2.8,6,3.5714285714285716,10
치지직,jojii,1938.4,2022,2422,1413,15.4,5,2.0714285714285716,31.9
치지직,하연우,1940,1844,1690,2238,1.7,6,4.294117647058823,7.3
SOOP,장원명,1940,1844,1690,2238,1.7,6,4.294117647058823,7.3
SOOP,카스퍼,1940.2,2241,2264,1466,11.6,4,2.439655172413793,28.3
SOOP,킴캐리,1940.4,2530,2446,1140,25.6,3,2.01171875,51.5
치지직,안녕하곰,1940.8,2022,2686,1155,34.4,5,1.4563953488372092,50.1
SOOP,P.삐로,1940.8,1844,1373,2557,0.6,6,6,3.6
치지직,맹설오,1942.4,1844,1990,1944,3.7,6,3.2432432432432434,12
치지직,꽃 여름,1944.4,1844,1639,2300,1.4,6,4.571428571428571,6.4
치지직,오히루,1945.2,1562,2394,1688,8.6,8,2.127906976744186,18.3
치지직,과천호,1946.4,2022,2219,1636,7.9,5,2.5822784810126582,20.4
치지직,김학,1948.2,1685,1797,2231,1.9,7,3.8947368421052633,7.4
치지직,탄잡스,1949.2,1844,1513,2438,0.9,6,5.222222222222222,4.7
치지직,여행감자,1949.2,1844,2107,1844,4.8,6,2.9583333333333335,14.2