플랫폼,스트리머,포인트,최고 시청자 순위,평균 시청자 순위,뷰어십 순위,방송시간,최고시청자,평균시청자,뷰어십
치지직,풍월량,1.4,1,2,1,28.2,16986,12582.687943262412,354831.8
치지직,한동숙,2,2,1,3,13.8,16608,12692.101449275362,175151
치지직,괴물쥐,3.4,5,4,2,28,8697,6704.185714285714,187717.2
SOOP,타요*,3.4,3,3,4,20.3,10739,8148.403940886699,165412.6
치지직,탬탬버린,4.8,4,5,5,11.6,8853,6263.017241379311,72651
치지직,텐코 시부키,6,6,6,6,10.1,7417,6229.415841584158,62917.1
치지직,아라하시 타비,8.2,9,9,7,11.4,5853,4178.201754385965,47631.5
치지직,네네코 마시로,9.8,7,8,13,6,5927,5025.8,30154.8
치지직,다주,11,11,10,12,7.7,5222,4114.025974025974,31678
치지직,서새봄냥 SEBOM,12,10,14,11,9.7,5380,3404.4123711340208,33022.8
SOOP,비챤,12.8,12,12,14,7.6,5107,3895.0526315789475,29602.4
치지직,삼식,14.8,18,19,9,17.9,3095,2316.7932960893854,41470.6
치지직,시라유키 히나,15.4,13,13,19,5.7,4661,3502.4561403508774,19964
SOOP,고세구!,16.4,8,7,30,2.7,5862,5195.481481481482,14027.8
치지직,유즈하 리코,16.8,16,16,18,8,3503,2618.725,20949.8
치지직,강소연,17.4,15,15,21,5.2,4275,3362.0384615384614,17482.6
치지직,아카네 리제,18.2,17,17,20,7,3427,2605.0142857142855,18235.1
치지직,쌍베,18.8,20,21,16,12.3,2923,2054.2195121951218,25266.9
치지직,피닉스박,19.8,19,25,15,20.3,2990,1339.7093596059112,27196.1
치지직,씨랙,23.8,29,37,8,45.9,1765,994.0305010893246,45626
치지직,빅헤드,23.8,21,18,31,5.7,2870,2364.4912280701756,13477.6
SOOP,민결희,24.6,23,33,17,22.6,2311,1110.132743362832,25089
SOOP,주르르,25.6,14,11,46,1.8,4439,4075.1111111111113,7335.2
치지직,똘똘똘이,27.2,24,34,22,15.9,2015,1075.3710691823899,17098.4
치지직,소우릎,27.2,26,30,25,13.9,1857,1150.913669064748,15997.7
치지직,사키하네 후야,28.8,22,20,41,4.1,2346,2115.7073170731705,8674.4
SOOP,띵귤_,29,27,23,36,7.4,1837,1383.4324324324325,10237.4
치지직,계춘회,31.4,41,32,26,14.3,1306,1114.3986013986014,15935.9
치지직,해마티엘,33.2,28,59,10,53.3,1809,651.0056285178237,34698.6
SOOP,강만식,33.4,31,36,32,12.7,1753,1026.5590551181103,13037.3
SOOP,끠끼,33.8,39,28,37,8.3,1459,1195.6746987951808,9924.1
SOOP,천양,34.6,33,27,43,6.6,1623,1247.7575757575758,8235.2
치지직,달콤레나 씨,38.8,32,22,59,3.5,1669,1507.942857142857,5277.8
SOOP,양도끼,40.2,57,43,29,15.4,1016,917.922077922078,14136
치지직,이춘향,40.8,38,31,52,5.7,1470,1116.9473684210527,6366.6
치지직,나나양,41,25,26,64,3.7,1865,1265.4594594594594,4682.2
치지직,살구,41.4,45,53,28,18.1,1240,798.5414364640884,14453.6
치지직,왈도쿤,41.8,49,38,42,8.5,1140,991.5529411764705,8428.2
치지직,햇살살,44.4,42,41,49,7.1,1304,942.7605633802817,6693.6
SOOP,김진솔,45.2,34,63,33,21.3,1608,583.4460093896714,12427.4
치지직,이로나묭 치카,45.6,44,65,27,25.1,1259,576.1274900398406,14460.8
치지직,0영듀0,47.4,37,44,56,6.3,1506,913.5079365079365,5755.1
치지직,모카형,49.8,55,47,50,7.3,1043,883.027397260274,6446.1
치지직,꼴랑이,50.4,30,24,87,2.4,1760,1362.4583333333333,3269.9
치지직,양아지,51.8,43,29,79,3.1,1279,1159.1935483870968,3593.5
치지직,고수달,53,53,48,58,6.1,1061,869.5901639344262,5304.5
치지직,너불,54,58,45,61,5.7,1015,897.0701754385965,5113.3
치지직,이로 클라우드,54,68,67,34,21.2,839,571.8632075471698,12123.5
치지직,아루다루송송,55.2,64,82,24,40.5,948,402.1604938271605,16287.5
치지직,쉐리,55.4,35,35,86,3.2,1597,1045.5625,3345.8
치지직,초승달,55.6,48,40,75,4.2,1152,969.4761904761905,4071.8
치지직,고차비,56.4,54,46,68,5.2,1047,885.4615384615385,4604.4
치지직,멋사,57.2,46,55,65,6.1,1238,765.2950819672132,4668.3
치지직,류제홍S,59,47,58,66,6.6,1212,706.5,4662.9
치지직,한스토리,60,66,94,23,53.7,912,317.81564245810057,17066.7
치지직,칸데르니아,60.4,74,61,53,10.6,749,598.9433962264151,6348.8
SOOP,깐숙,62.6,69,71,51,12.1,831,527.8181818181819,6386.6
치지직,실프,62.8,50,39,93,3.2,1129,970.375,3105.2
치지직,모라라,63,73,81,40,22,754,422.1454545454545,9287.2
치지직,꽃핀,63.2,56,75,55,11.7,1034,493.8888888888889,5778.5
SOOP,해리,64.8,72,64,62,8.7,791,580.5402298850574,5050.7
치지직,이도원,65.6,36,57,89,4.3,1564,743.5813953488372,3197.4
치지직,헤징,65.8,65,72,60,10.2,913,510,5202
치지직,배돈,66.2,59,52,84,4.1,971,833,3415.3
치지직,재승샷 또는 만지,66.2,83,86,38,26.2,603,371.98091603053433,9745.9
치지직,금쿤,67,95,85,35,27.4,478,378.24817518248176,10364
치지직,명예훈장,67.6,52,42,101,3,1090,920.4666666666667,2761.4
치지직,코뚱잉입니다,69.2,40,108,45,28,1378,268.75714285714287,7525.2
SOOP,안녕수야,69.8,61,56,88,4.3,957,750.7209302325581,3228.1
치지직,소니쇼,70,62,49,95,3.5,951,861.6,3015.6
치지직,박홍시1,71,77,76,63,10.4,707,471.34615384615387,4902
치지직,유우양,71.2,84,97,39,30.2,591,313.6423841059603,9472
치지직,푸린,71.8,75,62,80,6.1,747,586.6229508196722,3578.4
치지직,루 다,71.8,71,90,54,18.2,794,336.0989010989011,6117
치지직,레바,73.2,62,49,103,3,951,861.6,2584.8
치지직,악동 김블루,73.8,87,93,48,20.4,558,332.2843137254902,6778.6
치지직,개복어,74,78,89,57,16.7,697,340.52095808383234,5686.7
치지직,플레임,74.4,60,54,102,3.5,967,786.6285714285714,2753.2
SOOP,중력∀,77.4,79,84,70,11.1,658,380.34234234234236,4221.8
치지직,거터,77.6,90,105,44,28.3,526,280.30742049469967,7932.7
치지직,백곰파,77.8,81,77,77,8.2,645,462.4878048780488,3792.4
씨미,이로 클라우드,78,50,70,100,5.2,1129,531.8461538461538,2765.6
치지직,램램1,81.6,76,68,98,5.1,737,557.5294117647059,2843.4
치지직,금사향,82,80,69,96,5.6,654,533.3392857142857,2986.7
SOOP,따린,82.6,91,78,83,7.6,506,454.7894736842105,3456.4
치지직,히렌,87.6,104,120,47,32,414,223.95625,7166.6
SOOP,라로시_,87.8,93,101,72,13.9,489,301.24460431654677,4187.3
SOOP,꾸티뉴,88.4,102,99,71,13.8,419,305.32608695652175,4213.5
SOOP,키이세,92,86,80,107,5.2,563,428.63461538461536,2228.9
치지직,쟁구임,92.2,97,106,76,14.3,468,276.7832167832168,3958
SOOP,마왕0216,94,96,79,108,5,470,431.84,2159.2
SOOP,빙밍_,94.2,107,109,73,15.7,379,264.38853503184714,4150.9
SOOP,한결___,95.6,70,60,144,1.9,816,626.6842105263158,1190.7
치지직,까막 KKAMAK,99.2,120,119,69,18.7,307,226.16042780748663,4229.2
치지직,류시호 RyuSiho,99.6,82,66,142,2.2,625,574,1262.8
치지직,크캣,102,102,98,106,7.3,419,305.6849315068493,2231.5
치지직,아구이뽀,104.2,113,112,92,12.6,346,247.72222222222223,3121.3
SOOP,마다옴_,104.4,94,110,104,10.2,487,249.64705882352942,2546.4
치지직,스피드소닉,106.2,127,135,67,27.2,283,169.4889705882353,4610.1
치지직,키유 Kiyuu,106.2,85,73,150,2.1,572,504.95238095238096,1060.4
치지직,하 세,106.4,106,92,121,5.2,386,332.4230769230769,1728.6
치지직,위구리,106.6,109,103,109,7.4,363,290.4189189189189,2149.1
치지직,샤메이,107.4,89,88,136,4.2,532,343.4047619047619,1442.3
치지직,대용2,110.8,142,132,74,23.7,227,173.18565400843883,4104.5
치지직,방찌,112.2,115,107,116,7.1,330,270.0845070422535,1917.6
SOOP,예다.,112.4,118,123,99,13,315,214.41538461538462,2787.4
치지직,광말구짱,114,136,126,91,16.3,248,191.98159509202455,3129.3
치지직,갓샤인2,114.2,119,121,105,11.5,311,218.50434782608696,2512.8
SOOP,깡담비,115.2,98,149,90,21.3,452,149.32394366197184,3180.6
치지직,꽃빈,115.2,92,125,117,9.2,497,200.95652173913044,1848.8
치지직,남궁혁,116.4,88,74,173,1.5,550,500.53333333333336,750.8
SOOP,진성준짱,119.6,126,122,114,9.1,289,215.36263736263737,1959.8
치지직,HeavyRainy,122.4,122,116,129,6.6,303,240.9090909090909,1590
SOOP,바밍_,123.4,111,104,149,3.8,358,282.10526315789474,1072
치지직,은뿌,124.6,117,114,139,5.4,320,244.72222222222223,1321.5
SOOP,이유란ㅇ,125.2,128,115,134,6.2,275,242.56451612903226,1503.9
SOOP,카린야,125.2,144,163,78,28.1,221,130.66903914590748,3671.8
치지직,유레이 UREI,125.8,141,131,113,11.3,232,175.3716814159292,1981.7
치지직,연비니,126.4,108,127,135,7.9,369,183.58227848101265,1450.3
치지직,델로략국,126.4,120,118,138,6.2,307,228.1451612903226,1414.5
치지직,통깡이,127.4,99,83,186,1.7,441,390.88235294117646,664.5
SOOP,뽀린걸,128.8,116,102,162,3,329,296.6333333333333,889.9
SOOP,봄세이,129,129,147,111,13.1,274,152.4351145038168,1996.9
치지직,한동그라미1,130.2,101,100,175,2.4,428,301.9583333333333,724.7
치지직,로마러,131.6,134,139,123,10.2,254,166.64705882352942,1699.8
치지직,부리123,133.8,137,144,122,10.8,247,158.12037037037038,1707.7
치지직,강지형,135.2,152,143,119,11.3,197,158.5929203539823,1792.1
치지직,연 리,135.8,123,117,161,3.9,294,230.76923076923077,900
SOOP,파니_,136.4,146,141,127,9.7,217,164.37113402061857,1594.4
치지직,찡스임,137.2,124,138,143,7.2,291,168.625,1214.1
치지직,츠밍,138.8,146,128,146,6.2,217,181.56451612903226,1125.7
치지직,도나 Dona,140,114,152,141,8.8,341,145.9431818181818,1284.3
치지직,형 독,140.8,138,146,137,9.4,238,153.30851063829786,1441.1
치지직,쾅준,142,130,142,148,6.8,272,161.47058823529412,1098
SOOP,히요코,143,145,191,94,31.4,218,96.95541401273886,3044.4
치지직,김편집,145.6,154,136,151,6,194,169.13333333333333,1014.8
치지직,공공이삼일 00231,145.6,172,193,85,35.7,160,94.15126050420169,3361.2
치지직,판자집강아지,149.2,160,173,120,15.6,185,112.55128205128206,1755.8
SOOP,임밍지,149.2,166,166,124,13.4,176,123.45522388059702,1654.3
치지직,김디삼,150,124,198,115,21.2,291,90.91981132075472,1927.5
치지직,치코쟝,151,131,157,155,7,270,139.75714285714287,978.3
치지직,ㅎㄹㄹㅎㄹㄹ,151.8,151,130,174,4.2,199,176.0952380952381,739.6
SOOP,표우_,153.4,153,162,145,8.9,195,130.69662921348313,1163.2
치지직,레비얀 Leviyan,154.2,155,211,97,37,193,79.6972972972973,2948.8
치지직,조별하,156,158,133,178,4.1,190,172.90243902439025,708.9
SOOP,데스해머쵸로,156.6,143,137,183,4.1,225,168.8780487804878,692.4
SOOP,견자희,158.8,110,96,246,1.3,360,313.9230769230769,408.1
치지직,먀뮤뮤,160.2,167,154,163,6.1,171,143.19672131147541,873.5
치지직,어스키,161,181,186,126,15.9,149,100.66666666666667,1600.6
치지직,만디 2,163.6,164,145,182,4.5,179,154.2888888888889,694.3
치지직,아 즈 AZ,165,189,200,118,20.8,128,88.4326923076923,1839.4
치지직,두뭉,167.6,174,164,168,6,156,128.8,772.8
치지직,비행돼지,168.8,176,165,169,6.2,155,123.85483870967742,767.9
SOOP,도현ツ,169,105,91,279,1,412,335.7,335.7
치지직,성피아,169.2,140,158,195,4.5,233,137.53333333333333,618.9
치지직,오단밍,169.2,112,95,272,1.1,348,315.54545454545456,347.1
치지직,롱싸개12,169.8,179,253,82,59.6,152,58.16778523489933,3466.8
치지직,용봉탕,171,155,160,190,4.8,193,132.85416666666666,637.7
치지직,뜨엉이,171.8,185,180,157,9.1,137,104.91208791208791,954.7
치지직,하우카우uuu,172,162,155,194,4.4,181,140.77272727272728,619.4
치지직,포키쨩,172.2,135,134,229,2.7,250,171.85185185185185,464
치지직,랜비,172.4,174,213,131,20.2,156,77.06435643564356,1556.7
SOOP,떵규_,176.6,211,189,147,11.2,115,98.58035714285714,1104.1
치지직,온 하루,177.6,168,151,209,3.9,166,146.6153846153846,571.8
SOOP,시오∋,177.8,203,231,112,29.8,122,66.83221476510067,1991.6
치지직,냐 미 Nyami,178.4,160,153,213,3.7,185,145.86486486486487,539.7
SOOP,하루비_,183.4,189,205,159,11.1,128,84.77477477477477,941
SOOP,김병살,185.2,202,178,184,6.2,123,109.53225806451613,679.1
SOOP,Action김성대,185.4,139,140,254,2.3,237,165.65217391304347,381
SOOP,새라새라♥,185.4,209,192,167,8.7,117,95.19540229885058,828.2
SOOP,리타∀,186,176,171,206,5,155,116.68,583.4
치지직,레밀레기,186,208,201,160,10.5,118,88.39047619047619,928.1
SOOP,류채아,187.8,189,190,185,6.9,128,97.76811594202898,674.6
SOOP,루석_,189.2,132,113,294,1.3,264,247.30769230769232,321.5
치지직,전게,191.2,226,284,81,70.2,99,49.55982905982906,3479.1
SOOP,칸_김동하,191.4,149,194,210,6.1,209,91.70491803278688,559.4
SOOP,여우비♡,192.8,176,176,218,4.7,155,111.25531914893617,522.9
치지직,VG신선한망치,194,236,234,133,23.2,94,65.81896551724138,1527
치지직,자몽뀨1,195.6,216,249,132,25.7,112,59.90661478599222,1539.6
SOOP,악어∀,198.4,206,227,166,12,121,69.875,838.5
치지직,리크리,199.4,199,206,193,7.4,125,84.74324324324324,627.1
치지직,루루카 RURUKA,203.8,211,204,200,7,115,85.28571428571429,597
치지직,이홍빈,203.8,255,272,110,40.3,82,52.054590570719604,2097.8
치지직,끠월마녀,205.4,217,226,179,9.8,110,71.6734693877551,702.4
치지직,베 라,207,213,183,228,4.6,114,101.58695652173913,467.3
치지직,로션욤,208.4,180,199,232,5,150,89.76,448.8
치지직,심해덤,208.6,157,159,284,2.4,192,137.5,330
치지직,주누피,208.8,250,241,156,15.3,85,63.50326797385621,971.6
치지직,김나성,209.4,67,51,439,0.2,889,854.5,170.9
치지직,냐모이,210.4,230,257,154,17.1,97,57.824561403508774,988.8
치지직,이 비,210.8,252,271,130,30,84,52.663333333333334,1579.9
치지직,밑줄밑줄,211.6,170,208,236,5.3,162,83.11320754716981,440.5
치지직,군림보,213,199,202,231,5.2,125,87.21153846153847,453.5
SOOP,또오냥♥,213,203,184,247,4,122,101.5,406
SOOP,찰리씨,214.4,188,203,239,5.1,132,85.98039215686275,438.5
SOOP,치요∀,217,253,246,170,12.3,83,62.1219512195122,764.1
치지직,쩡니예,218.6,163,175,290,2.9,180,111.93103448275862,324.6
SOOP,김-부각,219,203,321,125,41.3,122,39.0363196125908,1612.2
치지직,코리수,219.4,267,244,171,12.2,78,62.377049180327866,761
치지직,애플3203,220.4,226,214,224,6.3,99,76.17460317460318,479.9
치지직,김주선,221.6,224,262,180,12.5,101,55.952,699.4
치지직,하나빈 HANAVIN,222,238,240,196,9.6,91,63.791666666666664,612.4
치지직,윤리즈,222.6,281,258,158,16.4,73,57.63414634146341,945.2
SOOP,샤르망,223.4,217,225,225,6.5,110,72.29230769230769,469.9
치지직,설백,224,100,87,423,0.5,430,367.6,183.8
치지직,단하루 danharu,226.8,244,242,203,9.4,88,63,592.2
치지직,아카이로 류,228.2,235,220,233,6,95,74.38333333333334,446.3
SOOP,듀단.,228.8,146,124,375,1.1,217,203.54545454545453,223.9
치지직,해보자시리즈,231,187,170,314,2.5,133,117.44,293.6
SOOP,린링,232.2,215,297,176,15.9,113,45.138364779874216,717.7
치지직,텐플라스텐 텐텐,232.6,189,182,305,3,128,102.9,308.7
SOOP,해솔♡,233,173,150,346,1.7,157,147.1764705882353,250.2
SOOP,요요에요∀,233,283,276,165,16.4,72,51.15243902439025,838.9
치지직,참 다 래,234,238,269,197,11.4,91,52.90350877192982,603.1
치지직,이루네 IRUNE,236,230,224,251,5.4,97,72.48148148148148,391.4
치지직,우고님,237,195,187,308,3,127,100.2,300.6
치지직,이쿠롬,238.6,259,260,207,10.3,81,56.52427184466019,582.2
치지직,온하얀 ONHAYAN,239.4,255,254,217,9,82,58.13333333333333,523.2
치지직,땅컹이ㅋ,240.4,232,286,199,12.3,96,48.609756097560975,597.9
치지직,브이챠,240.6,189,177,330,2.4,128,109.79166666666667,263.5
SOOP,대월향,241,255,259,216,9.3,82,56.81720430107527,528.4
치지직,미도미도 마요,241.6,248,219,261,4.8,87,75.20833333333333,361
SOOP,꼼모리,241.8,275,265,202,10.7,75,55.35514018691589,592.3
치지직,이찌노,243,271,250,222,8.3,77,59.54216867469879,494.2
치지직,옥 희,243,219,188,310,3,107,99.63333333333334,298.9
치지직,칸지,244.6,241,303,188,14.5,90,44.641379310344824,647.3
치지직,청목 Chungmok,245.6,184,161,361,1.8,145,132,237.6
치지직,포냐,247.4,237,218,282,4.4,92,75.43181818181819,331.9
SOOP,김진아,247.6,224,207,300,3.7,101,84.67567567567568,313.3
SOOP,코코양,248,298,294,177,15.6,64,45.544871794871796,710.5
치지직,서논,248.8,250,263,234,8,85,55.525,444.2
치지직,덕드래곤,249,159,298,245,9.1,189,45.032967032967036,409.8
치지직,눈가루,249,169,181,357,2.3,165,104.82608695652173,241.1
SOOP,임민트♥,250.2,229,339,172,20.6,98,36.59708737864078,753.9
치지직,송엘,250.8,262,281,215,10.5,80,50.44761904761905,529.7
SOOP,빡쏘,254.2,259,248,258,6,81,61.06666666666667,366.4
치지직,겜나나,256.2,275,316,187,15.6,75,42.16025641025641,657.7
SOOP,달타!,256.8,232,209,317,3.5,96,83,290.5
치지직,한 유 월,257,183,256,295,5.5,148,57.96363636363636,318.8
치지직,이 렌,259.4,265,266,250,7.1,79,55.25352112676056,392.3
SOOP,밍턴_,259.4,213,179,363,2.2,114,107.68181818181819,236.9
SOOP,야무지♪,260.4,316,290,203,12.8,58,46.265625,592.2
치지직,사모장,264.6,271,230,296,4.7,77,67.74468085106383,318.4
SOOP,김웰로,266,316,306,201,13.5,58,43.91111111111111,592.8
치지직,후추,267.8,255,304,238,9.9,82,44.42424242424242,439.8
치지직,김 복순,268,244,270,278,6.4,88,52.6875,337.2
SOOP,홍스즈,268.4,350,356,140,39.9,50,32.80200501253133,1308.8
SOOP,후룽카카,269.4,275,251,285,5.6,75,58.80357142857143,329.3
치지직,이 선,269.4,267,229,311,4.3,78,69.27906976744185,297.9
SOOP,얼이,270.2,219,402,164,31.3,107,27.105431309904155,848.4
치지직,이 소 에,271.6,232,210,353,3,96,81.43333333333334,244.3
치지직,윤쪼기 yunjjogi,274.2,281,311,234,10.3,73,43.12621359223301,444.2
치지직,푸후,274.6,303,291,244,8.9,63,46.20224719101124,411.2
치지직,장밥초,277.8,185,305,297,7.2,137,44.166666666666664,318
SOOP,냥냥두둥,279.2,288,236,318,4.4,69,64.20454545454545,282.5
SOOP,해나땅,280.4,298,275,277,6.6,64,51.18181818181818,337.8
치지직,르 리스,281.6,288,348,212,15.5,69,35.03225806451613,543
치지직,크랭크,282.2,181,174,441,1.5,149,112.53333333333333,168.8
치지직,해아 HAEA,284.4,286,370,198,19.4,71,30.824742268041238,598
SOOP,화여니,285.6,362,405,128,60,47,26.54,1592.4
SOOP,다뮤_,287.8,309,302,263,8,60,44.7,357.6
치지직,박득천,287.8,307,361,205,18.4,61,31.972826086956523,588.3
치지직,김띠모,289.4,283,267,315,5.3,72,55.18867924528302,292.5
SOOP,달묘_,291,329,283,280,6.7,55,49.97014925373134,334.8
치지직,미 유,291,303,319,257,9.1,63,40.54945054945055,369
SOOP,오잉o3o,291,333,285,276,7,54,48.94285714285714,342.6
치지직,금결초,293.4,309,326,253,10,60,38.25,382.5
치지직,감쏘야,293.6,244,216,396,2.7,88,75.62962962962963,204.2
치지직,조이냥,294.2,189,185,456,1.6,128,101.4375,162.3
치지직,바뀐,298.8,314,299,291,7.2,59,45,324
씨미,스몽,299.6,150,156,518,1,201,140.4,140.4
SOOP,미코!,302.2,267,221,401,2.7,78,74,199.8
치지직,렛 삐,302.8,316,446,153,42.7,58,23.24824355971897,992.7
치지직,빵룽,303.4,223,196,451,1.8,102,91.27777777777777,164.3
치지직,샘승아,304.6,195,228,436,2.5,127,69.4,173.5
치지직,콩콩,306.6,293,328,292,8.5,67,38.082352941176474,323.7
치지직,아오세이 준,308.2,271,233,402,3,77,66.3,198.9
치지직,코무키,309,353,325,271,9.1,49,38.27472527472528,348.3
SOOP,크앙희,309.2,294,247,379,3.6,66,61.361111111111114,220.9
치지직,바베,309.6,244,336,316,7.9,88,36.949367088607595,291.9
치지직,로쥬마리,310.2,287,245,387,3.4,70,62.35294117647059,212
치지직,플로라 코튼,310.8,362,344,252,10.8,47,35.7962962962963,386.6
SOOP,장덕이11,312.4,222,195,475,1.7,103,91.6470588235294,155.8
SOOP,딴딴2당,312.8,382,354,237,13.3,42,33.090225563909776,440.1
치지직,밍쑨,313.4,329,292,327,5.8,55,46.189655172413794,267.9
SOOP,유시에,314.4,298,268,369,4.2,64,54.76190476190476,230
씨미,간장,316,350,360,255,11.7,50,32.1025641025641,375.6
치지직,호앵 메로롱,318.2,253,232,437,2.6,83,66.6923076923077,173.4
치지직,하 쁘,318.4,336,308,320,6.5,53,43.292307692307695,281.4
치지직,블링이1,320.8,306,293,356,5.3,62,45.62264150943396,241.8
치지직,연 곰 연주하는곰탱,322.2,241,279,406,3.9,90,50.743589743589745,197.9
치지직,느에누리,322.4,314,407,242,16.1,59,26.422360248447205,425.4
치지직,사이네코 코나타 Wishing,322.8,336,338,301,8.5,53,36.694117647058825,311.9
치지직,다래임,325.8,333,362,286,10.3,54,31.902912621359224,328.6
치지직,김함미,328.2,329,323,333,6.8,55,38.470588235294116,261.6
치지직,테 테,328.4,336,329,324,7.2,53,38,273.6
SOOP,이투__,329.6,376,337,299,8.5,44,36.90588235294118,313.7
치지직,유 식혜,330.6,275,261,428,3.2,75,56.34375,180.3
SOOP,세이지.,331.6,396,367,264,11.4,39,31.350877192982455,357.4
치지직,하윤찡,332.2,369,381,265,12,45,29.658333333333335,355.9
치지직,후참이,333.4,353,331,326,7.1,49,37.88732394366197,269
치지직,뽀야치,335,369,434,219,21.5,45,24.21395348837209,520.6
치지직,하안 HAAN,335.6,358,412,248,15.4,48,26.11038961038961,402.1
SOOP,보디가드불독,335.6,324,388,289,11.2,56,29,324.8
SOOP,츄잉♡,336.8,320,380,302,10.4,57,29.73076923076923,309.2
치지직,레아나 Reana,337,309,278,410,3.8,60,50.94736842105263,193.6
치지직,에임봇,337.8,249,480,240,20.1,86,21.691542288557216,436
치지직,유논 VRECORD,339.6,262,222,496,2,80,73.95,147.9
치지직,폰루루 ㅣ PON RuRu,339.6,290,334,370,6.1,68,37.57377049180328,229.2
SOOP,댐보이,339.8,259,238,482,2.4,81,63.958333333333336,153.5
치지직,온유 ONUU,340.4,382,391,269,12.3,42,28.4390243902439,349.8
SOOP,새잎,342,290,264,446,3,68,55.5,166.5
치지직,로라슈,342.8,382,458,208,25.7,42,22.603112840466927,580.9
SOOP,산호♬,343.2,396,351,309,8.9,39,33.71910112359551,300.1
치지직,슈네1,344.4,238,215,527,1.8,91,75.83333333333333,136.5
치지직,백귀월,344.6,353,324,361,6.2,49,38.32258064516129,237.6
치지직,연못여우,349.2,362,540,152,52.6,47,19.05513307984791,1002.3
SOOP,임하밍,352,324,280,438,3.4,56,50.55882352941177,171.9
치지직,루나냥,352.6,309,287,440,3.5,60,48.51428571428571,169.8
치지직,별린,353.2,424,430,241,17.7,36,24.587570621468927,435.2
치지직,낭만냥,354,324,450,273,15,56,23.06,345.9
치지직,히영씨,354.4,298,274,463,3.1,64,51.38709677419355,159.3
치지직,유다히,354.8,366,315,389,5,46,42.22,211.1
치지직,양메이,355.2,262,239,518,2.2,80,63.81818181818182,140.4
SOOP,첫눈에뿅,359,417,429,260,14.7,37,24.693877551020407,363
SOOP,진호.,359.6,408,414,281,12.8,38,26.0625,333.6
치지직,안녕나는두벼리,360.8,444,410,270,13.3,34,26.218045112781954,348.7
치지직,라프,362.4,226,212,581,1.5,99,78.66666666666667,118
치지직,대충1,366.2,393,390,329,9.3,40,28.612903225806452,266.1
SOOP,슘,369,433,385,321,9.6,35,29.114583333333332,279.5
SOOP,킴나니_,369.4,369,404,335,9.8,45,26.653061224489797,261.2
SOOP,만조,370.6,353,342,408,5.4,49,35.925925925925924,194
치지직,강단해,370.8,170,148,694,0.6,162,150.16666666666666,90.1
SOOP,난워니-_-+,373,201,167,665,0.8,124,119,95.2
SOOP,뿌요,375.2,198,169,670,0.8,126,117.75,94.2
치지직,해득이,376,294,255,538,2.3,66,58.04347826086956,133.5
SOOP,주드,376,444,495,223,22.8,34,21.24561403508772,484.4
치지직,깨미는뚠뚠,376.8,346,427,342,10.2,51,24.80392156862745,253
치지직,코코론,378.8,340,359,418,5.8,52,32.293103448275865,187.3
SOOP,멍지수.,381,333,310,476,3.6,54,43.19444444444444,155.5
SOOP,초아♬,381.6,396,513,243,20.2,39,20.65841584158416,417.3
치지직,금진영,382.8,358,551,227,25,48,18.732,468.3
치지직,유우스즈 무무,384.6,133,111,784,0.3,261,249.33333333333334,74.8
SOOP,수수한세리,385.2,424,426,325,10.9,36,24.972477064220183,272.2
치지직,시메빈,386.6,279,282,545,2.6,74,50.42307692307692,131.1
치지직,채두나,388,366,322,465,4.1,46,38.73170731707317,158.8
치지직,캐니 canny,389.4,369,364,425,5.8,45,31.551724137931036,183
치지직,명칠,392,358,307,494,3.4,48,43.8235294117647,149
치지직,장마군,393.6,298,289,546,2.8,64,46.464285714285715,130.1
치지직,애모모,394.4,474,447,302,13.3,31,23.24812030075188,309.2
치지직,연 구 대 상,394.8,388,382,411,6.5,41,29.553846153846155,192.1
치지직,꽃분홍,395.8,279,237,613,1.7,74,64.11764705882354,109
치지직,융 쁘,397,451,455,312,13,33,22.869230769230768,297.3
치지직,지타에몽,398.8,296,499,350,11.7,65,21.094017094017094,246.8
SOOP,마또,400,424,395,393,7.4,36,28.094594594594593,207.9
치지직,후라희,400.6,307,472,376,10.1,61,21.93069306930693,221.5
SOOP,한비。,403.6,408,376,429,5.9,38,30.11864406779661,177.7
치지직,도라리 Dorari,405.6,482,500,273,16.4,30,21.091463414634145,345.9
치지직,츄 밍,406.6,465,417,367,9,32,25.7,231.3
SOOP,리리하,409.8,513,579,189,36.6,28,17.674863387978142,646.9
치지직,세피람,410,444,384,419,6.4,34,29.1875,186.8
치지직,단양 danyang,410.6,369,355,487,4.6,45,33.04347826086956,152
치지직,메아리 Meahri,413,417,477,347,11.4,37,21.80701754385965,248.6
치지직,이찰스,413.8,433,401,417,6.8,35,27.573529411764707,187.5
SOOP,윤루트_,415.4,513,478,304,14.2,28,21.767605633802816,309.1
치지직,마카 VRECORD,417.6,320,332,552,3.4,57,37.88235294117647,128.8
SOOP,복순덕,418,350,604,266,21.1,50,16.80094786729858,354.5
치지직,요 호,419.6,482,510,298,15.3,30,20.758169934640524,317.6
SOOP,백청미,420.4,382,350,510,4.2,42,34.07142857142857,143.1
치지직,리마파트로나,420.4,396,517,336,12.9,39,20.209302325581394,260.7
치지직,꿈 나,421.6,376,353,513,4.3,44,33.13953488372093,142.5
SOOP,셀키_,421.8,535,512,275,16.6,27,20.746987951807228,344.4
치지직,카 알,422.8,444,437,398,8.4,34,23.964285714285715,201.3
치지직,소라네코,423.2,316,719,181,51.5,58,13.54757281553398,697.7
치지직,콕 끼리,423.8,243,335,603,3,89,37.36666666666667,112.1
치지직,델 쥬,428.6,433,408,447,6.3,35,26.396825396825395,166.3
치지직,데이빗96,429.4,433,665,192,41,35,15.307317073170731,627.6
치지직,김 달래,431.2,482,623,214,33.2,30,16.246987951807228,539.4
SOOP,히키☆,431.6,482,443,395,8.7,30,23.551724137931036,204.9
치지직,꿀멩이,432.8,336,296,618,2.4,53,45.166666666666664,108.4
치지직,디아 나,434.4,376,383,515,4.8,44,29.479166666666668,141.5
치지직,밍쿠 MingKu,435.2,396,493,397,9.6,39,21.260416666666668,204.1
치지직,김호러,436.8,424,516,364,11.6,36,20.310344827586206,235.6
SOOP,최은뽀1,439,579,541,267,18.6,25,19.037634408602152,354.1
치지직,은설또,439.2,382,453,454,7.1,42,22.887323943661972,162.5
씨미,도라리,439.4,195,235,766,1.2,127,64.58333333333333,77.5
SOOP,무치님,440.6,451,378,498,4.9,33,29.93877551020408,146.7
치지직,게임못하는보니,442.8,424,675,220,34.2,36,15.011695906432749,513.4
치지직,하루야 치에,443,417,366,533,4.3,37,31.41860465116279,135.1
SOOP,시즈애,443.2,482,641,226,29.6,30,15.83445945945946,468.7
치지직,이도나,443.4,465,491,385,10,32,21.37,213.7
치지직,KONyang,444.2,433,581,313,16.9,35,17.585798816568047,297.2
SOOP,후와,445,465,411,469,6,32,26.2,157.2
치지직,도쨩,445.8,451,484,405,9.2,33,21.52173913043478,198
SOOP,어네뿅,447.8,549,577,268,19.8,26,17.71212121212121,350.7
치지직,은왕,449.8,433,428,480,6.2,35,24.79032258064516,153.7
치지직,뉴정,450,396,377,550,4.3,39,30.069767441860463,129.3
치지직,그리움 Rium,450.8,388,343,590,3.2,41,35.90625,114.9
SOOP,연솔이,451.2,388,352,582,3.5,41,33.68571428571428,117.9
치지직,바나나맛우윰,451.8,465,465,432,8,32,22.0375,176.3
SOOP,두부랑_,452.2,465,418,480,6,32,25.616666666666667,153.7
치지직,포모나,454,346,317,645,2.4,51,41.083333333333336,98.6
치지직,위즐리어카,455.6,482,570,328,14.9,30,17.87248322147651,266.3
SOOP,노니_,456,396,441,501,6.2,39,23.56451612903226,146.1
SOOP,손성민,456.6,549,524,343,12.7,26,19.913385826771652,252.9
치지직,에테 아스티아,457,465,431,479,6.3,32,24.53968253968254,154.6
SOOP,노아란_,458.6,549,520,352,12.2,26,20.081967213114755,245
치지직,김온핑,460.4,482,503,407,9.4,30,20.96808510638298,197.1
치지직,해나 Haena,461.6,296,273,733,1.6,65,51.8125,82.9
치지직,안내메시지,461.8,309,312,688,2.1,60,43.095238095238095,90.5
치지직,오소라,464.4,482,420,500,5.8,30,25.24137931034483,146.4
치지직,주혀미,465,549,533,355,12.5,26,19.464,243.3
치지직,숀쟝,465.6,290,277,742,1.6,68,51,81.6
치지직,츄이닝,468.2,513,555,359,12.8,28,18.609375,238.2
SOOP,눈길.,472.6,451,568,388,11.7,33,18.102564102564102,211.8
SOOP,하능이_,474,424,374,599,3.7,36,30.37837837837838,112.4
치지직,쫑 민,474.8,340,460,557,5.6,52,22.339285714285715,125.1
SOOP,콧시_,477,549,476,442,7.7,26,21.857142857142858,168.3
치지직,온유 OnU,478.4,340,363,663,3,52,31.8,95.4
SOOP,깅미잉,478.6,513,436,504,6,28,24.05,144.3
SOOP,이푸딩.,478.6,451,392,579,4.2,33,28.214285714285715,118.5
치지직,투투2,479.2,324,318,718,2.1,56,41,86.1
치지직,혜구 hyegoo,480,482,556,403,10.7,30,18.570093457943926,198.7
SOOP,모몽또,481.4,433,444,543,5.6,35,23.446428571428573,131.3
SOOP,슨미.,481.8,579,704,211,39.7,25,14.060453400503778,558.2
치지직,리 이,483.2,444,501,485,7.3,34,20.986301369863014,153.2
치지직,욤미 Yommi,483.6,388,386,629,3.6,41,29.11111111111111,104.8
SOOP,모나양,484.6,265,223,856,0.9,79,72.77777777777777,65.5
치지직,쿠시쿠리,485.4,579,564,360,13.1,25,18.17557251908397,238.1
치지직,합랑,485.4,329,300,749,1.8,55,44.77777777777778,80.6
치지직,쿠미르,485.4,283,243,829,1.1,72,62.45454545454545,68.7
SOOP,꽁아지ぐ,485.8,645,561,331,14.3,22,18.314685314685313,261.9
치지직,투투넘,485.8,549,647,293,20.7,26,15.603864734299517,323
치지직,강소소,486.6,579,671,256,24.6,25,15.203252032520325,374
치지직,후 랑,487.4,499,630,339,15.9,29,16.062893081761008,255.4
치지직,나 빵,488.6,451,422,574,4.8,33,25.166666666666668,120.8
SOOP,호진맨,489,535,489,466,7.4,27,21.43243243243243,158.6
치지직,표커 pyoker,490,320,295,770,1.7,57,45.294117647058826,77
치지직,새싹 감자,491.6,408,357,668,2.9,38,32.58620689655172,94.5
치지직,식스리,495,499,531,457,8.3,29,19.542168674698797,162.2
치지직,서씨가문의수치,496.6,535,496,478,7.3,27,21.19178082191781,154.7
SOOP,이설렁,497,499,421,572,4.8,29,25.1875,120.9
SOOP,오징어@,497,549,681,287,22,26,14.813636363636364,325.9
치지직,암흑다크이녕,497.6,340,301,773,1.7,52,44.76470588235294,76.1
치지직,제우스93,498.4,346,309,764,1.8,51,43.27777777777778,77.9
SOOP,손진석.,500,622,585,354,14,23,17.40714285714286,243.7
SOOP,루키아_,500.8,444,375,655,3.2,34,30.34375,97.1
치지직,김 데쿠,501.2,474,449,567,5.3,31,23.132075471698112,122.6
치지직,아자엘,502,396,396,661,3.4,39,28.08823529411765,95.5
치지직,도화선2,502.2,605,670,283,21.7,24,15.216589861751151,330.2
치지직,선우현,506.4,358,314,773,1.8,48,42.27777777777778,76.1
치지직,예나츄,507,465,464,571,5.5,32,22.09090909090909,121.5
치지직,아이나 모모,507.8,513,471,542,6,28,21.933333333333334,131.6
치지직,열린우물o,508.6,549,674,323,18.3,26,15.098360655737705,276.3
치지직,따람지,511.6,622,587,381,12.5,23,17.36,217
치지직,유나욘,511.8,579,578,412,10.8,25,17.685185185185187,191
치지직,이야 폰 에스페리아,512.6,549,576,431,10,26,17.73,177.3
SOOP,ReVe레브,512.6,605,621,358,14.7,24,16.272108843537413,239.2
치지직,나은0,514.4,482,511,534,6.5,30,20.753846153846155,134.9
SOOP,이푸이,515.4,549,502,512,6.8,26,20.985294117647058,142.7
SOOP,송소미!,515.4,353,313,799,1.7,49,42.588235294117645,72.4
SOOP,BJ핑구,515.8,535,525,497,7.4,27,19.89189189189189,147.2
SOOP,채니☆,516.2,535,498,525,6.5,27,21.138461538461538,137.4
치지직,낭만숟가락1,516.2,369,346,760,2.2,45,35.54545454545455,78.2
SOOP,앵쥬_,516.8,622,609,372,13.5,23,16.637037037037036,224.6
치지직,유토링,519.4,393,371,731,2.7,40,30.814814814814813,83.2
치지직,정 유현,520,424,673,415,12.5,36,15.104,188.8
SOOP,이지수^^*,520.4,380,333,778,2,43,37.8,75.6
치지직,빗 시,520.8,408,459,639,4.5,38,22.4,100.8
치지직,흑지로,521.8,499,515,540,6.5,29,20.338461538461537,132.2
SOOP,류새콤,522.4,698,635,322,17.4,20,15.919540229885058,277
치지직,귀털,523,549,527,506,7.3,26,19.726027397260275,144
치지직,아요띵,526.6,513,509,551,6.2,28,20.806451612903224,129
SOOP,현주♥,527,605,678,337,17.3,24,14.936416184971097,258.4
치지직,샘물남,527,549,649,394,13.2,26,15.583333333333334,205.7
치지직,코아이,527.2,396,929,191,65.1,39,9.741935483870968,634.2
치지직,디안 dian,529,451,573,524,7.7,33,17.857142857142858,137.5
치지직,김예남,529.8,451,473,626,4.8,33,21.916666666666668,105.2
SOOP,예니_ouo,529.8,645,636,366,14.6,22,15.917808219178083,232.4
SOOP,나월_,530.2,579,698,338,18,25,14.277777777777779,257
SOOP,이학일.,532.6,579,550,492,8,25,18.7375,149.9
치지직,우사미 미유,532.8,388,347,791,2.1,41,35.42857142857143,74.4
치지직,다 밍,533.2,474,605,491,9,31,16.766666666666666,150.9
치지직,루아 VRECORD,535.2,444,400,716,3.1,34,27.870967741935484,86.4
SOOP,숙봉이,536.6,549,481,586,5.4,26,21.62962962962963,116.8
치지직,터진모찌모찌,536.6,465,650,459,10.4,32,15.538461538461538,161.6
치지직,코로롱롱롱,538.8,408,386,757,2.7,38,29.11111111111111,78.6
치지직,얍쭈,539.2,474,548,563,6.6,31,18.757575757575758,123.8
치지직,땽땽,540.2,369,757,409,15.2,45,12.743421052631579,193.7
치지직,쏘지마요,540.6,513,557,538,7.2,28,18.541666666666668,133.5
SOOP,김옥독,540.6,499,438,664,4,29,23.825,95.3
치지직,도그홀,541.8,433,685,453,11.1,35,14.702702702702704,163.2
SOOP,김나오!,541.8,513,442,656,4.1,28,23.5609756097561,96.6
치지직,난지 NANJY,542.2,499,440,666,4,29,23.7,94.8
SOOP,심포님,543.8,605,614,443,10.2,24,16.46078431372549,167.9
SOOP,찰지지,545.4,645,668,373,14.7,22,15.272108843537415,224.5
치지직,모몽지,545.8,549,676,414,12.6,26,15.007936507936508,189.1
치지직,름딱이,546,324,349,854,1.9,56,34.526315789473685,65.6
치지직,초다양 CHODAYANG,547.6,366,320,866,1.6,46,40.125,64.2
치지직,마네 키네코,548.6,579,535,547,6.7,25,19.37313432835821,129.8
치지직,나다n가막,549,549,504,594,5.4,26,20.962962962962962,113.2
SOOP,하링!,551,579,539,549,6.8,25,19.058823529411764,129.6
SOOP,류버들,552.2,499,425,706,3.5,29,25,87.5
치지직,한서이 SEOI,553.4,451,424,734,3.3,33,25.09090909090909,82.8
치지직,김하린,556.6,451,393,773,2.7,33,28.185185185185187,76.1
치지직,넁둉챰치,557.2,274,696,560,8.6,76,14.44186046511628,124.2
치지직,김혜주,558.2,645,742,331,20,22,13.095,261.9
치지직,기 메,558.4,408,358,834,2.1,38,32.333333333333336,67.9
치지직,차양,558.6,451,798,373,18.9,33,11.878306878306878,224.5
치지직,PJHR6,561.6,340,329,905,1.6,52,38,60.8
치지직,뿌닛 PPUNIT,564.4,622,718,382,15.9,23,13.59748427672956,216.2
치지직,단 홍,566.2,579,792,334,21.8,25,11.990825688073395,261.4
SOOP,@시우,566.6,605,546,568,6.5,24,18.815384615384616,122.3
치지직,아라리 Arari,568.4,396,774,449,13.4,39,12.350746268656716,165.5
SOOP,다훈갓_,570,698,651,425,11.8,20,15.508474576271187,183
치지직,휘운,571,417,494,725,4,37,21.25,85
치지직,나빈이양,571.6,482,452,736,3.6,30,22.97222222222222,82.7
치지직,현 수 아,572.4,482,642,548,8.2,30,15.817073170731707,129.7
치지직,시로네 하루,573,513,672,504,9.5,28,15.189473684210526,144.3
치지직,화련 HwaRyeon,575.4,579,618,531,8.3,25,16.36144578313253,135.8
치지직,재마니,578.2,681,721,384,15.8,21,13.537974683544304,213.9
치지직,나들희,581.8,535,505,682,4.4,27,20.954545454545453,92.2
SOOP,싸형.,584,698,608,503,8.7,20,16.64367816091954,144.8
치지직,연 하젤콩,588.2,681,708,422,13.3,21,13.947368421052632,185.5
치지직,므 어,589,549,528,670,4.8,26,19.625,94.2
치지직,먀 루,589.4,535,523,683,4.6,27,19.97826086956522,91.9
SOOP,천필,591.6,760,679,420,12.5,18,14.904,186.3
치지직,젠깅이숲,591.6,698,726,404,14.8,20,13.39864864864865,198.3
치지직,하이새우,591.8,645,813,344,21.7,22,11.603686635944701,251.8
치지직,루멘시,592.2,549,648,558,8,26,15.5875,124.7
치지직,쪼로퀸,592.6,605,522,657,4.8,24,20.0625,96.3
SOOP,김은거.,594.2,579,482,714,4,25,21.625,86.5
치지직,이쥐,595.6,622,590,588,6.7,23,17.313432835820894,116
치지직,정베르 JEONG BEREU,595.6,482,571,677,5.2,30,17.865384615384617,92.9
SOOP,로지rozi,595.6,698,881,259,35.2,20,10.352272727272727,364.4
치지직,아야 AYA,595.8,165,129,1278,0.2,178,177,35.4
SOOP,카코_,596.2,513,415,819,2.7,28,26.037037037037038,70.3
치지직,새벽냥,597.8,451,470,799,3.3,33,21.939393939393938,72.4
치지직,조브킴,598.8,622,818,368,20.1,23,11.502487562189055,231.2
SOOP,유매미,599,645,693,482,10.6,22,14.481132075471699,153.5
치지직,준팔,599.2,396,369,931,1.9,39,31.105263157894736,59.1
치지직,겐시유,600,760,769,351,19.7,18,12.456852791878173,245.4
치지직,라레서,602.2,499,435,821,2.9,29,24.20689655172414,70.2
SOOP,김할짓,605.2,622,858,344,23.3,23,10.806866952789699,251.8
치지직,이루코 니아,606.6,549,488,754,3.7,26,21.486486486486488,79.5
치지직,이브린,606.8,730,833,319,25.2,19,11.194444444444445,282.1
치지직,콩난이,610.2,645,584,619,6.2,22,17.451612903225808,108.2
SOOP,달리♪,610.4,396,341,987,1.5,39,36.333333333333336,54.5
치지직,쯩애,610.6,513,456,814,3.1,28,22.806451612903224,70.7
치지직,영배씨,611.4,681,939,249,41.9,21,9.591885441527447,401.9
SOOP,다운♥,611.8,579,461,779,3.4,25,22.205882352941178,75.5
치지직,히나세,612.4,474,697,597,7.9,31,14.30379746835443,113
SOOP,모치,613,535,432,833,2.8,27,24.285714285714285,68
치지직,금이요,614.2,579,518,728,4.2,25,20.166666666666668,84.7
치지직,얀즈,615.4,579,553,696,4.8,25,18.6875,89.7
치지직,수이 Sui,616,622,569,660,5.3,23,18.037735849056602,95.6
SOOP,Rity~,617.2,730,680,498,9.9,19,14.818181818181818,146.7
치지직,진다람,619.4,579,554,705,4.7,25,18.680851063829788,87.8
치지직,루루엘 아스트리온,620.2,433,397,937,2.1,35,28.047619047619047,58.9
치지직,웆ㅜ,621,513,662,634,6.7,28,15.328358208955224,102.7
SOOP,황으나,621.2,730,653,535,8.7,19,15.494252873563218,134.8
치지직,엉탐남,622.2,499,856,450,15.1,29,10.900662251655628,164.6
치지직,블루파랑,622.6,549,559,723,4.6,26,18.52173913043478,85.2
치지직,하 해,623,535,448,842,2.9,27,23.17241379310345,67.2
치지직,인지상지형,623,549,645,638,6.5,26,15.76923076923077,102.5
SOOP,뇽이♥,623.8,645,567,670,5.2,22,18.115384615384617,94.2
SOOP,치유+,624,622,547,702,4.7,23,18.78723404255319,88.3
치지직,만메,624.6,451,423,913,2.4,33,25.125,60.3
치지직,래티봇,625,221,197,1255,0.4,104,91,36.4
치지직,요쿠 ㅇㅅㅇ,625.4,433,379,968,1.9,35,29.789473684210527,56.6
치지직,유메카와 토아,626.4,698,772,445,13.5,20,12.392592592592592,167.3
치지직,희 야,627,681,755,472,12.2,21,12.844262295081966,156.7
치지직,포푸 POPU,630.2,549,507,794,3.5,26,20.857142857142858,73
치지직,강혜니,630.6,681,591,645,5.7,21,17.29824561403509,98.6
치지직,꿀유자,630.8,622,549,717,4.6,23,18.73913043478261,86.2
치지직,도비두비두밥,631,681,950,287,34.4,21,9.473837209302326,325.9
SOOP,김혀니,631.4,645,663,593,7.4,22,15.31081081081081,113.3
SOOP,비쥬_,631.6,382,345,1043,1.4,42,35.785714285714285,50.1
치지직,반희야,631.8,513,725,598,8.4,28,13.44047619047619,112.9
SOOP,꽃님＆,634.2,499,466,870,2.9,29,22.03448275862069,63.9
치지직,란코 Ranko,635,645,631,634,6.4,22,16.046875,102.7
치지직,쿠 콩,639.4,681,625,633,6.4,21,16.21875,103.8
치지직,감치치,640.2,579,558,753,4.3,25,18.53488372093023,79.7
치지직,AKA 아카,641,645,1050,230,54.9,22,8.406193078324225,461.5
치지직,막셋,642.8,622,669,627,6.9,23,15.231884057971014,105.1
치지직,푸뽀,643,645,684,601,7.6,22,14.776315789473685,112.3
치지직,딸기주스한잔,643,513,445,906,2.6,28,23.307692307692307,60.6
치지직,배서린,643,681,750,517,10.9,21,12.944954128440367,141.1
치지직,이설렁,643.8,579,589,731,4.8,25,17.333333333333332,83.2
치지직,네루 쿠로밍,644,482,403,966,2.1,30,27.047619047619047,56.8
SOOP,♥민트♡,645.6,698,660,605,7.2,20,15.38888888888889,110.8
SOOP,바냐♪,645.8,605,613,699,5.4,24,16.462962962962962,88.9
치지직,카논제이,649,513,822,544,11.5,28,11.408695652173913,131.2
치지직,임 설,651.4,417,409,1011,2,37,26.3,52.6
SOOP,우엉,651.8,513,413,960,2.2,28,26.09090909090909,57.4
치지직,해도밍,654.6,645,791,523,11.6,22,12,139.2
치지직,이 늘,655.8,417,372,1059,1.6,37,30.75,49.2
치지직,디 모 니,656.2,535,485,888,2.9,27,21.517241379310345,62.4
치지직,세 희,656.6,605,594,745,4.7,24,17.23404255319149,81
SOOP,김띵수,657.6,760,1002,262,39.8,18,8.99748743718593,358.1
치지직,마리owo,657.8,513,457,931,2.6,28,22.73076923076923,59.1
치지직,사와사와,658.2,605,572,771,4.3,24,17.86046511627907,76.8
치지직,쿠로나 네로,660.6,605,735,614,8.2,24,13.28048780487805,108.9
치지직,송쿤,661.4,579,595,769,4.5,25,17.177777777777777,77.3
치지직,얌상츄,661.6,698,776,529,11.1,20,12.288288288288289,136.4
치지직,난귝,662.4,474,462,957,2.6,31,22.115384615384617,57.5
치지직,커여운호빵빵,663,681,795,522,11.7,21,11.948717948717949,139.8
치지직,져미님,663.2,408,365,1089,1.5,38,31.466666666666665,47.2
SOOP,오늘님,663.4,433,406,1036,1.9,35,26.473684210526315,50.3
치지직,초코곰탱이,663.8,605,666,691,5.9,24,15.288135593220339,90.2
치지직,뮤이,665,793,874,392,19.9,17,10.472361809045227,208.4
치지직,다루쥐,667.2,622,580,777,4.3,23,17.6046511627907,75.7
치지직,라미콩,667.4,579,532,847,3.4,25,19.470588235294116,66.2
SOOP,이릴_,668,474,398,1035,1.8,31,28,50.4
치지직,큐앙,670.2,535,629,779,4.7,27,16.06382978723404,75.5
치지직,짱짱걸안나,671.6,622,624,744,5,23,16.22,81.1
치지직,레지나Rezina,672.2,549,593,813,4.1,26,17.26829268292683,70.8
치지직,하밍이,672.6,579,682,710,5.9,25,14.796610169491526,87.3
SOOP,백노루,673,837,820,444,14.6,16,11.465753424657533,167.4
SOOP,참새-,675.4,891,902,341,25.1,15,10.08366533864542,253.1
치지직,호니리,676.4,760,705,606,7.9,18,14.012658227848101,110.7
SOOP,쪼꼬._.,677.2,760,729,584,8.8,18,13.363636363636363,117.6
SOOP,나원뎡,677.8,681,597,757,4.6,21,17.08695652173913,78.6
치지직,호시노아 라쿠,678.4,730,737,594,8.6,19,13.162790697674419,113.2
SOOP,민코코♥,679.6,944,862,365,21.8,14,10.724770642201834,233.8
씨미,반달냐,680,760,859,461,14.8,18,10.804054054054054,159.9
치지직,꼼쌍추,681,645,655,725,5.5,22,15.454545454545455,85
치지직,또이래 IRAE,683,549,483,950,2.7,26,21.555555555555557,58.2
치지직,모찌슬이 MOZZI,683.8,513,526,927,3,28,19.8,59.4
치지직,리츄쨩,684,698,657,704,5.7,20,15.421052631578947,87.9
치지직,쑥쑥바질,684.2,549,530,906,3.1,26,19.548387096774192,60.6
치지직,문서희,684.2,549,612,824,4.2,26,16.547619047619047,69.5
치지직,메두싸,688.2,793,1018,306,35.1,17,8.792022792022792,308.6
SOOP,까마귀_____,689,793,717,609,8.1,17,13.604938271604938,110.2
치지직,니코냥,691,793,1024,307,35,17,8.725714285714286,305.4
치지직,엘 카오스 라이메데,692.6,549,451,1006,2.3,26,23,52.9
치지직,뮨1,693.8,793,925,413,19.4,17,9.788659793814434,189.9
치지직,미스정,696.2,645,652,766,5,22,15.5,77.5
SOOP,최옥순,698.4,730,643,738,5.2,19,15.788461538461538,82.1
SOOP,하임♡,701.4,645,694,737,5.7,22,14.473684210526315,82.5
치지직,차령,702.2,837,879,458,15.6,16,10.371794871794872,161.8
치지직,모혜,702.6,451,602,929,3.5,33,16.914285714285715,59.2
치지직,이쥬짱,705.2,482,506,1016,2.5,30,20.88,52.2
치지직,송찐빵,707,513,475,1036,2.3,28,21.869565217391305,50.3
치지직,아델리 Adelie,707.4,645,876,570,11.7,22,10.427350427350428,122
치지직,즌다몬,708,622,904,555,12.5,23,10.024,125.3
SOOP,유이슬,708,698,637,784,4.7,20,15.914893617021276,74.8
씨미,리츄쨩,709.4,645,686,765,5.3,22,14.679245283018869,77.8
치지직,정묘린,711.6,424,1168,399,28.1,36,7.153024911032029,201
SOOP,히어로레드,712.2,549,542,964,3,26,19,57
치지직,페피노,715.2,698,736,703,6.7,20,13.164179104477611,88.2
SOOP,영웅』,716,730,606,819,4.2,19,16.738095238095237,70.3
치지직,김칠칠,716.2,535,617,906,3.7,27,16.37837837837838,60.6
SOOP,리화-ㅅ-,717.8,891,898,451,16.2,15,10.141975308641975,164.3
치지직,포얌 Poyam,720.2,549,508,1018,2.5,26,20.84,52.1
치지직,호주머니,721.4,549,562,967,3.1,26,18.29032258064516,56.7
치지직,곰학,724.4,362,327,1303,0.9,47,38.111111111111114,34.3
치지직,꿀 덕,724.6,837,810,583,10.1,16,11.663366336633663,117.8
치지직,구리구리v,724.8,408,689,919,4.1,38,14.609756097560975,59.9
SOOP,희건,725.6,698,620,845,4.1,20,16.341463414634145,67
치지직,아이노 에리,725.8,793,765,653,7.8,17,12.487179487179487,97.4
SOOP,고호.,726.8,730,627,825,4.3,19,16.13953488372093,69.4
치지직,노솔링,727.4,837,914,486,15.4,16,9.928571428571429,152.9
SOOP,찐랑,728.2,645,538,960,3,22,19.133333333333333,57.4
치지직,유리꽃향기,728.8,698,964,509,15.3,20,9.359477124183007,143.2
SOOP,슈야_,729,793,715,711,6.4,17,13.625,87.2
SOOP,앙또!,729.8,605,492,1030,2.4,24,21.333333333333332,51.2
SOOP,유우양,731.4,837,1062,348,30.1,16,8.23920265780731,248
치지직,하모시달,732.8,698,622,861,4,20,16.25,65
치지직,모노 VRECORD,733.6,482,419,1174,1.6,30,25.4375,40.7
치지직,랜박,734.4,622,644,881,4,23,15.775,63.1
SOOP,깅면기,735,891,796,596,9.5,15,11.905263157894737,113.1
치지직,미토키,735.4,605,867,669,8.9,24,10.606741573033707,94.4
치지직,케초,735.6,730,766,708,7,19,12.485714285714286,87.4
치지직,김루아 KimLuA,737,605,687,853,4.5,24,14.622222222222222,65.8
치지직,펠리르,737,513,463,1123,2,28,22.1,44.2
치지직,빠래,738,380,1099,556,16.1,43,7.77639751552795,125.2
치지직,재완쓰,738.2,837,1087,340,32.1,16,7.931464174454828,254.6
치지직,남다늘,739.2,944,899,477,15.3,14,10.117647058823529,154.8
치지직,꿀 뭉,741,645,724,806,5.3,22,13.471698113207546,71.4
치지직,아즈엘라 벨모어,741.4,579,596,968,3.3,25,17.151515151515152,56.6
치지직,빛나비,742.2,837,944,493,15.7,16,9.522292993630574,149.5
치지직,유하나 YuHaNa,743.6,760,1007,472,17.5,18,8.954285714285714,156.7
치지직,하 옥,744.8,730,691,806,4.9,19,14.571428571428571,71.4
치지직,천령여우씨,745.4,837,892,553,12.5,16,10.232,127.9
SOOP,이상훈94,745.8,891,771,648,7.9,15,12.417721518987342,98.1
치지직,호서윤,746.2,793,893,576,11.7,17,10.213675213675213,119.5
치지직,최하루s,747.8,837,886,565,11.9,16,10.319327731092438,122.8
치지직,홍돌의 게임방송,749.4,837,844,611,9.9,16,11.02020202020202,109.1
치지직,빛단아,749.8,837,966,490,16.2,16,9.333333333333334,151.2
치지직,젠드로 Jendro,749.8,645,688,864,4.4,22,14.613636363636363,64.3
치지직,우기잉ㅋ,751.4,209,172,1602,0.2,117,116,23.2
SOOP,아라리_-,753.6,730,955,564,13.1,19,9.442748091603054,123.7
SOOP,세으나,755.6,760,619,890,3.8,18,16.342105263157894,62.1
치지직,제철게,758.6,681,607,949,3.5,21,16.65714285714286,58.3
치지직,고먐미님,760.2,793,1084,420,23.3,17,7.9957081545064375,186.3
SOOP,차시호,761.4,891,988,470,17.2,15,9.133720930232558,157.1
SOOP,도라니.,761.8,837,752,734,6.4,16,12.9375,82.8
SOOP,아임쏨,765.8,837,714,782,5.5,16,13.672727272727272,75.2
SOOP,월해란,766.2,891,943,527,14.3,15,9.545454545454545,136.5
치지직,루짱v,766.6,645,582,1012,3,22,17.5,52.5
치지직,겜보1,768.2,837,1013,489,17.1,16,8.847953216374268,151.3
치지직,누후잉,768.4,760,740,801,5.5,18,13.10909090909091,72.1
치지직,눈잔비,768.8,730,699,858,4.6,19,14.195652173913043,65.3
치지직,키위 나무,769.4,891,891,587,11.4,15,10.236842105263158,116.7
SOOP,김민혁-,771.8,499,586,1094,2.7,29,17.37037037037037,46.9
치지직,님님잉,771.8,837,922,589,11.8,16,9.796610169491526,115.6
SOOP,류헤나,772.6,549,454,1203,1.7,26,22.88235294117647,38.9
SOOP,미스터훈이,773,1061,1181,221,71.3,12,7.049088359046284,502.6
치지직,냅도바보,773.4,891,882,606,10.7,15,10.345794392523365,110.7
치지직,뿌요 PPUYO,774.2,645,601,1012,3.1,22,16.93548387096774,52.5
치지직,파랑 PARANG,775,1005,940,495,15.5,13,9.587096774193549,148.6
치지직,추봉이 Chub,778,760,846,719,7.8,18,11,85.8
치지직,민지림,780.4,944,1103,376,28.7,14,7.7177700348432055,221.5
SOOP,그냥세진,781,645,638,992,3.4,22,15.911764705882353,54.1
치지직,해 닝,781.4,837,913,622,10.8,16,9.935185185185185,107.3
치지직,은하윤,782.6,605,514,1140,2.1,24,20.571428571428573,43.2
치지직,머피 VRECORD,783.4,645,545,1091,2.5,22,18.84,47.1
치지직,애밍이,784.8,698,690,923,4.1,20,14.585365853658537,59.8
치지직,레코드진,788.2,837,1128,424,24.6,16,7.451219512195122,183.3
치지직,어써미,788.6,535,490,1214,1.8,27,21.38888888888889,38.5
SOOP,빅픽쳐.,788.8,944,1070,430,21.9,14,8.10958904109589,177.6
치지직,고고짱z,789.8,681,703,931,4.2,21,14.071428571428571,59.1
치지직,도르밍,790.6,793,746,834,5.2,17,13.057692307692308,67.9
치지직,핫스 HOTS,791.2,730,728,885,4.7,19,13.382978723404255,62.9
치지직,싼체스 SSANCHEZ,792.2,579,536,1155,2.2,25,19.227272727272727,42.3
SOOP,렉스___,792.2,891,845,690,8.2,15,11.012195121951219,90.3
치지직,포니고라운드,793.6,730,770,849,5.3,19,12.452830188679245,66
SOOP,설형_,794,944,1164,349,34.4,14,7.1773255813953485,246.9
치지직,규백KB,794,760,1004,601,12.5,18,8.984,112.3
SOOP,체리꿀맛,794.2,837,758,809,5.6,16,12.714285714285714,71.2
치지직,김오브디토,794.4,760,707,899,4.4,18,13.954545454545455,61.4
SOOP,론티,797.6,760,745,869,4.9,18,13.061224489795919,64
치지직,젱이,803,793,866,745,7.6,17,10.657894736842104,81
치지직,생강콜라,803.2,944,894,642,9.7,14,10.206185567010309,99
SOOP,구월이_,805.4,793,723,894,4.6,17,13.478260869565217,62
치지직,고대발잡이 GoDaeBalJabE,807,535,805,945,5,27,11.7,58.5
SOOP,달비밤,807.4,837,751,849,5.1,16,12.941176470588236,66
치지직,두부조앙,807.8,513,497,1266,1.7,28,21.176470588235293,36
SOOP,성문_,808.6,1061,1111,380,28.6,12,7.646853146853147,218.7
SOOP,빛머,809.2,944,911,640,10,14,9.96,99.6
치지직,월야화랑,811.2,320,288,1580,0.5,57,47.4,23.7
치지직,개덕필,812.2,793,945,689,9.5,17,9.51578947368421,90.4
SOOP,『마요』,815,837,797,822,5.9,16,11.88135593220339,70.1
치지직,유룽그,815.2,730,793,880,5.3,19,11.962264150943396,63.4
치지직,꽁돌,815.8,837,936,685,9.5,16,9.6,91.2
치지직,규진이,816,730,1154,521,19.3,19,7.248704663212435,139.9
SOOP,삐삐♪,816.6,793,801,844,5.7,17,11.771929824561404,67.1
SOOP,도일이,817.4,793,730,917,4.5,17,13.355555555555556,60.1
치지직,휘이령,818.8,376,394,1465,1,44,28.1,28.1
치지직,담쥬,819,837,954,675,9.9,16,9.454545454545455,93.6
치지직,그늘이야,820.2,837,840,792,6.7,16,11.074626865671641,74.2
치지직,뮤마랭,820.8,760,646,1026,3.3,18,15.606060606060606,51.5
SOOP,릴딕04,823.4,793,710,952,4.2,17,13.833333333333334,58.1
치지직,리츠나루,823.8,891,994,620,11.9,15,9.067226890756302,107.9
치지직,냥우이,824.6,837,1117,526,18,16,7.616666666666666,137.1
치지직,구름스무디,825.6,730,762,937,4.7,19,12.53191489361702,58.9
치지직,라움 볼렌트,826.6,513,433,1377,1.3,28,24.23076923076923,31.5
치지직,껌딱찌,828.4,730,711,995,3.9,19,13.820512820512821,53.9
치지직,뀨쨩,828.4,760,802,889,5.3,18,11.754716981132075,62.3
치지직,봄배디,830.2,891,986,644,10.8,15,9.157407407407407,98.9
치지직,쁘밍,830.6,645,640,1114,2.8,22,15.892857142857142,44.5
치지직,킴팟,831,1005,1073,502,18.1,13,8.066298342541437,146
SOOP,라크♡,831.4,793,779,903,5,17,12.2,61
씨미,아카츠키 유메,831.6,346,528,1378,1.6,51,19.625,31.4
치지직,춘 구,832.6,793,1044,641,11.7,17,8.504273504273504,99.5
치지직,오쏘 OSSO,835.8,793,777,916,4.9,17,12.285714285714286,60.2
치지직,유진 알파,836.4,698,706,1036,3.6,20,13.972222222222221,50.3
치지직,별그레,837.2,760,695,1018,3.6,18,14.472222222222221,52.1
치지직,레몬치즈퐁듀,837.8,793,812,886,5.4,17,11.61111111111111,62.7
치지직,솔 아,838.6,793,1005,695,10,17,8.98,89.8
치지직,김지복,846,622,926,878,6.5,23,9.76923076923077,63.5
치지직,유메사키 유즈,847,1005,985,630,11.4,13,9.175438596491228,104.6
SOOP,꿀멩이,847.6,698,598,1172,2.4,20,17,40.8
SOOP,남다름_,848.2,1005,976,642,10.7,13,9.25233644859813,99
치지직,페르마 Fermat,848.2,837,838,864,5.8,16,11.086206896551724,64.3
치지직,카야jamkaya,851.4,793,808,924,5.1,17,11.666666666666666,59.5
치지직,히키모리 네코,851.4,793,785,947,4.8,17,12.166666666666666,58.4
치지직,귀여워쟝,853,891,1053,634,12.3,15,8.34959349593496,102.7
치지직,김 앨리스,855,837,887,832,6.6,16,10.318181818181818,68.1
치지직,김달소,860.4,944,1051,628,12.5,14,8.4,105
치지직,블루비틀,860.6,1061,1238,383,32.5,12,6.64,215.8
치지직,유메루,862.4,760,980,796,7.9,18,9.227848101265822,72.9
SOOP,현신_,864,1144,1198,390,30.2,11,6.943708609271523,209.7
치지직,김 만 춘,864.6,891,1008,708,9.8,15,8.918367346938776,87.4
치지직,망쵸,865.4,793,933,834,7,17,9.7,67.9
치지직,서린냥,865.6,760,981,803,7.8,18,9.205128205128204,71.8
치지직,사이테,866.2,645,574,1269,2,22,17.85,35.7
치지직,곰캐,866.6,681,692,1134,3,21,14.566666666666666,43.7
치지직,쿠아 Qua,867.2,944,871,825,6.6,14,10.515151515151516,69.4
SOOP,9해도,867.8,837,731,1020,3.9,16,13.333333333333334,52
치지직,ㅣ소즈ㅣ,868.6,793,1124,651,13,17,7.530769230769231,97.9
치지직,들비,868.8,944,1089,611,13.8,14,7.905797101449275,109.1
SOOP,김뚜야_,869,837,756,998,4.2,16,12.785714285714286,53.7
치지직,차경,871.6,944,1049,658,11.4,14,8.421052631578947,96
치지직,또 양,872.2,837,834,928,5.3,16,11.18867924528302,59.3
SOOP,박권혁,872.6,891,817,919,5.2,15,11.51923076923077,59.9
SOOP,갈푸짱,874.2,837,738,1029,3.9,16,13.153846153846153,51.3
치지직,포니92,875.2,760,749,1059,3.8,18,12.947368421052632,49.2
치지직,누누2915,875.4,793,788,1004,4.4,17,12.090909090909092,53.2
치지직,미로 사쿠,876.2,891,814,931,5.1,15,11.588235294117647,59.1
SOOP,언재,876.8,1144,1043,577,14,11,8.514285714285714,119.2
치지직,대가울,878.2,837,923,854,6.7,16,9.791044776119403,65.6
치지직,티노야,880,944,1028,700,10.2,14,8.696078431372548,88.7
SOOP,올센,880.4,760,835,986,4.9,18,11.183673469387756,54.8
치지직,뽀소리,880.6,793,821,984,4.8,17,11.4375,54.9
치지직,헤 로,881.6,698,664,1191,2.6,20,15.307692307692308,39.8
치지직,달빛머무는밤,882.8,760,949,878,6.7,18,9.477611940298507,63.5
치지직,유앵화,886,730,784,1066,4,19,12.175,48.7
치지직,키오 kio,888.8,730,957,900,6.5,19,9.430769230769231,61.3
SOOP,걍♥,889,837,720,1084,3.5,16,13.542857142857143,47.4
치지직,청백월,890.8,622,616,1300,2.1,23,16.38095238095238,34.4
SOOP,보아탱,891.8,1005,982,745,8.8,13,9.204545454545455,81
치지직,슈퍼디디,891.8,303,252,1826,0.3,63,58.333333333333336,17.5
치지직,라봉이야,892.6,793,786,1049,4.1,17,12.121951219512194,49.7
치지직,밥오리덕,894,944,1003,760,8.7,14,8.988505747126437,78.2
SOOP,커니-,897.6,944,829,943,5.2,14,11.26923076923077,58.6
치지직,알로애 Aloe,899.2,1144,1249,427,27.5,11,6.592727272727273,181.3
치지직,강감자,900.4,698,658,1244,2.4,20,15.416666666666666,37
치지직,윤멜론,901,891,878,929,5.7,15,10.385964912280702,59.2
SOOP,닌닌_,902.8,424,373,1672,0.7,36,30.571428571428573,21.4
SOOP,말론님,903.6,1236,1125,516,18.9,10,7.476190476190476,141.3
치지직,레이카 REYCA,904,944,984,804,7.8,14,9.192307692307692,71.7
SOOP,먹토끼,906.2,891,787,1033,4.2,15,12.095238095238095,50.8
SOOP,두칠,907.2,730,610,1293,2.1,19,16.61904761904762,34.9
치지직,리베 Ribe,907.4,793,758,1114,3.5,17,12.714285714285714,44.5
치지직,얀제리,907.4,681,654,1274,2.3,21,15.478260869565217,35.6
치지직,하야부사 츠바사,908,698,603,1318,2,20,16.9,33.8
치지직,체리아씨,909.4,837,846,1009,4.8,16,11,52.8
치지직,린다비,909.8,1061,1358,386,36.4,12,5.84065934065934,212.6
치지직,페오 PEO,910.6,1005,1052,722,10.2,13,8.362745098039216,85.3
치지직,펭양,910.6,891,1065,766,9.5,15,8.157894736842104,77.5
치지직,곰나루,911.6,944,970,837,7.3,14,9.287671232876713,67.8
치지직,0백은설0,912.2,1005,1241,537,20.2,13,6.628712871287129,133.9
치지직,맹니,912.6,605,592,1387,1.8,24,17.27777777777778,31.1
치지직,녀밍,914.6,1005,841,943,5.3,13,11.056603773584905,58.6
치지직,금련,915.6,730,947,977,5.9,19,9.491525423728813,56
SOOP,김벌새,917,1005,961,829,7.3,13,9.41095890410959,68.7
치지직,한소밍,917.4,499,600,1444,1.7,29,16.941176470588236,28.8
치지직,나그린,917.8,891,852,997,4.9,15,10.979591836734693,53.8
치지직,마리모O,918.2,267,217,1945,0.2,78,75.5,15.1
치지직,담담비,919.4,1061,1320,448,27.4,12,6.0583941605839415,166
치지직,빵지콩,919.4,891,864,989,5.1,15,10.666666666666666,54.4
치지직,한망울,921.8,1061,1113,661,12.5,12,7.64,95.5
SOOP,윤견,922.4,1236,1317,371,37.5,10,6.064,227.4
치지직,정발,924.4,698,806,1156,3.6,20,11.694444444444445,42.1
치지직,킴탱코,925.6,1144,1118,624,14.1,11,7.588652482269503,107
치지직,우유총각,926,622,778,1226,3.1,23,12.225806451612904,37.9
치지직,까룽 KARUNG,926.4,944,1199,645,14.2,14,6.943661971830986,98.6
치지직,소 하린,928,944,1021,827,7.9,14,8.759493670886076,69.2
치지직,보 키키,928.2,579,519,1512,1.3,25,20.153846153846153,26.2
치지직,사루코,928.2,645,632,1366,2,22,16,32
치지직,케장,930.2,579,521,1515,1.3,25,20.076923076923077,26.1
치지직,김재범1,931,393,474,1657,1,40,21.9,21.9
치지직,노프노르,931.2,944,1271,585,18.2,14,6.423076923076923,116.9
SOOP,왕도련,934.2,1005,897,936,5.8,13,10.172413793103448,59
치지직,멍몽실,937.2,944,1280,591,17.9,14,6.363128491620111,113.9
치지직,IM 한결,937.8,793,701,1247,2.6,17,14.153846153846153,36.8
치지직,주녑 Junyeop,938.2,793,763,1186,3.2,17,12.5,40
치지직,딸 바 초,938.4,760,773,1193,3.2,18,12.375,39.6
SOOP,개절,939.6,760,639,1330,2.1,18,15.904761904761905,33.4
치지직,장 봉 남,940.8,944,1086,794,9.2,14,7.934782608695652,73
치지직,도히루,942.6,1061,1212,614,15.9,12,6.849056603773585,108.9
치지직,깅구루,944.8,730,815,1182,3.5,19,11.542857142857143,40.4
SOOP,김레뮤,945.6,730,615,1384,1.9,19,16.42105263157895,31.2
SOOP,VG신선한망치,945.8,1337,1281,415,29.7,9,6.356902356902357,188.8
치지직,디 루,946.4,944,843,1051,4.5,14,11.022222222222222,49.6
치지직,체리또끼,946.6,891,877,1044,4.8,15,10.416666666666666,50
SOOP,이쌍도,946.6,891,767,1154,3.4,15,12.470588235294118,42.4
치지직,제누아즈,946.8,1144,1223,572,17.8,11,6.792134831460674,120.9
치지직,백범자,947,1061,1140,697,12.2,12,7.327868852459017,89.4
치지직,수잔 헌트,947.8,645,565,1482,1.5,22,18.133333333333333,27.2
치지직,몽구구구,948,1144,1122,676,12.3,11,7.560975609756097,93
SOOP,공진혁,948.6,1005,1146,723,11.7,13,7.282051282051282,85.2
치지직,0별별0,949.8,837,768,1188,3.2,16,12.46875,39.9
치지직,듈리쥬웃,950.8,944,825,1080,4.2,14,11.357142857142858,47.7
치지직,빙식이,950.8,944,937,968,5.9,14,9.59322033898305,56.6
SOOP,박푸,951,837,983,976,6.1,16,9.19672131147541,56.1
치지직,구마 Guma,951.4,891,1033,900,7.1,15,8.633802816901408,61.3
SOOP,최르_,951.8,891,883,1051,4.8,15,10.333333333333334,49.6
치지직,필통님,952.6,891,827,1109,4,15,11.325,45.3
치지직,노돌노돌리,953,207,167,2112,0.1,119,119,11.9
SOOP,구월_九月,953.6,944,807,1105,3.9,14,11.692307692307692,45.6
치지직,예비니이,954.6,837,1216,752,11.7,16,6.829059829059829,79.9
치지직,연화서,955,1061,1076,781,9.4,12,8.02127659574468,75.4
치지직,김톤순,955,1061,1337,520,23.5,12,5.965957446808511,140.2
SOOP,종욱ㅋ,956,730,626,1399,1.9,19,16.157894736842106,30.7
치지직,김초나,957.2,730,667,1361,2.1,19,15.285714285714286,32.1
치지직,별도림,957.4,605,563,1528,1.4,24,18.214285714285715,25.5
SOOP,허소리,957.4,891,722,1226,2.8,15,13.535714285714286,37.9
치지직,집마 홀릭,958.4,730,832,1199,3.5,19,11.2,39.2
치지직,래비래비,959.2,1144,1205,621,15.6,11,6.910256410256411,107.8
씨미,하니쁜,959.2,730,824,1209,3.4,19,11.382352941176471,38.7
치지직,밍아 MingA,961,645,598,1482,1.6,22,17,27.2
치지직,아띠미,961.2,1144,1172,659,13.4,11,7.141791044776119,95.7
SOOP,심시온,962.2,1337,1253,484,23.3,9,6.579399141630901,153.3
치지직,김늉스,965.8,1005,956,956,6.1,13,9.442622950819672,57.6
치지직,김후인,969,891,1303,674,15.1,15,6.211920529801325,93.8
SOOP,이윤성_,969.4,891,700,1278,2.5,15,14.16,35.4
치지직,얌무우,969.6,1144,1261,591,17.5,11,6.508571428571429,113.9
치지직,뱀용,970.8,1144,1289,566,19.5,11,6.292307692307692,122.7
치지직,꽃설화,971.2,760,656,1392,2,18,15.45,30.9
치지직,리리마,972.6,837,842,1171,3.7,16,11.054054054054054,40.9
씨미,다벌,972.6,891,932,1054,5.1,15,9.705882352941176,49.5
SOOP,시로v,973.6,944,889,1073,4.7,14,10.27659574468085,48.3
치지직,만이 마니,977.2,1144,1170,701,12.4,11,7.145161290322581,88.6
치지직,김토셔,977.8,1005,1105,837,8.8,13,7.704545454545454,67.8
치지직,미호밍,978.6,837,831,1197,3.5,16,11.228571428571428,39.3
치지직,시로카미 레이,979.2,760,628,1440,1.8,18,16.11111111111111,29
치지직,유키코모리,979.4,1005,1292,654,15.5,13,6.2709677419354835,97.2
치지직,데스파씨도,981.6,760,880,1194,3.8,18,10.368421052631579,39.4
치지직,김은덕,981.6,944,959,1023,5.5,14,9.418181818181818,51.8
SOOP,문리아,984.6,1061,909,1022,5.2,12,9.98076923076923,51.9
SOOP,배미르,985.4,1005,938,1023,5.4,13,9.592592592592593,51.8
치지직,찐귤이,986.4,1144,1063,831,8.3,11,8.228915662650602,68.3
치지직,치치얌,986.6,1005,1010,954,6.5,13,8.892307692307693,57.8
치지직,하늘비야,988,944,905,1093,4.7,14,10,47
치지직,지존용사,988,1144,1362,536,23.1,11,5.8268398268398265,134.6
SOOP,_김리안_,988.2,1337,1196,606,15.9,9,6.962264150943396,110.7
치지직,냠이야,990.8,944,1182,823,9.9,14,7.040404040404041,69.7
치지직,방아방하,991.2,1236,1400,460,28.8,10,5.583333333333333,160.8
치지직,대소문자,993.8,1061,1394,560,22,12,5.6454545454545455,124.2
치지직,강 하다,996.4,944,1222,797,10.7,14,6.794392523364486,72.7
치지직,고고라니 GoGorani,996.6,1005,1174,815,9.9,13,7.1313131313131315,70.6
치지직,차니0110,997.8,891,855,1194,3.6,15,10.944444444444445,39.4
치지직,팡븜,999.2,698,588,1561,1.4,20,17.357142857142858,24.3
치지직,현은빈,999.6,944,1185,842,9.6,14,7,67.2
치지직,김 동 백,999.8,645,575,1602,1.3,22,17.846153846153847,23.2
치지직,김 만,999.8,793,846,1257,3.3,17,11,36.3
치지직,천룩희,999.8,1061,1283,686,14.3,12,6.34965034965035,90.8
치지직,도괜괜,1000.6,1005,853,1146,3.9,13,10.974358974358974,42.8
치지직,문수 moonsu,1001.6,1144,1130,802,9.7,11,7.422680412371134,72
치지직,아츠키 Atsuki,1002,698,611,1545,1.5,20,16.6,24.9
치지직,묘리아,1003.4,1061,1075,903,7.6,12,8.026315789473685,61
치지직,차금지,1003.8,1061,1588,391,44,12,4.738636363636363,208.5
SOOP,핑글♪,1005.4,891,748,1320,2.6,15,12.961538461538462,33.7
치지직,소고기2,1006.4,730,1751,400,48.5,19,4.142268041237114,200.9
치지직,로즈헬,1006.4,944,839,1205,3.5,14,11.085714285714285,38.8
치지직,SENA 세나,1007.8,1005,1288,729,13.4,13,6.298507462686567,84.4
치지직,채니 Chaeni,1009.8,1061,1119,875,8.4,12,7.583333333333333,63.7
치지직,드로즈,1011.2,944,962,1094,5,14,9.38,46.9
치지직,로권,1014.4,698,743,1444,2.2,20,13.090909090909092,28.8
치지직,아리송서영,1015.6,1144,1139,828,9.4,11,7.329787234042553,68.9
치지직,신소칩,1016,698,895,1296,3.4,20,10.205882352941176,34.7
치지직,키묘선,1016.6,891,1090,1006,6.7,15,7.895522388059701,52.9
씨미,듈리쥬웃,1019.2,760,733,1435,2.2,18,13.318181818181818,29.3
SOOP,라쿤99,1020.6,837,760,1373,2.5,16,12.68,31.7
치지직,김빵선,1021.8,1061,1034,990,6.3,12,8.603174603174603,54.2
치지직,참소년,1023.8,837,775,1366,2.6,16,12.307692307692308,32
치지직,박대봉,1024.8,760,754,1428,2.3,18,12.869565217391305,29.6
치지직,쥬 지스네,1024.8,698,661,1552,1.6,20,15.375,24.6
치지직,겜퀸비,1027,1061,1229,808,10.6,12,6.726415094339623,71.3
SOOP,임효람,1027,1337,1435,464,29.7,9,5.36026936026936,159.2
치지직,박시초,1027.2,698,741,1478,2.1,20,13.095238095238095,27.5
치지직,마 웨,1027.8,1005,915,1152,4.3,13,9.906976744186046,42.6
치지직,심심채채,1030.2,1061,1273,772,11.9,12,6.411764705882353,76.3
치지직,블마 Blma,1031,1005,905,1170,4.1,13,10,41
치지직,쿠욱밥,1031.6,1236,1493,468,30.7,10,5.133550488599348,157.6
치지직,리네블,1032.6,837,1027,1136,5,16,8.7,43.5
치지직,냥하링,1032.6,1005,917,1162,4.2,13,9.880952380952381,41.5
치지직,김밤비,1033.2,944,868,1243,3.5,14,10.6,37.1
SOOP,가니꾸,1033.4,837,716,1449,2.1,16,13.619047619047619,28.6
SOOP,오공이,1034,1236,1150,817,9.7,10,7.268041237113402,70.5
치지직,로엘리아,1035.2,1236,1214,756,11.6,10,6.836206896551724,79.3
치지직,냐라,1037.4,891,990,1158,4.6,15,9.108695652173912,41.9
치지직,다레껍데기,1037.6,1144,1038,984,6.4,11,8.578125,54.9
치지직,빵태 Bbangtae,1043.6,1144,1165,872,8.9,11,7.168539325842697,63.8
치지직,아일린8초,1044,944,1760,378,53.9,14,4.1020408163265305,221.1
치지직,삐모,1044.2,1337,1308,634,16.7,9,6.149700598802395,102.7
치지직,찰스야 Charles ya,1046.2,1061,1553,532,27.7,12,4.884476534296029,135.3
치지직,기막사,1048.4,622,479,1831,0.8,23,21.75,17.4
치지직,츠키노카모,1049.2,944,948,1203,4.1,14,9.487804878048781,38.9
치지직,김재이,1049.4,645,537,1764,1,22,19.2,19.2
치지직,꿀 뀨,1050.6,837,790,1418,2.5,16,12.08,30.2
SOOP,길앞잡이광수,1051,837,804,1405,2.6,16,11.73076923076923,30.5
SOOP,희각,1052.6,1061,872,1229,3.6,12,10.5,37.8
치지직,저가요,1053.4,1061,1025,1078,5.5,12,8.709090909090909,47.9
치지직,으닝이,1053.4,793,816,1421,2.6,17,11.538461538461538,30
치지직,린 연,1054,944,942,1221,4,14,9.55,38.2
치지직,득끼,1054.8,1144,1278,787,11.7,11,6.3760683760683765,74.6
SOOP,BJ김둥이,1054.8,944,799,1366,2.7,14,11.851851851851851,32
치지직,임성율,1055,1061,1504,603,22,12,5.095454545454546,112.1
치지직,유아니 Uani,1056,622,486,1843,0.8,23,21.5,17.2
치지직,카 일 Kyle,1058.6,1337,1353,625,17.9,9,5.888268156424581,105.4
치지직,랑뮤,1058.6,1061,1039,1077,5.6,12,8.571428571428571,48
치지직,이단홍,1058.8,944,1134,1041,6.8,14,7.382352941176471,50.2
치지직,표류네,1060.4,1144,971,1108,4.9,11,9.285714285714286,45.5
치지직,한두울,1060.6,793,800,1455,2.4,17,11.833333333333334,28.4
치지직,엘라유,1061.2,944,1098,1083,6.1,14,7.786885245901639,47.5
치지직,최윤주,1062.4,698,811,1496,2.3,20,11.652173913043478,26.8
치지직,헬릭스,1063,1061,992,1135,4.8,12,9.083333333333334,43.6
치지직,이 미 유,1063.2,1144,1246,840,10.2,11,6.617647058823529,67.5
치지직,달자매,1064.2,1005,953,1205,4.1,13,9.463414634146341,38.8
치지직,히졔야,1065,1005,1056,1104,5.5,13,8.309090909090909,45.7
SOOP,민코__,1066.2,1337,1564,433,36.4,9,4.829670329670329,175.8
SOOP,깡디_,1067,1005,896,1269,3.5,13,10.2,35.7
치지직,페 린,1068,1236,1436,616,20.3,10,5.359605911330049,108.8
SOOP,설아콩,1068.4,698,544,1778,1,20,18.9,18.9
치지직,레 티 LETI,1068.6,1005,1023,1146,4.9,13,8.73469387755102,42.8
치지직,Lrys,1069.8,793,1401,877,11.4,17,5.578947368421052,63.6
치지직,ZOOZOO3,1070.6,1061,1568,578,24.7,12,4.821862348178137,119.1
치지직,야로로,1072.4,1236,1350,713,14.7,10,5.891156462585034,86.6
치지직,수 담,1072.8,944,969,1241,4,14,9.3,37.2
SOOP,김도지,1075.4,1337,1272,748,12.6,9,6.420634920634921,80.9
치지직,묘쿤,1075.6,944,951,1266,3.8,14,9.473684210526315,36
치지직,하남잘,1076.4,1144,1333,786,12.5,11,5.976,74.7
치지직,김톡히,1077.6,1144,1335,787,12.5,11,5.968,74.6
치지직,나 견,1080.8,1144,1478,652,18.8,11,5.1861702127659575,97.5
치지직,또맹이,1081,837,890,1394,3,16,10.266666666666667,30.8
치지직,월하범,1081.2,1236,1475,610,21.1,10,5.194312796208531,109.6
치지직,이 삐 뿌,1083.4,1337,1510,530,26.9,9,5.063197026022305,136.2
치지직,파나,1084,1144,1248,890,9.4,11,6.6063829787234045,62.1
치지직,쿠나로,1084.2,1061,1048,1132,5.2,12,8.423076923076923,43.8
치지직,림냐,1085.4,1061,1057,1126,5.3,12,8.30188679245283,44
치지직,안찡,1085.8,891,857,1412,2.8,15,10.821428571428571,30.3
치지직,우로츠키,1085.8,681,1311,1063,8,21,6.125,49
치지직,하성진,1088,944,1194,1054,7.1,14,6.971830985915493,49.5
치지직,크라블 KRABL,1091.8,1337,1374,687,15.7,9,5.777070063694268,90.7
SOOP,백승,1094.4,1236,1155,963,7.9,10,7.2405063291139244,57.2
치지직,련히,1094.6,1061,1088,1118,5.6,12,7.928571428571429,44.4
치지직,댄 찌,1094.8,340,1136,1431,4,52,7.375,29.5
치지직,시혼Sihonn,1095.6,1236,1184,937,8.4,10,7.011904761904762,58.9
치지직,펭귄조비,1097,1061,1354,858,11.1,12,5.882882882882883,65.3
SOOP,요은,1097.4,1061,869,1344,3.1,12,10.580645161290322,32.8
치지직,연주현,1097.8,1005,1359,883,10.8,13,5.833333333333333,63
치지직,김옌짱,1099.6,944,974,1303,3.7,14,9.27027027027027,34.3
치지직,ㅇ엔초비ㅇ,1100.2,1005,918,1330,3.4,13,9.823529411764707,33.4
SOOP,달님.,1101,1337,1224,860,9.6,9,6.78125,65.1
치지직,솜 달,1101.8,891,837,1472,2.5,15,11.12,27.8
SOOP,묘묘묫,1102.8,1236,1116,1023,6.8,10,7.617647058823529,51.8
치지직,콩루나,1106.6,793,713,1657,1.6,17,13.6875,21.9
치지직,요무요,1109.6,944,910,1392,3.1,14,9.96774193548387,30.9
치지직,만두집 아들,1110,730,734,1676,1.6,19,13.3125,21.3
SOOP,무스+_+,1110.4,1144,901,1303,3.4,11,10.088235294117647,34.3
치지직,해옥 HaeOK,1110.6,499,389,2138,0.4,29,28.75,11.5
SOOP,윤워커,1112.2,1475,1589,454,34.3,8,4.737609329446064,162.5
치지직,오하순,1112.4,1144,1322,887,10.4,11,6.019230769230769,62.6
SOOP,우주리,1113,793,683,1703,1.4,17,14.785714285714286,20.7
치지직,올센,1114.8,1144,1171,1044,7,11,7.142857142857143,50
치지직,박일로,1115.8,891,1147,1197,5.4,15,7.277777777777778,39.3
치지직,무 진,1117,1061,928,1334,3.4,12,9.764705882352942,33.2
치지직,미카Mika,1117.4,793,919,1478,2.8,17,9.821428571428571,27.5
SOOP,후찌マ,1119,681,534,1923,0.8,21,19.375,15.5
치지직,우혜헤,1119.4,891,987,1366,3.5,15,9.142857142857142,32
치지직,이루파,1119.4,1337,1282,848,10.4,9,6.355769230769231,66.1
치지직,로마산양,1120.2,1337,1315,817,11.6,9,6.077586206896552,70.5
SOOP,이찌노,1122.6,1337,1183,955,8.2,9,7.036585365853658,57.7
치지직,잉초보,1123,1337,1491,648,19.1,9,5.136125654450262,98.1
SOOP,윤가빈,1123.2,1236,1047,1143,5.1,10,8.450980392156863,43.1
치지직,비나 Binah,1125.8,891,794,1575,2,15,11.95,23.9
치지직,스노하라 스나,1128.2,1005,1036,1282,4.1,13,8.585365853658537,35.2
치지직,김조승,1130,1144,1133,1120,6,11,7.383333333333334,44.3
치지직,답지,1130.6,1061,1071,1225,4.7,12,8.085106382978724,38
SOOP,응큼아재,1131.8,1475,1618,474,33.8,8,4.627218934911243,156.4
치지직,발컨 테레사,1133.2,1236,1753,462,38.7,10,4.124031007751938,159.6
치지직,겜테,1134.8,1144,1830,435,44.8,11,3.9017857142857144,174.8
치지직,킴 냉,1135,1061,1342,965,9.6,12,5.927083333333333,56.9
치지직,설 하 루,1141,1337,1501,683,18,9,5.105555555555555,91.9
치지직,나객 Nagaek,1141.2,1144,1375,906,10.5,11,5.771428571428571,60.6
치지직,펜리르405,1145.2,1144,1242,1049,7.5,11,6.626666666666667,49.7
치지직,돌푸핑,1148,1236,1490,762,15.2,10,5.1381578947368425,78.1
치지직,가븰,1149.4,1061,1356,987,9.3,12,5.860215053763441,54.5
치지직,시권,1149.8,465,368,2274,0.3,32,31.333333333333332,9.4
치지직,근토,1151,1475,1629,511,31.2,8,4.583333333333333,143
치지직,복연,1151.2,944,900,1506,2.6,14,10.115384615384615,26.3
치지직,묘비 Myobi,1153.2,698,566,1968,0.8,20,18.125,14.5
치지직,제미르 ZEMIR,1153.4,1061,920,1433,3,12,9.8,29.4
치지직,명이예요,1154,1236,1234,1033,7.6,10,6.684210526315789,50.8
치지직,초로기나무,1154.2,1061,977,1378,3.4,12,9.235294117647058,31.4
치지직,해야지,1154.4,1236,1481,787,14.4,10,5.180555555555555,74.6
치지직,준봉이,1154.6,1005,1437,947,10.9,13,5.3577981651376145,58.4
치지직,숲속수달,1156.6,891,875,1571,2.3,15,10.434782608695652,24
치지직,게임하는오늘,1157.2,1144,1364,957,9.9,11,5.808080808080808,57.5
SOOP,깅태,1157.4,1475,1442,714,16.2,8,5.339506172839506,86.5
치지직,고한수,1158,1236,1163,1114,6.2,10,7.17741935483871,44.5
치지직,어캐,1158.2,1475,1598,560,26.4,8,4.704545454545454,124.2
치지직,총괄 CR,1158.6,1061,1424,942,10.8,12,5.435185185185185,58.7
치지직,나는 범이요,1159,793,702,1799,1.3,17,14.076923076923077,18.3
치지직,블리루,1160.2,1061,1101,1269,4.6,12,7.760869565217392,35.7
치지직,랑아 RangA,1160.8,622,552,2039,0.7,23,18.714285714285715,13.1
치지직,김홀리,1161.8,837,783,1703,1.7,16,12.176470588235293,20.7
치지직,흐먀레아,1162.8,1236,1294,995,8.6,10,6.267441860465116,53.9
치지직,하나린 미르,1163.4,1337,1574,666,19.8,9,4.787878787878788,94.8
치지직,아기해달S2,1163.6,1144,1143,1194,5.4,11,7.296296296296297,39.4
치지직,아쾅 Akuang,1163.8,645,659,1928,1,22,15.4,15.4
치지직,마하라지,1163.8,1005,1561,846,13.8,13,4.840579710144928,66.8
치지직,도구의맹세,1165.4,891,888,1580,2.3,15,10.304347826086957,23.7
치지직,립스튜,1168.4,1236,1582,721,17.9,10,4.770949720670391,85.4
치지직,유나킴,1168.6,1005,1321,1098,7.7,13,6.0519480519480515,46.6
SOOP,히수레,1169,1061,854,1538,2.3,12,10.956521739130435,25.2
치지직,김과누,1169,1061,1386,1006,9.3,12,5.688172043010753,52.9
치지직,니루NIRU,1169.2,1144,1115,1236,4.9,11,7.63265306122449,37.4
치지직,하령08,1169.4,891,836,1642,2,15,11.15,22.3
SOOP,윤비샤,1170.2,793,632,1897,1,17,16,16
치지직,Sundoe,1171.6,1144,1102,1255,4.7,11,7.74468085106383,36.4
치지직,물주먹에이스침대,1172.2,891,1554,931,12.1,15,4.884297520661157,59.1
치지직,먀유 MYAYU,1173,1337,1323,941,9.8,9,6,58.8
치지직,슈앵 SY,1173.4,1005,870,1561,2.3,13,10.565217391304348,24.3
치지직,함지슬,1175,1061,952,1455,3,12,9.466666666666667,28.4
치지직,맴마,1179.2,1144,1094,1282,4.5,11,7.822222222222222,35.2
치지직,신사고양이니케,1181.4,1005,2017,434,53.2,13,3.287593984962406,174.9
치지직,박검복,1181.8,793,727,1831,1.3,17,13.384615384615385,17.4
치지직,게임유령,1182.8,730,2084,508,46.4,19,3.0883620689655173,143.3
치지직,누렁쥐,1183.8,1337,1499,792,14.5,9,5.117241379310345,74.2
SOOP,권류빈,1184,1144,1131,1257,4.9,11,7.408163265306122,36.3
치지직,도비애오,1184.8,698,753,1860,1.3,20,12.923076923076923,16.8
치지직,타나리,1186,944,861,1632,2.1,14,10.761904761904763,22.6
SOOP,이찬찬,1186.2,1337,1233,1064,7.3,9,6.698630136986301,48.9
치지직,내이름은김숩숩,1186.2,1061,1041,1394,3.6,12,8.555555555555555,30.8
치지직,뿌생,1186.4,1144,1265,1129,6.8,11,6.455882352941177,43.9
치지직,오르마 아즈,1187.4,1061,1217,1221,5.6,12,6.821428571428571,38.2
치지직,김냐오 Kimnyao,1187.8,891,782,1742,1.6,15,12.1875,19.5
SOOP,아리민이,1188,1236,1255,1097,7.1,10,6.577464788732394,46.7
치지직,NavySeals,1189,1005,1301,1169,6.6,13,6.2272727272727275,41.1
치지직,꾸이몬,1190,1236,1176,1181,5.7,10,7.105263157894737,40.5
치지직,빙구르르릉,1190.2,1061,963,1482,2.9,12,9.379310344827585,27.2
치지직,정복자v,1191.6,1236,1550,811,14.5,10,4.896551724137931,71
SOOP,두미_,1192.8,408,340,2438,0.2,38,36.5,7.3
치지직,백은하,1193.2,760,632,1971,0.9,18,16,14.4
치지직,머라냥 I Meolanyang,1193.4,1061,1065,1388,3.8,12,8.157894736842104,31
치지직,힛벨HitBell,1195.6,1144,1859,558,32.8,11,3.801829268292683,124.7
치지직,펩 코 이,1196,1144,1347,1071,8.2,11,5.902439024390244,48.4
SOOP,곽봉팔,1197.2,1144,1009,1412,3.4,11,8.911764705882353,30.3
SOOP,류제홍1,1197.4,793,744,1853,1.3,17,13.076923076923077,17
치지직,꾸준이,1197.6,1236,1457,919,11.4,10,5.254385964912281,59.9
치지직,깡모루,1198.2,1061,973,1492,2.9,12,9.275862068965518,26.9
치지직,마이 Mai,1198.6,1061,1011,1455,3.2,12,8.875,28.4
치지직,건망고,1198.6,579,439,2268,0.4,25,23.75,9.5
치지직,김예봄,1199.2,944,965,1561,2.6,14,9.346153846153847,24.3
치지직,캐슬유,1199.6,1236,1509,872,12.6,10,5.063492063492063,63.8
치지직,주혁 JuHyeok,1201.4,837,935,1650,2.3,16,9.608695652173912,22.1
SOOP,성여올,1201.8,1061,920,1554,2.5,12,9.8,24.5
SOOP,샤치_ξ,1203.2,1144,930,1506,2.7,11,9.74074074074074,26.3
치지직,하늘찬,1203.2,760,731,1897,1.2,18,13.333333333333334,16
치지직,나로양,1204.4,1144,1408,1031,9.2,11,5.543478260869565,51
치지직,갑엇,1206.2,1337,1806,541,33.4,9,3.9550898203592815,132.1
치지직,나지안,1206.2,1337,1834,513,36.6,9,3.8934426229508197,142.5
치지직,세나펜슬,1207.4,1061,971,1517,2.8,12,9.285714285714286,26
치지직,윤요 YoonYo,1208.2,1337,1672,680,21,9,4.4,92.4
치지직,후엔,1208.4,1236,1277,1126,6.9,10,6.3768115942028984,44
치지직,코냥냥,1210.2,891,1162,1418,4.2,15,7.190476190476191,30.2
치지직,뽀시루,1211.4,1005,1376,1150,7.4,13,5.77027027027027,42.7
SOOP,잠든호랑이,1214.6,1337,1332,1036,8.4,9,5.988095238095238,50.3
치지직,유키노 포테치,1215.2,1144,1061,1405,3.7,11,8.243243243243244,30.5
치지직,엘제뉴비,1216.2,1337,1482,890,12,9,5.175,62.1
치지직,준동이,1216.2,1337,1345,1027,8.7,9,5.908045977011494,51.4
치지직,백세비,1217,1061,1100,1412,3.9,12,7.769230769230769,30.3
치지직,쭈망이,1222,1236,1114,1323,4.4,10,7.636363636363637,33.6
SOOP,브떱이,1222.4,1656,1474,754,15.3,7,5.196078431372549,79.5
치지직,김꼴통,1222.6,1337,1606,782,16.1,9,4.670807453416149,75.2
치지직,o빵봉투,1224,1144,1144,1344,4.5,11,7.288888888888889,32.8
치지직,송먀옹,1224.4,1144,1489,1000,10.4,11,5.144230769230769,53.5
치지직,은시오,1225.6,1144,1232,1260,5.4,11,6.703703703703703,36.2
SOOP,우썽e,1225.8,1475,1487,840,13.1,8,5.152671755725191,67.5
치지직,뽀실애기,1226.4,1144,1092,1402,3.9,11,7.846153846153846,30.6
SOOP,피아__,1227,1337,1096,1303,4.4,9,7.795454545454546,34.3
SOOP,그래그래@,1227.2,1834,1552,599,23,6,4.886956521739131,112.4
치지직,키쭈 CISMIA,1229.4,1337,1468,937,11.3,9,5.212389380530974,58.9
치지직,말랑설화,1230.2,1337,1483,924,11.5,9,5.173913043478261,59.5
치지직,서초랭,1230.6,837,1500,1158,8.2,16,5.109756097560975,41.9
치지직,옴슈,1231,1475,1443,897,11.6,8,5.336206896551724,61.9
치지직,우키대,1231.6,474,2091,751,26.2,31,3.064885496183206,80.3
치지직,이소벨00,1231.6,1236,1180,1281,5,10,7.06,35.3
치지직,토드황,1231.8,1061,978,1571,2.6,12,9.23076923076923,24
치지직,새롬이 Saeromi,1233.2,1236,1109,1356,4.2,10,7.666666666666667,32.2
치지직,ㅇㅎㄹㄷㅇ,1235.4,837,883,1787,1.8,16,10.333333333333334,18.6
치지직,텐치비 TenChibi,1236.4,760,924,1787,1.9,18,9.789473684210526,18.6
치지직,지응자응,1236.6,1475,1492,862,12.6,8,5.134920634920635,64.7
씨미,신사고양이니케,1236.8,1144,1814,706,22.2,11,3.9414414414414414,87.5
치지직,진득,1237,1337,1802,622,27,9,3.974074074074074,107.3
치지직,진달새,1238.6,1061,968,1598,2.5,12,9.32,23.3
치지직,집배원 도리,1238.6,891,975,1676,2.3,15,9.26086956521739,21.3
치지직,남청하,1238.8,1144,2037,488,46.9,11,3.232409381663113,151.6
치지직,류태풍,1239.4,1475,1854,507,37.6,8,3.8164893617021276,143.5
치지직,베르쟈스,1239.8,1337,1091,1340,4.2,9,7.857142857142857,33
치지직,민코코,1240.2,891,1742,913,14.5,15,4.158620689655172,60.3
SOOP,초타코,1242,1656,1534,743,16.4,7,4.969512195121951,81.5
치지직,다벌,1244.2,1475,1413,960,10.4,8,5.519230769230769,57.4
치지직,이웃집펭긴,1246.4,944,931,1713,2.1,14,9.714285714285714,20.4
치지직,롱재,1249.2,1144,1549,1002,10.9,11,4.89908256880734,53.4
치지직,지밍이S2,1250,1144,1263,1290,5.4,11,6.481481481481482,35
치지직,에쏘 Esso,1252.4,1236,1368,1145,7.4,10,5.797297297297297,42.9
치지직,믕이믕이,1252.6,891,830,1856,1.5,15,11.266666666666667,16.9
치지직,설 룽,1253,645,542,2268,0.5,22,19,9.5
치지직,응박,1253.8,1061,1006,1598,2.6,12,8.961538461538462,23.3
치지직,모찐형,1256,1236,1151,1371,4.4,10,7.25,31.9
치지직,아이리히아,1256,1144,1514,1054,9.8,11,5.051020408163265,49.5
치지직,이진 ez,1256.2,1005,1488,1150,8.3,13,5.144578313253012,42.7
치지직,호타나,1256.2,1475,1285,1118,7,8,6.3428571428571425,44.4
치지직,청저띠,1257.6,944,903,1769,1.9,14,10.052631578947368,19.1
치지직,해몽해몽,1258.4,1236,1363,1165,7.1,10,5.816901408450704,41.3
치지직,MRKK,1262.8,1236,1340,1199,6.6,10,5.9393939393939394,39.2
치지직,Starboard 우현,1263.6,1236,1185,1356,4.6,10,7,32.2
치지직,반하별,1264.6,1005,1497,1162,8.1,13,5.1234567901234565,41.5
치지직,깽맨,1266.6,1475,1429,1000,9.9,8,5.404040404040404,53.5
치지직,정강스,1268.8,1144,1538,1062,9.9,11,4.959595959595959,49.1
치지직,하뎃,1269,1061,1193,1449,4.1,12,6.975609756097561,28.6
치지직,준서03,1269.8,1005,1306,1366,5.2,13,6.153846153846154,32
SOOP,코임,1270.4,1236,1046,1512,3.1,10,8.451612903225806,26.2
SOOP,모기용,1270.6,1061,989,1657,2.4,12,9.125,21.9
치지직,호호지롱,1270.6,1061,1129,1517,3.5,12,7.428571428571429,26
치지직,달쿠망,1271.8,1475,1763,679,22.6,8,4.092920353982301,92.5
치지직,방신 마시,1272.2,1337,1302,1210,6.2,9,6.225806451612903,38.6
치지직,루씨엠99,1272.6,1337,1619,894,13.4,9,4.626865671641791,62
치지직,문미호,1273.4,891,1219,1519,3.8,15,6.815789473684211,25.9
치지직,시라하 마노,1276.6,681,560,2291,0.5,21,18.4,9.2
치지직,오하루땅,1277.8,1475,1480,977,10.8,8,5.185185185185185,56
치지직,쪼뭉,1278.2,1061,1058,1607,2.8,12,8.25,23.1
SOOP,홍두깨씨,1278.4,1656,1691,677,21.4,7,4.341121495327103,92.9
치지직,고블린1,1279,1475,1990,470,46.3,8,3.3930885529157666,157.1
치지직,유세화 USeHwa,1279.4,1061,1123,1545,3.3,12,7.545454545454546,24.9
치지직,페투스,1279.6,1656,1584,787,15.7,7,4.751592356687898,74.6
치지직,끔붕어,1282,1236,1346,1241,6.3,10,5.904761904761905,37.2
치지직,혜지는혜지,1283,1475,1580,890,13,8,4.776923076923077,62.1
치지직,성도자,1283.6,1144,2062,575,37.9,11,3.174142480211082,120.3
치지직,월 담,1285,1475,1556,919,12.3,8,4.869918699186992,59.9
치지직,낭만적인 생강,1286,944,1037,1706,2.4,14,8.583333333333334,20.6
치지직,서깨비,1288.6,1061,1220,1471,4.1,12,6.804878048780488,27.9
치지직,최화분,1289,1061,1112,1580,3.1,12,7.645161290322581,23.7
치지직,이배비Baebie,1289.6,1236,1392,1214,6.8,10,5.661764705882353,38.5
치지직,금은구,1292.2,1061,1938,762,22.1,12,3.5339366515837103,78.1
치지직,다이 DAI,1292.8,944,991,1769,2.1,14,9.095238095238095,19.1
치지직,세모미,1293.2,1236,1535,1080,9.6,10,4.96875,47.7
치지직,올빰이,1293.4,1337,1412,1153,7.7,9,5.51948051948052,42.5
치지직,밍츄 Chu,1293.8,1061,1599,1105,9.7,12,4.701030927835052,45.6
치지직,루루유루세,1294.4,1144,1045,1619,2.7,11,8.481481481481481,22.9
치지직,백화룽,1295.4,1337,1310,1260,5.9,9,6.135593220338983,36.2
치지직,씨르비,1296,1144,1244,1424,4.5,11,6.622222222222222,29.8
SOOP,지노스,1296.2,1061,863,1847,1.6,12,10.6875,17.1
치지직,코혼,1296.6,1337,1149,1424,4.1,9,7.2682926829268295,29.8
치지직,양엔젤,1296.6,1337,1667,906,13.6,9,4.455882352941177,60.6
치지직,호횽,1297.2,1236,1314,1311,5.6,10,6.089285714285714,34.1
치지직,꽉녀,1299.6,482,398,2610,0.2,30,28,5.6
치지직,글록준,1299.8,1061,995,1724,2.2,12,9.045454545454545,19.9
SOOP,안드리쉐바,1300,1236,1177,1455,4,10,7.1,28.4
치지직,LuSyan루샨,1300.2,1005,1203,1545,3.6,13,6.916666666666667,24.9
치지직,컨제 Conze,1300.8,1144,1297,1383,5,11,6.26,31.3
치지직,겠냥,1301,1475,1440,1075,9,8,5.344444444444444,48.1
치지직,고망지,1302.6,1005,1012,1742,2.2,13,8.863636363636363,19.5
치지직,채미로,1302.6,1475,1682,837,15.5,8,4.374193548387097,67.8
치지직,삐쭉v,1303.8,891,788,2026,1.1,15,12.090909090909092,13.3
치지직,코스미카,1305.2,944,747,2044,1,14,13,13
치지직,후유네 S2,1306.6,1475,1438,1091,8.8,8,5.3522727272727275,47.1
치지직,지 복 이,1307.4,793,779,2093,1,17,12.2,12.2
치지직,고 스 트,1309.2,1236,1804,851,16.6,10,3.9698795180722892,65.9
치지직,요나일,1310.6,1005,846,1928,1.4,13,11,15.4
SOOP,개뼈입니다,1311.4,1475,1142,1399,4.2,8,7.309523809523809,30.7
치지직,유 혜린,1312,1144,1494,1214,7.5,11,5.133333333333334,38.5
치지직,백샤이,1312,944,1016,1792,2.1,14,8.80952380952381,18.5
치지직,갱생둘기,1313.2,1656,1696,759,18.1,7,4.331491712707182,78.4
치지직,여우 랑이,1313.6,1236,1151,1515,3.6,10,7.25,26.1
치지직,라쿤99,1314.6,1005,1068,1716,2.5,13,8.12,20.3
치지직,미엘린,1314.6,1061,1430,1326,6.2,12,5.403225806451613,33.5
치지직,김까까s,1314.6,1337,1336,1282,5.9,9,5.966101694915254,35.2
SOOP,케쿠,1316.2,837,779,2093,1,16,12.2,12.2
치지직,이치고 모찌,1316.6,1337,1239,1384,4.7,9,6.638297872340425,31.2
치지직,호라미,1317.4,1005,828,1963,1.3,13,11.307692307692308,14.7
치지직,카코이 유이,1317.6,622,467,2516,0.3,23,22,6.6
SOOP,BJ잠옷,1318,1236,1369,1308,5.9,10,5.796610169491525,34.2
치지직,꽃해링,1319.2,1144,1069,1657,2.7,11,8.11111111111111,21.9
SOOP,태온,1319.4,1061,912,1856,1.7,12,9.941176470588236,16.9
치지직,루넬LucyNell,1319.6,1236,1175,1506,3.7,10,7.108108108108108,26.3
치지직,양도운,1319.6,1236,1544,1137,8.8,10,4.931818181818182,43.4
치지직,뚀랑이,1320,1236,1197,1485,3.9,10,6.948717948717949,27.1
치지직,우에노 유키,1320,1236,1093,1589,3,10,7.833333333333333,23.5
치지직,정지디,1320.2,1061,1632,1138,9.5,12,4.557894736842106,43.3
치지직,실브Sylv,1320.8,944,2199,631,36.8,14,2.839673913043478,104.5
SOOP,아쿠아즈,1321.8,891,739,2120,0.9,15,13.11111111111111,11.8
치지직,웅 철,1322.6,1005,1030,1774,2.2,13,8.636363636363637,19
치지직,제량군,1322.6,1061,916,1860,1.7,12,9.882352941176471,16.8
치지직,핑군,1324.6,1005,1067,1742,2.4,13,8.125,19.5
치지직,몽끼끼,1325.8,1337,1615,1031,11,9,4.636363636363637,51
치지직,뇽맹,1325.8,1337,1678,968,12.9,9,4.387596899224806,56.6
치지직,새윤,1326,1236,1225,1472,4.1,10,6.780487804878049,27.8
치지직,구른돌 gureundol,1327,1061,1058,1729,2.4,12,8.25,19.8
치지직,설다비,1331.4,499,416,2663,0.2,29,26,5.2
치지직,민하이,1331.8,1005,1106,1721,2.6,13,7.6923076923076925,20
SOOP,삐릉이,1332.8,1656,1774,730,20.7,7,4.043478260869565,83.7
치지직,김앙대,1332.8,1236,1388,1326,5.9,10,5.677966101694915,33.5
치지직,도비마리,1333.6,1144,1185,1577,3.4,11,7,23.8
치지직,롤랑킴,1333.8,1061,1030,1774,2.2,12,8.636363636363637,19
치지직,흑곰파 레룽,1334.6,1337,1858,810,18.7,9,3.802139037433155,71.1
치지직,쩡슈,1336.4,944,1267,1602,3.6,14,6.444444444444445,23.2
치지직,루시크rucyku,1336.6,1337,1471,1202,7.5,9,5.2,39
치지직,전유라,1336.8,1236,1109,1615,3,10,7.666666666666667,23
치지직,ㅣ동동ㅣ,1346,1236,1120,1627,3,10,7.566666666666666,22.7
치지직,최유단,1346.4,1236,1563,1185,8.3,10,4.831325301204819,40.1
치지직,김 멩,1347.8,1475,1634,998,11.8,8,4.5508474576271185,53.7
치지직,세모개미,1350.2,1061,1173,1672,3,12,7.133333333333334,21.4
치지직,문리아,1350.2,1337,1323,1384,5.2,9,6,31.2
치지직,별하몽,1350.4,1236,1230,1528,3.8,10,6.7105263157894735,25.5
치지직,잉맨1,1351,837,709,2250,0.7,16,13.857142857142858,9.7
치지직,리노rino,1355.6,1656,1746,815,17,7,4.152941176470589,70.6
치지직,앙탈깜지,1355.6,1144,1256,1561,3.7,11,6.5675675675675675,24.3
SOOP,꼰펭,1358.2,1337,1085,1642,2.8,9,7.964285714285714,22.3
치지직,겜 만,1358.4,1656,1674,894,14.1,7,4.397163120567376,62
치지직,피리부는 도라지,1358.4,1236,1132,1646,3,10,7.4,22.2
치지직,땡 땡 이,1359.2,1236,1506,1274,7,10,5.085714285714285,35.6
치지직,송이스럽게,1359.6,1144,1160,1667,3,11,7.2,21.6
치지직,다 기,1361.6,1656,1530,1046,10,7,4.99,49.9
치지직,작은쿠마2,1362.8,1834,2023,467,48.3,6,3.271221532091097,158
치지직,어량,1363.4,1337,1251,1489,4.1,9,6.585365853658536,27
치지직,단 찌,1364.2,837,926,2066,1.3,16,9.76923076923077,12.7
치지직,달콤한미누,1364.2,1337,2069,673,29.9,9,3.1471571906354514,94.1
치지직,준박스,1364.8,1236,2214,580,42.4,10,2.792452830188679,118.4
치지직,낙화 NagHwa,1366,1236,1409,1388,5.6,10,5.535714285714286,31
치지직,조 라면,1366.6,1475,1259,1420,4.6,8,6.543478260869565,30.1
치지직,타로빈,1367.4,1337,1290,1460,4.5,9,6.288888888888889,28.3
치지직,방갈로 BANGALO,1368.2,1475,1759,924,14.5,8,4.103448275862069,59.5
치지직,룡쥐,1368.2,1337,1227,1525,3.8,9,6.7368421052631575,25.6
치지직,쒸이저,1368.4,1236,1470,1333,6.4,10,5.203125,33.3
치지직,알파맨,1369,1337,1503,1251,7.2,9,5.097222222222222,36.7
SOOP,서하연,1369.4,1005,864,2057,1.2,13,10.666666666666666,12.8
치지직,댐일이,1369.4,1337,1465,1290,6.7,9,5.223880597014926,35
SOOP,진현킴,1369.4,1475,1247,1439,4.4,8,6.613636363636363,29.1
치지직,퍼플리양,1371.6,1144,1570,1287,7.3,11,4.808219178082192,35.1
치지직,atom2bit,1372.2,1337,1469,1293,6.7,9,5.208955223880597,34.9
치지직,김화수,1373,1337,1157,1607,3.2,9,7.21875,23.1
치지직,예춘이,1375.4,1337,1418,1352,5.9,9,5.491525423728813,32.4
치지직,민 걍2,1375.8,891,763,2231,0.8,15,12.5,10
치지직,더운더운,1376.2,1337,1626,1146,9.3,9,4.602150537634409,42.8
치지직,전설의당근토끼씨씨,1376.2,1475,1531,1172,8.2,8,4.975609756097561,40.8
SOOP,피린._.,1377.6,1144,1108,1764,2.5,11,7.68,19.2
치지직,Doman도만,1378.2,1005,846,2097,1.1,13,11,12.1
SOOP,칡진욱,1378.2,1337,1542,1235,7.6,9,4.934210526315789,37.5
치지직,밍크스위치 MinX,1380,1656,1756,866,15.6,7,4.115384615384615,64.2
치지직,좀비트,1380.2,1475,1456,1257,6.9,8,5.260869565217392,36.3
치지직,이르땅,1380.8,1144,1054,1826,2.1,11,8.333333333333334,17.5
SOOP,기보기;,1381.2,1144,1097,1784,2.4,11,7.791666666666667,18.7
치지직,기엑,1382,1144,1019,1864,1.9,11,8.789473684210526,16.7
치지직,몬트지모,1382.6,1005,941,2013,1.4,13,9.571428571428571,13.4
치지직,모모이로,1385,1475,1462,1263,6.9,8,5.231884057971015,36.1
치지직,시소가영어였어,1385.6,760,1735,1349,7.8,18,4.17948717948718,32.6
치지직,하두리 냐옹이집사,1387,1337,1560,1239,7.7,9,4.8441558441558445,37.3
치지직,도희린,1388,1144,1156,1742,2.7,11,7.222222222222222,19.5
SOOP,상캐이!,1389.6,1834,1434,1123,8.2,6,5.390243902439025,44.2
치지직,아므게나,1391,1475,1928,812,19.9,8,3.562814070351759,70.9
치지직,크뚜뚜,1392.6,1475,1882,862,17.4,8,3.718390804597701,64.7
치지직,내실혐오,1392.8,1656,1773,881,15.6,7,4.044871794871795,63.1
치지직,히쨩0210,1393.2,1144,1581,1330,7,11,4.771428571428571,33.4
치지직,로네 RoNe,1395,1475,1518,1232,7.5,8,5.013333333333334,37.6
치지직,가람아이,1395.6,1144,1389,1528,4.5,11,5.666666666666667,25.5
치지직,망랑,1395.6,1236,1578,1293,7.3,10,4.780821917808219,34.9
치지직,은화영,1396.2,1475,1684,1069,11.1,8,4.36936936936937,48.5
치지직,나쵸z,1398.6,837,761,2317,0.7,16,12.571428571428571,8.8
치지직,포곰이,1399.2,1236,1185,1695,3,10,7,21
치지직,요 꼬,1400.4,1236,1019,1864,1.9,10,8.789473684210526,16.7
치지직,킨잭,1400.6,1475,2210,554,44.8,8,2.810267857142857,125.9
치지직,시춘,1401.4,1337,1671,1164,9.4,9,4.404255319148936,41.4
치지직,게봇,1402,1656,1937,740,23.1,7,3.536796536796537,81.7
치지직,권새벽,1403.2,944,1351,1685,3.6,14,5.888888888888889,21.2
치지직,유 보 라,1405,1005,1042,1968,1.7,13,8.529411764705882,14.5
치지직,황산갈매기,1408,1144,1658,1290,7.8,11,4.487179487179487,35
치지직,유설운,1408.8,1236,1476,1428,5.7,10,5.192982456140351,29.6
치지직,베키Becky,1409.8,1475,1677,1110,10.3,8,4.388349514563107,45.2
치지직,달옴,1410.2,1337,1558,1299,7.1,9,4.859154929577465,34.5
치지직,데얼야,1410.2,1337,1809,1048,12.6,9,3.9523809523809526,49.8
치지직,못난이오꾸,1410.4,1144,1167,1787,2.6,11,7.153846153846154,18.6
SOOP,수셈이,1410.8,622,467,2749,0.2,23,22,4.4
SOOP,머라냥,1414.2,1475,1254,1544,3.8,8,6.578947368421052,25
치지직,라피스 Lapis,1415,1475,1439,1361,6,8,5.35,32.1
치지직,꿈양,1415.4,1337,1312,1558,4,9,6.1,24.4
치지직,채리콥터,1416.2,1061,934,2076,1.3,12,9.615384615384615,12.5
치지직,갈때팔로우하고가줘요,1416.6,1337,1706,1167,9.6,9,4.291666666666667,41.2
SOOP,백천_,1417.4,1475,1235,1571,3.6,8,6.666666666666667,24
치지직,하보냐,1417.6,1656,1596,1120,9.4,7,4.712765957446808,44.3
치지직,홍지빡,1418.2,1475,1750,1058,11.9,8,4.142857142857143,49.3
치지직,메로코,1418.2,1337,1813,1064,12.4,9,3.943548387096774,48.9
치지직,김네무,1419,1005,860,2185,1,13,10.8,10.8
치지직,부보k,1419.8,1475,1803,1009,13.3,8,3.969924812030075,52.8
SOOP,디오★,1422.4,1656,1692,1036,11.6,7,4.336206896551724,50.3
치지직,해티0v0,1422.6,1337,1334,1554,4.1,9,5.975609756097561,24.5
치지직,노 오루,1423.2,1236,1141,1799,2.5,10,7.32,18.3
치지직,빛별이 Twinkler,1424.4,1656,1728,1005,12.6,7,4.2063492063492065,53
치지직,라낭,1425.2,1834,1673,973,12.8,6,4.3984375,56.3
치지직,블랙펭귄,1425.4,1337,1293,1602,3.7,9,6.27027027027027,23.2
SOOP,현자군,1425.8,1475,1622,1205,8.4,8,4.619047619047619,38.8
치지직,디디 DIDI,1426.4,1656,1697,1041,11.6,7,4.327586206896552,50.2
치지직,ning이,1427.8,1337,1441,1460,5.3,9,5.339622641509434,28.3
치지직,솜탕Somtang,1428,1236,1121,1831,2.3,10,7.565217391304348,17.4
치지직,Hori 호리,1428.6,1337,1414,1489,4.9,9,5.510204081632653,27
치지직,베루 벨,1429,1337,1675,1229,8.6,9,4.395348837209302,37.8
치지직,설뉴,1429.4,645,486,2765,0.2,22,21.5,4.3
SOOP,GoGo라니,1430,1834,1574,1084,9.9,6,4.787878787878788,47.4
치지직,사스콰야,1430.2,1475,1341,1497,4.5,8,5.933333333333334,26.7
치지직,조이삼,1430.8,1144,1276,1729,3.1,11,6.387096774193548,19.8
치지직,건나물1004,1432,1236,1074,1888,2,10,8.05,16.1
치지직,이 욱,1432.4,1144,1245,1764,2.9,11,6.620689655172414,19.2
치지직,강실팽,1433.4,1475,1258,1588,3.6,8,6.555555555555555,23.6
치지직,비글명수,1435.6,1236,1295,1676,3.4,10,6.264705882352941,21.3
치지직,단하님,1436.4,1144,1298,1721,3.2,11,6.25,20
치지직,달토끼멜라,1440,1236,1151,1831,2.4,10,7.25,17.4
치지직,코오리 라비나,1440.8,1236,1026,1958,1.7,10,8.705882352941176,14.8
치지직,크트리25,1441.8,1337,1625,1311,7.4,9,4.608108108108108,34.1
치지직,삼돌이3,1442.2,1337,1195,1742,2.8,9,6.964285714285714,19.5
치지직,꼬만,1442.2,1337,1064,1873,2,9,8.2,16.4
치지직,사나이김춘배,1442.6,1337,1095,1843,2.2,9,7.818181818181818,17.2
치지직,덤이는 심심해,1442.6,1475,1600,1269,7.6,8,4.697368421052632,35.7
치지직,백아인,1443.2,1236,1323,1667,3.6,10,6,21.6
SOOP,부르르룰,1443.4,1337,1338,1602,3.9,9,5.948717948717949,23.2
치지직,리퐁뚜,1445,1061,978,2104,1.3,12,9.23076923076923,12
치지직,라텐 Ratten,1445.4,1005,960,2151,1.2,13,9.416666666666666,11.3
치지직,코야파,1445.8,1475,1405,1472,5,8,5.56,27.8
치지직,공 운,1446.4,1236,1260,1738,3,10,6.533333333333333,19.6
치지직,Jay The Curator,1446.6,1475,1357,1522,4.4,8,5.840909090909091,25.7
치지직,진짜루비,1446.8,1144,1148,1897,2.2,11,7.2727272727272725,16
치지직,Saruaren,1448.2,1337,1257,1695,3.2,9,6.5625,21
치지직,새로아 Saeroa,1448.6,1337,1200,1753,2.8,9,6.928571428571429,19.4
치지직,강망냥,1452.4,1144,993,2066,1.4,11,9.071428571428571,12.7
치지직,피냥,1453.2,1236,1201,1814,2.6,10,6.923076923076923,18
치지직,Y2E Atelier,1453.2,1236,1201,1814,2.6,10,6.923076923076923,18
치지직,챠무치켄,1454.8,1656,1907,902,16.9,7,3.621301775147929,61.2
치지직,츄나,1457,891,712,2485,0.5,15,13.8,6.9
치지직,우주악당해적로봇,1458.2,1337,1657,1320,7.5,9,4.493333333333333,33.7
치지직,은구띵,1460.6,1475,1274,1640,3.5,8,6.4,22.4
SOOP,찌빵.,1460.8,1144,905,2175,1.1,11,10,11
치지직,막개,1461,1337,1661,1323,7.5,9,4.48,33.6
치지직,혼밥꾼,1461.6,1834,1744,993,13,6,4.153846153846154,54
SOOP,최피엘.최플,1461.8,1475,1264,1653,3.4,8,6.470588235294118,22
치지직,해욤,1463,1337,1349,1640,3.8,9,5.894736842105263,22.4
치지직,태유 taeyu,1466.2,1337,1519,1478,5.5,9,5,27.5
치지직,데굴알밤,1467,1475,1973,957,16.7,8,3.44311377245509,57.5
치지직,이서녑,1467.2,1656,1679,1161,9.5,7,4.378947368421053,41.6
치지직,진짜민붕이,1469,1337,1427,1577,4.4,9,5.409090909090909,23.8
치지직,태시기Taesigi,1469.2,1834,2044,712,27,6,3.2222222222222223,87
치지직,캣링잉,1469.8,1475,2054,883,19.7,8,3.197969543147208,63
치지직,빠쿄,1469.8,1337,1783,1223,9.5,9,4.010526315789473,38.1
치지직,무룩 Mooruk,1470.4,1236,1135,1923,2.1,10,7.380952380952381,15.5
치지직,33빈,1470.6,1337,1721,1287,8.3,9,4.228915662650603,35.1
치지직,리나베타,1472.2,1475,1712,1231,8.8,8,4.284090909090909,37.7
치지직,냐피카,1474.2,1337,1615,1402,6.6,9,4.636363636363637,30.6
치지직,매콤,1474.6,1337,1585,1433,6.2,9,4.741935483870968,29.4
치지직,찌빵2,1475.6,944,1378,1839,3,14,5.766666666666667,17.3
치지직,은 백 도,1477.2,1236,1977,1098,13.6,10,3.426470588235294,46.6
치지직,으르니죠,1477.8,1475,1513,1444,5.7,8,5.052631578947368,28.8
치지직,녕지,1478.4,1656,1770,1098,11.5,7,4.052173913043478,46.6
치지직,아카이 진,1479,1475,1889,1071,13.2,8,3.6666666666666665,48.4
치지직,턴시,1480.8,1834,2105,680,30.6,6,3.019607843137255,92.4
치지직,Go보은,1482.4,1236,1215,1873,2.4,10,6.833333333333333,16.4
SOOP,BJ제주산방이,1483.2,1144,905,2231,1,11,10,10
SOOP,황뜨기,1484.8,1834,1944,851,18.7,6,3.5240641711229945,65.9
치지직,호떡02,1485.8,1475,1726,1251,8.7,8,4.218390804597701,36.7
치지직,원두김,1486,1236,1451,1646,4.2,10,5.285714285714286,22.2
치지직,차도CHADO,1486.8,1144,1243,1902,2.4,11,6.625,15.9
치지직,이초 2sec,1489,1337,1387,1667,3.8,9,5.684210526315789,21.6
치지직,김규연 GYUYEON,1489.4,1337,1313,1742,3.2,9,6.09375,19.5
치지직,하나사마,1490.6,1475,2291,698,34.4,8,2.5959302325581395,89.3
치지직,인사이트,1493.6,1834,2077,740,26.3,6,3.106463878326996,81.7
치지직,코스9132,1494,1656,2050,857,20.4,7,3.2058823529411766,65.4
SOOP,리진득,1494.4,2364,1904,650,27,4,3.6296296296296298,98
치지직,한소링,1494.8,1834,2203,617,38.5,6,2.8207792207792206,108.6
치지직,이백도baekdo,1495,1475,1284,1716,3.2,8,6.34375,20.3
치지직,옹이쿤,1495.2,1656,1772,1138,10.7,7,4.046728971962617,43.3
치지직,리딩11,1495.4,1475,1607,1394,6.6,8,4.666666666666667,30.8
치지직,너삼2,1497.4,1337,1236,1839,2.6,9,6.653846153846154,17.3
치지직,도둑꾼,1497.6,1834,1877,950,15.6,6,3.730769230769231,58.2
치지직,누이 Nui,1499,1337,1590,1489,5.7,9,4.7368421052631575,27
치지직,겜할래임,1499.2,1656,1869,1051,13.2,7,3.757575757575758,49.6
치지직,꿍마,1499.4,1061,872,2346,0.8,12,10.5,8.4
치지직,루 니,1500.2,1475,1635,1378,6.9,8,4.550724637681159,31.4
치지직,가포노프,1500.6,1475,1453,1561,4.6,8,5.282608695652174,24.3
치지직,Clem,1501,1475,1377,1638,3.9,8,5.769230769230769,22.5
SOOP,요일1,1502.2,1475,1399,1619,4.1,8,5.585365853658536,22.9
치지직,덕킹,1502.4,1656,1949,979,15.9,7,3.509433962264151,55.8
치지직,지니빙,1503.4,1475,1627,1394,6.7,8,4.597014925373134,30.8
치지직,동맹별,1504,1656,1700,1232,8.7,7,4.32183908045977,37.6
SOOP,행구리.,1504.4,1236,1104,2039,1.7,10,7.705882352941177,13.1
치지직,루우나,1504.6,1475,1780,1244,9.2,8,4.021739130434782,37
치지직,그믐Gmeum,1505.2,1236,1169,1976,2,10,7.15,14.3
치지직,울화,1505.6,1834,1902,945,16.1,6,3.6335403726708075,58.5
치지직,디룽지,1506,1656,1385,1552,4.3,7,5.72093023255814,24.6
치지직,흑달곰,1506.8,1834,2046,804,22.3,6,3.2152466367713006,71.7
치지직,l하얀여우l,1508.8,1656,2253,691,33.4,7,2.7005988023952097,90.2
치지직,댕라미,1510.6,1475,1318,1721,3.3,8,6.0606060606060606,20
치지직,리따Litta,1510.8,1656,2258,691,33.6,7,2.6845238095238093,90.2
치지직,히찌3,1511,1475,1685,1355,7.4,8,4.364864864864865,32.3
치지직,에피 Epi,1512.2,1475,1371,1672,3.7,8,5.783783783783784,21.4
치지직,차차삐,1512.4,1144,1014,2195,1.2,11,8.833333333333334,10.6
SOOP,오정석,1513.2,1834,1839,1027,13.3,6,3.8646616541353382,51.4
치지직,레블0013,1514.6,1337,1879,1239,10,9,3.73,37.3
치지직,주해우,1515.2,1656,2007,953,17.4,7,3.3275862068965516,57.9
치지직,딤딩,1515.4,1005,808,2478,0.6,13,11.666666666666666,7
치지직,으노님,1516.2,1475,2141,912,20.3,8,2.9753694581280787,60.4
치지직,멍이르,1518.2,1337,2216,911,21.7,9,2.7880184331797233,60.5
치지직,씨드나,1519.6,1656,1382,1589,4.1,7,5.7317073170731705,23.5
치지직,마브이,1520.8,1656,2235,739,29.9,7,2.739130434782609,81.9
치지직,굥시아,1521.2,698,582,2872,0.2,20,17.5,3.5
치지직,리네양,1521.8,1475,1764,1303,8.4,8,4.083333333333333,34.3
치지직,o으에o,1521.8,1475,1403,1664,3.9,8,5.564102564102564,21.7
치지직,가 시 나,1521.8,1337,1398,1738,3.5,9,5.6,19.6
치지직,디블로,1524,1236,1107,2085,1.6,10,7.6875,12.3
치지직,설비단,1524.2,1475,1607,1466,6,8,4.666666666666667,28
치지직,타키 Taki,1525.4,645,467,3024,0.1,22,22,2.2
치지직,불사악,1526.4,1834,1918,981,15.5,6,3.5935483870967744,55.7
치지직,여린 히읗,1526.6,1475,1464,1615,4.4,8,5.2272727272727275,23
치지직,하남자 종진,1527.8,793,1705,1718,4.7,17,4.297872340425532,20.2
SOOP,푸진스,1528,1656,1775,1217,9.5,7,4.042105263157895,38.4
치지직,김빠담,1528.6,1337,1604,1549,5.3,9,4.679245283018868,24.8
치지직,파라쏠,1529,1337,1547,1607,4.7,9,4.914893617021277,23.1
SOOP,여도필,1529.8,2081,1866,918,15.9,5,3.7735849056603774,60
치지직,쑈비뇽,1533.4,837,677,2738,0.3,16,15,4.5
치지직,평주,1533.8,1475,1968,1129,12.7,8,3.456692913385827,43.9
치지직,김씨할매,1534,1656,1619,1388,6.7,7,4.626865671641791,31
치지직,아루우,1534.2,1475,1800,1298,8.7,8,3.9770114942528734,34.6
치지직,리여누,1538.2,1475,1423,1685,3.9,8,5.435897435897436,21.2
치지직,정라봉,1539.4,1061,1512,1806,3.6,12,5.055555555555555,18.2
치지직,두무,1539.4,1475,1586,1525,5.4,8,4.7407407407407405,25.6
치지직,민하김,1542.6,1475,1850,1269,9.3,8,3.838709677419355,35.7
치지직,깅도현,1543.2,1656,2047,983,17.2,7,3.2093023255813953,55.2
치지직,seirunia,1544.2,1337,1126,2066,1.7,9,7.470588235294118,12.7
치지직,병연,1544.6,1475,1517,1607,4.6,8,5.021739130434782,23.1
치지직,유양반,1546.4,1834,1883,1066,13.1,6,3.717557251908397,48.7
씨미,해맑은 아이리스,1547.4,891,823,2600,0.5,15,11.4,5.7
치지직,김호씨,1548,1144,1030,2268,1.1,11,8.636363636363637,9.5
치지직,눈꽃 하임,1548.2,1337,1583,1619,4.8,9,4.770833333333333,22.9
치지직,동짱이야,1548.2,1337,2227,975,20.4,9,2.7549019607843137,56.2
치지직,그을,1549,1475,1577,1558,5.1,8,4.784313725490196,24.4
치지직,육차원소년,1552.4,1656,1701,1352,7.5,7,4.32,32.4
치지직,날송,1553.2,1236,1015,2250,1.1,10,8.818181818181818,9.7
치지직,씨뇽수,1553.6,1834,1467,1500,5.1,6,5.215686274509804,26.6
치지직,코타스s,1554,1834,1824,1144,11,6,3.909090909090909,43
치지직,재순씌,1554.4,1236,1380,1888,2.8,10,5.75,16.1
치지직,댓츠미어드벤처,1554.8,1656,1947,1112,12.7,7,3.5118110236220472,44.6
SOOP,김후인,1555,2081,1875,972,15.1,5,3.7350993377483444,56.4
치지직,페럿킹 동동쿤,1555.4,1475,1611,1540,5.4,8,4.648148148148148,25.1
치지직,해이연,1556.2,1475,1458,1695,4,8,5.25,21
치지직,잠꾸,1556.6,1061,996,2365,0.9,12,9,8.1
치지직,독고돌돌,1557.8,1475,1801,1356,8.1,8,3.9753086419753085,32.2
치지직,이팝이팝,1563.2,1656,2167,913,20.8,7,2.8990384615384617,60.3
치지직,시심이,1565.6,1834,2277,720,32.4,6,2.6419753086419755,85.6
치지직,꾸룩깍깍,1566.8,1144,1160,2185,1.5,11,7.2,10.8
치지직,김팔팔,1567.8,1337,1383,1868,2.9,9,5.724137931034483,16.6
치지직,빠라빵코,1568.4,1656,2295,798,28.1,7,2.583629893238434,72.6
치지직,리아 에메랄드,1570.6,1475,1316,1873,2.7,8,6.074074074074074,16.4
치지직,흑고릴라,1570.8,1834,2234,776,27.7,6,2.740072202166065,75.9
SOOP,파콕,1571.4,1475,1410,1781,3.4,8,5.529411764705882,18.8
치지직,함희루,1571.4,1475,1410,1781,3.4,8,5.529411764705882,18.8
치지직,에이스에이스,1573.4,1475,1365,1831,3,8,5.8,17.4
치지직,파로이드,1574.4,1834,1932,1087,13.3,6,3.556390977443609,47.3
치지직,반더베어,1574.6,1475,2067,1132,13.9,8,3.1510791366906474,43.8
치지직,미에링,1576.4,1656,1867,1246,9.8,7,3.7653061224489797,36.9
치지직,티이고,1577.6,1834,1683,1344,7.5,6,4.373333333333333,32.8
치지직,뱁설야,1579.2,1656,1592,1528,5.4,7,4.722222222222222,25.5
SOOP,깜깜돌이,1579.6,1656,1479,1642,4.3,7,5.186046511627907,22.3
치지직,o TNT o,1579.6,1144,1231,2146,1.7,11,6.705882352941177,11.4
치지직,먀우 myau,1580,1144,1433,1945,2.8,11,5.392857142857143,15.1
치지직,릴쓰,1580.8,1656,1662,1462,6.3,7,4.476190476190476,28.2
치지직,알바 화이트 트러플,1582.2,1337,1127,2160,1.5,9,7.466666666666667,11.2
치지직,잠만잘잠,1584,1656,1723,1409,7.2,7,4.222222222222222,30.4
치지직,ㅣ랑구스ㅣ,1585.2,1834,1945,1101,13.2,6,3.522727272727273,46.5
치지직,대요리,1588.4,1834,2081,973,18.2,6,3.0934065934065935,56.3
치지직,양락2,1590.2,1475,2151,1087,16.1,8,2.937888198757764,47.3
치지직,모루 입니다,1591.6,1656,1659,1492,6,7,4.483333333333333,26.9
치지직,휘 모 리,1592,1834,1729,1334,7.9,6,4.2025316455696204,33.2
치지직,Uduru,1592,1834,1862,1201,10.3,6,3.796116504854369,39.1
치지직,후로기,1592.2,1475,1451,1792,3.5,8,5.285714285714286,18.5
치지직,카가리 Kagarii,1592.8,1236,1145,2219,1.4,10,7.285714285714286,10.2
치지직,헥사 아카이브,1592.8,1656,1547,1607,4.7,7,4.914893617021277,23.1
SOOP,강드-,1593,2081,1963,979,16.1,5,3.4658385093167703,55.8
치지직,녹용녹용,1593.4,1475,1266,1980,2.2,8,6.454545454545454,14.2
치지직,박하일이,1595.6,1656,1633,1528,5.6,7,4.553571428571429,25.5
치지직,서챤,1596.2,1337,1072,2250,1.2,9,8.083333333333334,9.7
치지직,리안S2,1597.8,1475,1213,2044,1.9,8,6.842105263157895,13
치지직,한강물아저씨,1598.2,1475,1594,1664,4.6,8,4.717391304347826,21.7
치지직,유 우이,1599.4,1337,1886,1444,7.8,9,3.6923076923076925,28.8
치지직,청여운,1599.6,1236,1158,2223,1.4,10,7.214285714285714,10.1
치지직,옆집남동생42,1599.8,1475,2142,1120,14.9,8,2.9731543624161074,44.3
SOOP,둥촤,1601.4,2081,1874,1089,12.6,5,3.746031746031746,47.2
치지직,에라센세,1601.8,1061,958,2516,0.7,12,9.428571428571429,6.6
치지직,GES농부,1601.8,1337,1208,2128,1.7,9,6.882352941176471,11.7
SOOP,컵치킨,1601.8,1337,1077,2259,1.2,9,8,9.6
치지직,또 땨,1602.2,1337,1355,1982,2.4,9,5.875,14.1
SOOP,만보긔,1603.8,2081,1896,1073,13.2,5,3.659090909090909,48.3
치지직,새여라,1604.8,1656,2024,1160,12.8,7,3.265625,41.8
치지직,두밤03,1605.2,1656,2011,1174,12.3,7,3.3089430894308944,40.7
치지직,9 하쿠,1605.8,1337,1359,1987,2.4,9,5.833333333333333,14
치지직,셀루나,1606,1834,1851,1247,9.6,6,3.8333333333333335,36.8
치지직,치지직도도,1606.6,1475,2552,727,41.8,8,2.028708133971292,84.8
치지직,파멜 PAMEL,1606.6,1337,1343,2005,2.3,9,5.913043478260869,13.6
치지직,하우타,1607,1337,1137,2212,1.4,9,7.357142857142857,10.3
치지직,양이랑,1609,1475,1532,1753,3.9,8,4.9743589743589745,19.4
치지직,반유,1612.2,1061,1022,2478,0.8,12,8.75,7
치지직,윤토린,1613.6,1656,1407,1799,3.3,7,5.545454545454546,18.3
SOOP,지드♬,1614,1656,1646,1561,5.4,7,4.5,24.3
치지직,이나라,1614,1236,1178,2239,1.4,10,7.071428571428571,9.9
SOOP,도리。,1618,1656,1448,1769,3.6,7,5.305555555555555,19.1
치지직,예은영,1618.4,1656,1591,1627,4.8,7,4.729166666666667,22.7
치지직,푸진스,1619.2,1656,1811,1409,7.7,7,3.948051948051948,30.4
치지직,세라몬,1619.6,1656,1395,1826,3.1,7,5.645161290322581,17.5
치지직,소나기온다,1619.8,1337,1158,2223,1.4,9,7.214285714285714,10.1
치지직,화이트휘핑,1620.6,1061,803,2718,0.4,12,11.75,4.7
치지직,카노스,1620.6,1337,1698,1685,4.9,9,4.326530612244898,21.2
치지직,아묘amyo,1620.6,1475,1431,1883,3,8,5.4,16.2
치지직,오서땃쥐,1621.8,1475,1579,1738,4.1,8,4.780487804878049,19.6
SOOP,보이카키,1622.6,2081,1690,1326,7.7,5,4.35064935064935,33.5
치지직,스펀지티아,1622.8,1656,1817,1412,7.7,7,3.935064935064935,30.3
SOOP,매딕도스,1623.6,2364,1895,982,15.1,4,3.662251655629139,55.3
치지직,니 엘,1625,1475,1833,1492,6.9,8,3.898550724637681,26.9
치지직,카멜그레인,1627,1475,1179,2151,1.6,8,7.0625,11.3
치지직,구름위에달,1627.4,1475,1274,2057,2,8,6.4,12.8
치지직,솜솜오락실,1628,1236,2189,1263,12.6,10,2.865079365079365,36.1
치지직,고으리,1628.6,1061,996,2545,0.7,12,9,6.3
치지직,김 사막,1629.2,1144,1444,2057,2.4,11,5.333333333333333,12.8
치지직,꼬리리꼬,1629.2,1236,1138,2317,1.2,10,7.333333333333333,8.8
치지직,순 몽,1630.2,1475,1299,2039,2.1,8,6.238095238095238,13.1
치지직,이 든 Eden,1630.6,1337,1296,2112,1.9,9,6.2631578947368425,11.9
치지직,아리랑털기,1631.4,1061,819,2729,0.4,12,11.5,4.6
치지직,눈덮인붕어빵,1631.4,1475,2153,1188,13.6,8,2.9338235294117645,39.9
치지직,라인워크,1633.6,1834,1587,1580,5,6,4.74,23.7
치지직,독설윤,1633.6,1656,1603,1653,4.7,7,4.680851063829787,22
치지직,l멍충이l,1637.2,1656,2033,1232,11.6,7,3.2413793103448274,37.6
치지직,츠벤,1639.2,1236,1268,2212,1.6,10,6.4375,10.3
치지직,이비핑,1639.2,1144,1077,2449,0.9,11,8,7.2
치지직,규빌,1639.8,1475,1782,1580,5.9,8,4.016949152542373,23.7
치지직,냥히히,1640,1656,1732,1540,6,7,4.183333333333334,25.1
치지직,크림과쿠키,1640.2,1475,1370,1993,2.4,8,5.791666666666667,13.9
치지직,황금킹타마,1641,1475,1505,1860,3.3,8,5.090909090909091,16.8
SOOP,젠틀캣니케,1641,2081,1897,1165,11.3,5,3.6548672566371683,41.3
SOOP,킴만춘,1642.4,1834,1911,1278,9.8,6,3.6122448979591835,35.4
치지직,말남,1642.4,1834,1714,1475,6.5,6,4.2615384615384615,27.7
치지직,뽀냐,1642.6,1475,1645,1724,4.4,8,4.5227272727272725,19.9
치지직,엔도띠,1646.4,1656,1948,1340,9.4,7,3.5106382978723403,33
치지직,이아 Yia,1647.4,1005,1039,2577,0.7,13,8.571428571428571,6
치지직,FIXXER,1647.6,1834,2332,870,25.7,6,2.4863813229571985,63.9
치지직,레이야임,1647.8,1337,2461,990,24.3,9,2.230452674897119,54.2
치지직,네베Yuzu,1648.6,1475,1642,1742,4.3,8,4.534883720930233,19.5
치지직,les예지주,1650.8,1656,1857,1442,7.6,7,3.8026315789473686,28.9
치지직,아마네 미유,1653,1475,1910,1485,7.5,8,3.6133333333333333,27.1
치지직,아스인asin,1653.4,1475,1704,1692,4.9,8,4.3061224489795915,21.1
치지직,아우스,1654.2,1475,1372,2026,2.3,8,5.782608695652174,13.3
치지직,루따 LUTTA,1654.6,1337,1209,2259,1.4,9,6.857142857142857,9.6
SOOP,이산군,1654.8,2364,2087,868,20.8,4,3.081730769230769,64.1
치지직,Liha 리하,1655.2,1834,1846,1375,8.2,6,3.8536585365853657,31.6
치지직,티키타TIKITA,1656.2,1475,1515,1888,3.2,8,5.03125,16.1
치지직,허약이,1656.8,1656,1974,1340,9.6,7,3.4375,33
치지직,밈 미,1657.6,1236,1077,2449,0.9,10,8,7.2
치지직,라벤더메리,1659,1475,1250,2160,1.7,8,6.588235294117647,11.2
치지직,적류,1659.8,1337,1574,1907,3.3,9,4.787878787878788,15.8
치지직,김두두디,1661.2,1144,1304,2277,1.5,11,6.2,9.3
치지직,Acode,1661.8,1475,2349,1068,19.8,8,2.4545454545454546,48.6
치지직,오태영,1663.6,1236,996,2545,0.7,10,9,6.3
치지직,해오니,1664.2,1475,1699,1724,4.6,8,4.326086956521739,19.9
SOOP,흑달곰,1665.2,2364,2106,875,21.1,4,3.018957345971564,63.7
SOOP,검둥이,1667.2,1834,1383,1868,2.9,6,5.724137931034483,16.6
치지직,로냐 Ronya,1668.4,1236,1203,2350,1.2,10,6.916666666666667,8.3
치지직,하브Hav,1668.4,1834,1828,1426,7.6,6,3.9078947368421053,29.7
치지직,하린짱31,1669.6,760,883,2911,0.3,18,10.333333333333334,3.1
치지직,제 리 JERRY,1669.8,1475,1393,2044,2.3,8,5.6521739130434785,13
치지직,범식 sick tiger,1670.2,1337,1995,1512,7.8,9,3.358974358974359,26.2
SOOP,래노♬,1670.4,1656,1733,1615,5.5,7,4.181818181818182,23
SOOP,가비초,1671.4,2081,1998,1140,12.9,5,3.3488372093023258,43.2
치지직,사쿠야 하나미,1671.6,1236,1381,2180,1.9,10,5.7368421052631575,10.9
치지직,카르타 karta,1671.8,1475,1718,1724,4.7,8,4.23404255319149,19.9
치지직,자쿠로 알만다이트,1673,1337,1237,2277,1.4,9,6.642857142857143,9.3
SOOP,김기별,1673.2,1834,1639,1627,5,6,4.54,22.7
치지직,호루니 Horuni,1673.4,1475,1539,1907,3.2,8,4.9375,15.8
치지직,순록쨩,1673.4,1475,1539,1907,3.2,8,4.9375,15.8
SOOP,아일린8초,1674,2364,2435,568,53.7,4,2.277467411545624,122.3
SOOP,한초월,1674.2,2081,1971,1174,11.8,5,3.4491525423728815,40.7
치지직,흑성 HeukSung,1676.4,1656,1516,1847,3.4,7,5.029411764705882,17.1
SOOP,치리오·-·,1678.4,1834,1573,1706,4.3,6,4.790697674418604,20.6
치지직,서아링v,1679.6,1834,1930,1352,9.1,6,3.5604395604395602,32.4
치지직,아주모,1679.8,1337,1185,2346,1.2,9,7,8.4
치지직,임봉규,1680.4,1834,1748,1536,6.1,6,4.147540983606557,25.3
치지직,강무결,1680.4,1834,1822,1462,7.2,6,3.9166666666666665,28.2
치지직,maehwa,1680.4,1656,1749,1624,5.5,7,4.1454545454545455,22.8
치지직,리준이,1680.8,1834,1532,1753,3.9,6,4.9743589743589745,19.4
치지직,올가 ORRGAH,1681.2,1656,1622,1753,4.2,7,4.619047619047619,19.4
치지직,o뱁새랑o,1682,1656,1419,1958,2.7,7,5.481481481481482,14.8
치지직,푸딩베리,1682,1834,2209,1079,17,6,2.8117647058823527,47.8
치지직,신을,1682.2,1475,1463,2005,2.6,8,5.230769230769231,13.6
치지직,하리원,1683.8,1005,826,2881,0.3,13,11.333333333333334,3.4
치지직,아치유,1684.6,1337,1226,2317,1.3,9,6.769230769230769,8.8
치지직,킴율미,1685.4,1475,1396,2080,2.2,8,5.636363636363637,12.4
치지직,미스터탱,1685.6,1144,1218,2424,1.1,11,6.818181818181818,7.5
치지직,WMin,1685.8,1475,2102,1375,10.4,8,3.0384615384615383,31.6
치지직,슈니에,1688,1834,1841,1462,7.3,6,3.863013698630137,28.2
치지직,창틀에피는꽃,1690.6,1475,1454,2035,2.5,8,5.28,13.2
치지직,히미카 스이,1691.2,1656,1601,1799,3.9,7,4.6923076923076925,18.3
치지직,공제이,1692,1834,1979,1334,9.7,6,3.422680412371134,33.2
치지직,샴띵이,1694.4,1834,2305,1014,20.5,6,2.551219512195122,52.3
치지직,세이키,1695.2,1656,1984,1426,8.7,7,3.413793103448276,29.7
SOOP,고블린1.,1695.6,2364,2425,632,45.5,4,2.2857142857142856,104
치지직,치즈여우,1697.8,1475,1681,1826,4,8,4.375,17.5
치지직,야생의 카짓,1698,1656,1725,1692,5,7,4.22,21.1
치지직,도오덕샘,1698.8,1656,1757,1662,5.3,7,4.113207547169812,21.8
치지직,이보리,1699.8,1475,1703,1809,4.2,8,4.309523809523809,18.1
치지직,몽키쌤,1700,1656,1494,1928,3,7,5.133333333333334,15.4
치지직,은월랑,1700.2,1337,1323,2259,1.6,9,6,9.6
치지직,설팡팡,1701.8,2081,2317,897,24.6,5,2.516260162601626,61.9
치지직,히치 hitch,1702.4,1656,1641,1787,4.1,7,4.536585365853658,18.6
치지직,카멜프,1702.6,1475,1612,1907,3.4,8,4.647058823529412,15.8
치지직,팡농이,1704.6,2081,2219,1002,19.2,5,2.78125,53.4
치지직,Chief하랑,1705.8,1475,1630,1897,3.5,8,4.571428571428571,16
SOOP,독주_,1705.8,2081,1887,1337,9,5,3.6777777777777776,33.1
치지직,늘무베어,1706,1834,2101,1247,12.1,6,3.041322314049587,36.8
치지직,리트밍,1707,1475,1339,2191,1.8,8,5.944444444444445,10.7
SOOP,비이퐁,1708.6,2081,1920,1311,9.5,5,3.5894736842105264,34.1
치지직,단곰Dangom,1709.6,944,2213,1589,8.4,14,2.7976190476190474,23.5
치지직,량타,1709.8,1475,1957,1580,6.8,8,3.485294117647059,23.7
치지직,템포XD,1712.2,2081,2490,750,37.1,5,2.1671159029649596,80.4
치지직,자완,1713,1475,2340,1205,15.7,8,2.4713375796178343,38.8
치지직,9룡포,1715.6,1656,1640,1821,3.9,7,4.538461538461538,17.7
SOOP,은구띵,1716.2,2081,1555,1695,4.3,5,4.883720930232558,21
SOOP,고한수,1716.4,1834,1816,1558,6.2,6,3.935483870967742,24.4
치지직,정카임,1716.6,1475,1286,2268,1.5,8,6.333333333333333,9.5
SOOP,차차:）,1716.8,1834,1646,1729,4.4,6,4.5,19.8
치지직,연총,1717.6,1656,1988,1478,8.1,7,3.3950617283950617,27.5
치지직,냥나이퍼,1717.6,1834,2363,1014,21.6,6,2.4212962962962963,52.3
치지직,과학잡지,1718,1656,1878,1589,6.3,7,3.7301587301587302,23.5
치지직,뮤령씨,1718.4,1656,1348,2120,2,7,5.9,11.8
SOOP,김도도,1718.4,1236,1240,2438,1.1,10,6.636363636363637,7.3
치지직,최노동,1719.8,2081,2266,993,20.2,5,2.6732673267326734,54
치지직,달미호,1720.2,1475,1359,2204,1.8,8,5.833333333333333,10.5
치지직,신쇼,1720.4,1834,1985,1399,9,6,3.411111111111111,30.7
SOOP,올든25,1720.6,2081,1519,1742,3.9,5,5,19.5
치지직,젠틀스컬,1720.8,1834,1943,1442,8.2,6,3.524390243902439,28.9
치지직,또 또s2,1721.2,1656,1541,1934,3.1,7,4.935483870967742,15.3
치지직,버튜버시드,1721.4,1475,1767,1799,4.5,8,4.066666666666666,18.3
SOOP,조미니얌,1721.6,1656,1379,2097,2.1,7,5.761904761904762,12.1
치지직,솔아리,1723.4,1475,1425,2146,2.1,8,5.428571428571429,11.4
치지직,헬로밍구,1724.2,1475,2470,1103,20.8,8,2.2115384615384617,46
치지직,솔티플럼,1724.6,1337,1252,2391,1.2,9,6.583333333333333,7.9
치지직,조짐승,1724.8,1834,2311,1084,18.7,6,2.53475935828877,47.4
치지직,강김모,1725,1475,1702,1873,3.8,8,4.315789473684211,16.4
치지직,저거랑,1726.4,1834,1946,1453,8.1,6,3.5185185185185186,28.5
치지직,늘찬해,1726.4,1834,1933,1466,7.9,6,3.5443037974683542,28
치지직,꽃 토끼,1727,1475,1646,1934,3.4,8,4.5,15.3
SOOP,가쿠인,1727.4,2081,1812,1466,7.1,5,3.943661971830986,28
SOOP,BJ기린보이,1728,2364,2012,1126,13.3,4,3.308270676691729,44
치지직,니마,1729,2081,2008,1274,10.7,5,3.3271028037383177,35.6
치지직,이호세,1729.6,1834,2224,1183,14.6,6,2.76027397260274,40.3
치지직,체리트리,1730.2,1475,1708,1880,3.8,8,4.2894736842105265,16.3
SOOP,BJ_S2,1730.8,1656,1486,2013,2.6,7,5.153846153846154,13.4
치지직,아음 Aheum,1731,1337,1228,2431,1.1,9,6.7272727272727275,7.4
씨미,민코,1732,1236,2493,1219,17.7,10,2.1638418079096047,38.3
치지직,좋은곳가자1,1732.6,417,2775,1348,20.5,37,1.5951219512195123,32.7
치지직,이지이모,1734.4,1656,1323,2185,1.8,7,6,10.8
SOOP,람달_,1734.4,1656,1323,2185,1.8,7,6,10.8
치지직,천방a,1735.8,1475,1545,2057,2.6,8,4.923076923076923,12.8
치지직,설홍ㅇ,1736,1656,1888,1624,6.2,7,3.6774193548387095,22.8
SOOP,깽맨,1737.6,2364,1894,1268,9.8,4,3.663265306122449,35.9
치지직,노이로제,1738,1834,1997,1431,8.8,6,3.352272727272727,29.5
치지직,청양양,1738.4,1656,1929,1589,6.6,7,3.5606060606060606,23.5
SOOP,간웅이다,1740,2364,2072,1096,14.9,4,3.140939597315436,46.8
치지직,파다쿠,1740.8,1834,2278,1157,15.9,6,2.641509433962264,42
치지직,게임박사 최박사,1741.2,1834,2075,1361,10.3,6,3.116504854368932,32.1
치지직,이든 IIDEN,1742.2,1475,1884,1734,5.3,8,3.7169811320754715,19.7
치지직,앱시리,1742.8,1656,1776,1753,4.8,7,4.041666666666667,19.4
씨미,딸기우유,1743,1337,1365,2324,1.5,9,5.8,8.7
SOOP,세로-,1743,1475,1397,2223,1.8,8,5.611111111111111,10.1
SOOP,류창이,1743.6,1656,1319,2212,1.7,7,6.0588235294117645,10.3
치지직,별 나래,1744,1656,1917,1615,6.4,7,3.59375,23
치지직,겜알마린,1747,2081,2202,1125,15.6,5,2.826923076923077,44.1
치지직,프랙처,1748.2,2081,2271,1059,18.5,5,2.6594594594594594,49.2
치지직,감뀰소녀,1748.8,1656,1906,1638,6.2,7,3.629032258064516,22.5
치지직,김페포,1749,1475,1460,2175,2.1,8,5.238095238095238,11
치지직,거위적 오리두기,1750,1834,2138,1320,11.3,6,2.982300884955752,33.7
치지직,안 냐,1752,1236,1206,2556,0.9,10,6.888888888888889,6.2
치지직,뉸새,1752.6,1475,1449,2195,2,8,5.3,10.6
치지직,괴몽,1753.2,1834,2292,1174,15.7,6,2.5923566878980893,40.7
치지직,깡미,1753.6,1656,2536,1020,25.2,7,2.0634920634920637,52
치지직,짱 토리,1753.6,1236,1017,2749,0.5,10,8.8,4.4
치지직,탸턍이,1754,1656,1950,1607,6.6,7,3.5,23.1
치지직,갇핑거,1754.6,1475,1715,1934,3.6,8,4.25,15.3
SOOP,댕거,1754.6,2081,2136,1210,12.9,5,2.992248062015504,38.6
치지직,블레아그론,1754.6,2081,2179,1167,14.3,5,2.8811188811188813,41.2
치지직,리그너,1756.2,2081,2478,872,29.1,5,2.1924398625429555,63.8
치지직,르 아,1756.4,1656,1680,1883,3.7,7,4.378378378378378,16.2
치지직,고미적,1756.6,1475,1415,2239,1.8,8,5.5,9.9
치지직,한사련,1756.8,1236,1461,2313,1.7,10,5.235294117647059,8.9
치지직,AURA1,1757.6,1834,2162,1315,11.7,6,2.905982905982906,34
SOOP,해피게맛살,1758.2,2081,1670,1685,4.8,5,4.416666666666667,21.2
치지직,집사있는야옹,1759.4,1337,1389,2341,1.5,9,5.666666666666667,8.5
치지직,코모링,1760.4,1656,1605,1968,3.1,7,4.67741935483871,14.5
씨미,야나기,1761.2,944,1166,2765,0.6,14,7.166666666666667,4.3
치지직,조아서 zoaseo,1762,1834,2206,1282,12.5,6,2.816,35.2
씨미,뉸새,1762.8,1834,1987,1503,7.8,6,3.3974358974358974,26.5
치지직,풀잎y,1762.8,1656,2073,1506,8.4,7,3.130952380952381,26.3
치지직,츄섯쮸,1765.8,1475,1664,2013,3,8,4.466666666666667,13.4
치지직,마카뽀,1766.8,1656,1537,2052,2.6,7,4.961538461538462,12.9
치지직,아르카딘,1767.4,1475,2502,1179,19,8,2.136842105263158,40.6
치지직,바라 BARRA,1770,944,1058,2895,0.4,14,8.25,3.3
치지직,정시온,1770.4,1834,2009,1500,8,6,3.325,26.6
치지직,모부이,1772.2,1475,1840,1853,4.4,8,3.8636363636363638,17
치지직,메리 MERRY,1772.8,1834,2369,1146,17.8,6,2.404494382022472,42.8
치지직,김엿츠,1773,2081,2156,1236,12.8,5,2.921875,37.4
치지직,독크햄,1776.4,1834,2018,1506,8,6,3.2875,26.3
SOOP,신카이타쿠야,1778.4,1834,1536,1993,2.8,6,4.964285714285714,13.9
치지직,영몽이,1780.6,2081,2336,1075,19.4,5,2.479381443298969,48.1
치지직,국티Gugty,1781.6,1834,2237,1300,12.6,6,2.7301587301587302,34.4
치지직,유하유,1781.8,1475,1404,2313,1.6,8,5.5625,8.9
치지직,박건무,1782,1656,1818,1809,4.6,7,3.9347826086956523,18.1
치지직,은솜e,1782.4,1834,1427,2112,2.2,6,5.409090909090909,11.9
치지직,뜌몽,1782.8,1834,2321,1219,15.3,6,2.503267973856209,38.3
치지직,뽀땃쥐,1784.2,1337,1262,2530,1,9,6.5,6.5
치지직,엔라스 와 타코미,1785.4,1337,1185,2610,0.8,9,7,5.6
치지직,종이의집,1787.4,1337,1035,2765,0.5,9,8.6,4.3
SOOP,갓딘:),1787.8,2081,2169,1260,12.5,5,2.896,36.2
치지직,츠키노 레비,1788.2,1475,1707,2026,3.1,8,4.290322580645161,13.3
치지직,화난 오리,1788.2,2081,2319,1111,17.9,5,2.5083798882681565,44.9
치지직,작음,1788.8,1834,2089,1466,9.1,6,3.076923076923077,28
치지직,스노웁,1790.4,1834,1781,1778,4.7,6,4.0212765957446805,18.9
치지직,성승생,1792.6,1475,1731,2013,3.2,8,4.1875,13.4
치지직,라이무,1793,1475,2367,1378,13,8,2.4153846153846152,31.4
치지직,김고라 MoraGora,1794,1144,966,2947,0.3,11,9.333333333333334,2.8
치지직,김머만,1794.8,1834,1466,2104,2.3,6,5.217391304347826,12
치지직,네즈404,1794.8,1656,1709,1950,3.5,7,4.285714285714286,15
치지직,밤이도,1795,1337,2545,1274,17.4,9,2.045977011494253,35.6
치지직,스리브,1796,1834,2387,1186,16.9,6,2.366863905325444,40
치지직,목 소 리,1796,1834,1909,1664,6,6,3.6166666666666667,21.7
치지직,김키드,1797,2081,1863,1589,6.2,5,3.7903225806451615,23.5
치지직,잉닝밍,1797.2,1656,1300,2365,1.3,7,6.230769230769231,8.1
치지직,ㅇ선오,1797.6,1656,1546,2120,2.4,7,4.916666666666667,11.8
치지직,미선화,1799.2,1656,2148,1522,8.7,7,2.954022988505747,25.7
SOOP,아픈겨울이,1799.8,1475,1206,2556,0.9,8,6.888888888888889,6.2
치지직,푸른선장,1801.2,1834,1551,2035,2.7,6,4.888888888888889,13.2
치지직,앗 구,1801.4,1337,1842,1993,3.6,9,3.861111111111111,13.9
치지직,루카시오,1801.6,1656,2288,1388,11.9,7,2.6050420168067228,31
치지직,쾌녹호,1803.6,1656,2184,1497,9.3,7,2.870967741935484,26.7
SOOP,쉬끄앙쥬,1804.4,1656,1306,2377,1.3,7,6.153846153846154,8
치지직,김 현 우,1806.2,2081,2421,1054,21.5,5,2.302325581395349,49.5
치지직,팬굴,1806.8,1656,1365,2324,1.5,7,5.8,8.7
치지직,진서란,1807.6,1834,1935,1667,6.1,6,3.540983606557377,21.6
치지직,이무야,1807.8,1475,1077,2705,0.6,8,8,4.8
치지직,박미넬,1809.2,1656,1669,2026,3,7,4.433333333333334,13.3
SOOP,디블로,1810,1656,1420,2277,1.7,7,5.470588235294118,9.3
치지직,새살이솔솔마데카솔,1810.6,1475,2036,1753,6,8,3.2333333333333334,19.4
SOOP,잔망한우진:),1812,1834,1569,2044,2.7,6,4.814814814814815,13
치지직,잠새벽,1812.4,1656,2563,1140,21.6,7,2,43.2
치지직,딸피2,1812.8,1236,1209,2705,0.7,10,6.857142857142857,4.8
SOOP,예은영,1813,2081,1758,1734,4.8,5,4.104166666666667,19.7
치지직,에르리안,1814.8,2364,2286,1069,18.5,4,2.6216216216216215,48.5
치지직,플시,1815.2,1834,2096,1525,8.4,6,3.0476190476190474,25.6
치지직,김 파,1816.4,1656,1593,2120,2.5,7,4.72,11.8
치지직,핑비,1818,1656,1810,1907,4,7,3.95,15.8
치지직,로 뽕쥬,1818.2,2081,2251,1254,13.5,5,2.7037037037037037,36.5
치지직,현찬,1819.6,1834,1868,1764,5.1,6,3.764705882352941,19.2
치지직,해콩 HAEKONG,1820.4,1834,1621,2013,2.9,6,4.620689655172414,13.4
치지직,볼라로,1821.6,1656,2382,1344,13.8,7,2.3768115942028984,32.8
치지직,덕구는월월,1822,1834,1807,1831,4.4,6,3.9545454545454546,17.4
치지직,한지유,1822.8,1656,1485,2244,1.9,7,5.157894736842105,9.8
치지직,유냥 YouNyang,1824,1834,1837,1806,4.7,6,3.872340425531915,18.2
씨미,우루,1826.2,1475,1815,2013,3.4,8,3.9411764705882355,13.4
치지직,포도다,1827.2,1834,2333,1318,13.6,6,2.485294117647059,33.8
치지직,도민이,1827.8,1475,1287,2545,1,8,6.3,6.3
SOOP,코타스,1827.8,2081,1713,1816,4.2,5,4.261904761904762,17.9
치지직,yunjang,1828.8,1834,2339,1316,13.7,6,2.4744525547445257,33.9
치지직,종합게임 금쪽이,1831.2,1656,1931,1819,5,7,3.56,17.8
치지직,아나요,1831.2,1834,1900,1761,5.3,6,3.641509433962264,19.3
치지직,오저씨TV,1831.6,1656,2045,1706,6.4,7,3.21875,20.6
치지직,겜토 GamTo,1832,1834,2561,1102,23.1,6,2.0086580086580086,46.4
치지직,모아루루루,1833,1337,1209,2705,0.7,9,6.857142857142857,4.8
치지직,중터,1835.8,2081,1693,1856,3.9,5,4.333333333333333,16.9
치지직,다이코오와 유우쨩,1836.2,2081,2250,1300,12.7,5,2.7086614173228347,34.4
치지직,모카푸,1837.4,1475,1665,2191,2.4,8,4.458333333333333,10.7
치지직,소닉워터,1840.8,1834,2377,1308,14.3,6,2.3916083916083917,34.2
치지직,뀨 짱,1841.2,1144,846,3185,0.1,11,11,1.1
치지직,초코비비,1842.8,1656,1686,2093,2.8,7,4.357142857142857,12.2
치지직,채닝닝,1843.6,1834,2192,1500,9.3,6,2.860215053763441,26.6
SOOP,전타키,1844,1834,1562,2131,2.4,6,4.833333333333333,11.6
치지직,분홍방패,1845.2,1834,1687,2009,3.1,6,4.354838709677419,13.5
치지직,오끼냥이,1846.4,1834,2057,1642,7,6,3.1857142857142855,22.3
치지직,남파카,1846.6,1475,1870,2009,3.6,8,3.75,13.5
치지직,푸나,1847.6,1834,1738,1964,3.5,6,4.171428571428572,14.6
치지직,정형재,1848.4,1834,1660,2044,2.9,6,4.482758620689655,13
치지직,댕거,1849.2,1834,2334,1372,12.8,6,2.484375,31.8
치지직,흰령,1849.6,1834,1860,1847,4.5,6,3.8,17.1
치지직,현 디아 Hyun DIA,1850,1834,2187,1521,9,6,2.8666666666666667,25.8
치지직,장트러블,1850,1236,1269,2738,0.7,10,6.428571428571429,4.5
치지직,유청,1852,1834,1779,1934,3.8,6,4.026315789473684,15.3
치지직,차백 Chabaek,1852,1656,1402,2400,1.4,7,5.571428571428571,7.8
치지직,미나밍,1852,1236,946,3066,0.2,10,9.5,1.9
치지직,탱키,1852.8,1656,1778,2026,3.3,7,4.03030303030303,13.3
치지직,진 유 JIN U,1854.2,1337,2360,1607,9.5,9,2.431578947368421,23.1
치지직,듣말스,1855.6,1834,1903,1819,4.9,6,3.63265306122449,17.8
치지직,람쥐01,1855.6,1656,2620,1191,20.3,7,1.9605911330049262,39.8
치지직,샤 드,1855.6,1656,2450,1361,14.3,7,2.2447552447552446,32.1
치지직,데브애츄 DevAechu,1856,1834,1519,2204,2.1,6,5,10.5
치지직,라스투스 Lastus,1856,2364,2232,1226,13.8,4,2.746376811594203,37.9
치지직,유하토,1856.6,2081,2196,1405,10.7,5,2.850467289719626,30.5
치지직,위대한호야,1859.4,2081,1962,1646,6.4,5,3.46875,22.2
치지직,윤 이월,1859.6,1656,1444,2377,1.5,7,5.333333333333333,8
치지직,평온히,1859.8,1475,1644,2268,2.1,8,4.523809523809524,9.5
치지직,꼰쮸나,1860,1656,1498,2324,1.7,7,5.117647058823529,8.7
치지직,윤머랭 Yun Meringue,1861,2081,1870,1742,5.2,5,3.75,19.5
치지직,DamGmZil,1862,1656,1477,2350,1.6,7,5.1875,8.3
치지직,블라디미르푸틴,1863.2,1834,2612,1129,22.2,6,1.9774774774774775,43.9
치지직,유우코쨩,1863.6,1656,2346,1485,11,7,2.463636363636364,27.1
치지직,호엥엥,1863.6,1656,1646,2185,2.4,7,4.5,10.8
치지직,박정현임,1865,1475,1565,2360,1.7,8,4.823529411764706,8.2
치지직,하나둘샛별해달,1865.6,1834,2034,1713,6.3,6,3.238095238095238,20.4
치지직,하크Hark,1866,1834,1597,2151,2.4,6,4.708333333333333,11.3
치지직,호두킹 HODOKING,1866.8,1834,1831,1919,4,6,3.9,15.6
치지직,화 릴,1867.4,1337,1029,2971,0.3,9,8.666666666666666,2.6
치지직,혜노,1867.4,2081,2152,1476,9.4,5,2.9361702127659575,27.6
치지직,팔 량,1867.6,1656,1939,1902,4.5,7,3.533333333333333,15.9
치지직,아네미네,1868,1834,1450,2303,1.7,6,5.294117647058823,9
치지직,l전설l,1869.6,1834,2711,1046,29,6,1.7206896551724138,49.9
치지직,한국백호,1872.8,1656,2351,1503,10.8,7,2.4537037037037037,26.5
치지직,비암뱜,1873,2081,2010,1632,6.8,5,3.323529411764706,22.6
치지직,한 서림,1873.6,1656,1665,2191,2.4,7,4.458333333333333,10.7
치지직,봄 수,1874,1236,1676,2391,1.8,10,4.388888888888889,7.9
치지직,유키네코 YUKINEKO,1874.4,1656,2283,1575,9.1,7,2.6263736263736264,23.9
치지직,김홀앵,1874.4,1834,2056,1713,6.4,6,3.1875,20.4
치지직,VANYAㅣ바냐,1874.4,1834,1743,2026,3.2,6,4.15625,13.3
치지직,하루 님,1875.6,1834,1668,2104,2.7,6,4.444444444444445,12
씨미,고계말,1878.6,1475,1323,2636,0.9,8,6,5.4
치지직,강피읖,1879.4,1475,1926,2035,3.7,8,3.5675675675675675,13.2
치지직,청도화,1879.6,1656,1471,2400,1.5,7,5.2,7.8
치지직,솜킴,1879.8,2081,2082,1577,7.7,5,3.090909090909091,23.8
치지직,다롱 Darong,1880.8,1656,1344,2530,1.1,7,5.909090909090909,6.5
치지직,뭐하냐111,1881.4,1061,1870,2303,2.4,12,3.75,9
SOOP,규지니야,1881.6,1656,1511,2365,1.6,7,5.0625,8.1
치지직,유바리 킹 멜론,1881.8,1337,1054,2982,0.3,9,8.333333333333334,2.5
치지직,키요이 히메,1884.2,2081,2297,1373,12.3,5,2.5772357723577235,31.7
치지직,인제쿠닌 김은하,1884.6,1475,1543,2431,1.5,8,4.933333333333334,7.4
치지직,비벙ㅋ,1885,2081,2560,1112,22.2,5,2.009009009009009,44.6
치지직,영길이e,1886,1656,1389,2498,1.2,7,5.666666666666667,6.8
치지직,염전꽃,1886.2,2081,2238,1437,10.7,5,2.7289719626168223,29.2
치지직,나민지,1886.4,1656,2159,1729,6.8,7,2.911764705882353,19.8
치지직,김칸타,1887.4,1337,1455,2595,1.1,9,5.2727272727272725,5.8
치지직,백이혁,1888.4,1656,1880,2013,3.6,7,3.7222222222222223,13.4
SOOP,FrankSiracha,1888.6,2081,2175,1506,9.1,5,2.89010989010989,26.3
치지직,임튜게,1893.2,1834,2479,1337,15.1,6,2.19205298013245,33.1
치지직,나무챠,1893.2,1834,2276,1540,9.5,6,2.642105263157895,25.1
치지직,콩두유,1894,1656,1747,2160,2.7,7,4.148148148148148,11.2
SOOP,아이랑_,1895.2,1834,1444,2377,1.5,6,5.333333333333333,8
치지직,욤밤바,1895.2,1834,1693,2128,2.7,6,4.333333333333333,11.7
치지직,여도필,1895.8,2081,2436,1263,15.9,5,2.270440251572327,36.1
치지직,나로INTJ,1896.2,1475,1612,2391,1.7,8,4.647058823529412,7.9
치지직,에스테리,1896.6,2081,2051,1650,6.9,5,3.2028985507246377,22.1
치지직,에몽언니,1897.8,1475,1269,2738,0.7,8,6.428571428571429,4.5
SOOP,빛단아,1898.8,2364,2060,1505,8.3,4,3.180722891566265,26.4
SOOP,후안백작,1899,2081,1819,1888,4.1,5,3.926829268292683,16.1
치지직,앙레베띠,1899.4,1475,1646,2365,1.8,8,4.5,8.1
치지직,하미르,1899.4,1475,1646,2365,1.8,8,4.5,8.1
치지직,삼사마,1899.8,1475,1709,2303,2.1,8,4.285714285714286,9
치지직,나싱미,1901.2,1656,1565,2360,1.7,7,4.823529411764706,8.2
SOOP,말남♂,1901.6,2364,1940,1632,6.4,4,3.53125,22.6
치지직,강여우,1902.6,2081,2188,1528,8.9,5,2.865168539325843,25.5
치지직,미카 노미카,1904,1834,2137,1706,6.9,6,2.9855072463768115,20.6
치지직,김쿠엔,1904.8,1656,1636,2298,2,7,4.55,9.1
치지직,B급 건축가,1904.8,1656,1617,2317,1.9,7,4.631578947368421,8.8
치지직,봄은언제오나요,1905.2,1834,2068,1778,6,6,3.15,18.9
치지직,와와씨,1905.2,1834,1761,2085,3,6,4.1,12.3
치지직,고담탐 GoDamTam,1905.4,2081,2540,1183,19.6,5,2.056122448979592,40.3
치지직,poi206057,1908,1834,2246,1607,8.5,6,2.7176470588235295,23.1
치지직,빼로미,1908.6,2081,2423,1308,14.9,5,2.295302013422819,34.2
치지직,조또아님,1909.2,1834,2320,1536,10.1,6,2.504950495049505,25.3
치지직,징이P,1910,1834,1856,2002,3.6,6,3.8055555555555554,13.7
치지직,주스 Juice,1910.8,1656,1646,2303,2,7,4.5,9
씨미,희빻이,1911,1475,1291,2749,0.7,8,6.285714285714286,4.4
SOOP,황호진,1911.6,1656,1279,2672,0.8,7,6.375,5.1
치지직,어드벤 ADVEN,1911.6,1656,1741,2210,2.5,7,4.16,10.4
치지직,유판,1912.8,1834,2066,1799,5.8,6,3.1551724137931036,18.3
치지직,라몬,1913.2,1834,2092,1774,6.2,6,3.064516129032258,19
치지직,연막봇,1913.4,2081,2086,1657,7.1,5,3.084507042253521,21.9
SOOP,진스루.,1914.4,2364,1919,1685,5.9,4,3.593220338983051,21.2
치지직,만보긔,1915.2,1834,2449,1422,13.3,6,2.2481203007518795,29.9
치지직,루트비,1915.6,1834,1999,1873,4.9,6,3.3469387755102042,16.4
치지직,텐류TenRyu,1916.4,1834,1777,2097,3,6,4.033333333333333,12.1
치지직,초련쌤,1917.6,1656,2174,1792,6.4,7,2.890625,18.5
치지직,니냥0123,1918,1834,2764,1114,27.5,6,1.6181818181818182,44.5
치지직,초아르몽,1918.2,2081,2302,1453,11.1,5,2.5675675675675675,28.5
치지직,양선지,1918.6,1475,1864,2195,2.8,8,3.7857142857142856,10.6
치지직,쿠마TV,1919.2,1834,2671,1210,21.1,6,1.8293838862559242,38.6
치지직,우에노 소이,1920,1656,1508,2464,1.4,7,5.071428571428571,7.1
치지직,김새하,1921.2,1834,1860,2026,3.5,6,3.8,13.3
치지직,서모리,1923,2081,1768,1999,3.4,5,4.0588235294117645,13.8
치지직,킴달빛,1924,1834,2532,1361,15.5,6,2.0709677419354837,32.1
치지직,드빌,1924,1834,1959,1934,4.4,6,3.477272727272727,15.3
치지직,감나무우,1924.4,1834,1719,2175,2.6,6,4.230769230769231,11
치지직,김토니 Kimtony,1926.4,1656,2001,1987,4.2,7,3.3333333333333335,14
치지직,창현2,1926.8,1236,1922,2277,2.6,10,3.576923076923077,9.3
치지직,자쪽,1929.6,1656,1737,2259,2.3,7,4.173913043478261,9.6
SOOP,나고님,1929.6,2364,2015,1627,6.9,4,3.289855072463768,22.7
치지직,밀밭o,1930.4,1656,1421,2577,1.1,7,5.454545454545454,6
치지직,찹쌀귤,1930.8,1656,1722,2277,2.2,7,4.2272727272727275,9.3
SOOP,크리스오,1931.6,2364,2542,1105,22.2,4,2.054054054054054,45.6
치지직,한벼링,1932.2,2081,2201,1589,8.3,5,2.8313253012048194,23.5
치지직,삐 뇽,1932.4,1656,1351,2652,0.9,7,5.888888888888889,5.3
치지직,디오 Dio,1933.8,2081,2345,1449,11.6,5,2.4655172413793105,28.6
치지직,ㅣ제리코ㅣ,1934,2364,2400,1253,15.6,4,2.3461538461538463,36.6
치지직,맘스땃쥐애호가,1936.6,1475,1727,2377,1.9,8,4.2105263157894735,8
치지직,동준인대영,1936.8,1834,1565,2360,1.7,6,4.823529411764706,8.2
치지직,다소니DaSoNi,1936.8,1656,1934,2080,3.5,7,3.5428571428571427,12.4
SOOP,김만섭999,1937.2,2364,1900,1761,5.3,4,3.641509433962264,19.3
치지직,네므오,1937.2,1656,1820,2195,2.7,7,3.925925925925926,10.6
치지직,키릭스,1940,1834,1848,2085,3.2,6,3.84375,12.3
치지직,팽두,1940.2,1475,1836,2277,2.4,8,3.875,9.3
치지직,누제스 봇,1940.8,1656,2313,1711,8.1,7,2.5308641975308643,20.5
치지직,옥토킹,1944.4,2364,2160,1519,8.9,4,2.9101123595505616,25.9
치지직,장송의쉐이아,1944.4,1834,1784,2160,2.8,6,4,11.2
치지직,울룰룰룰루,1945.2,1834,2027,1919,4.8,6,3.25,15.6
치지직,아모크 amock82,1946,1834,2195,1753,6.8,6,2.8529411764705883,19.4
SOOP,구팔칠,1946.8,2364,1898,1787,5.1,4,3.6470588235294117,18.6
치지직,FrankSriracha,1947.4,2081,2279,1549,9.4,5,2.6382978723404253,24.8
치지직,릴리나봉,1948.4,1834,1941,2013,3.8,6,3.526315789473684,13.4
치지직,락우,1948.4,1834,2248,1706,7.6,6,2.710526315789474,20.6